-- MySQL dump 10.13  Distrib 5.1.37, for debian-linux-gnu (x86_64)
--
-- Host: localhost    Database: beh
-- ------------------------------------------------------
-- Server version	5.1.37-1ubuntu5.5

/*!40101 SET @OLD_CHARACTER_SET_CLIENT=@@CHARACTER_SET_CLIENT */;
/*!40101 SET @OLD_CHARACTER_SET_RESULTS=@@CHARACTER_SET_RESULTS */;
/*!40101 SET @OLD_COLLATION_CONNECTION=@@COLLATION_CONNECTION */;
/*!40101 SET NAMES utf8 */;
/*!40103 SET @OLD_TIME_ZONE=@@TIME_ZONE */;
/*!40103 SET TIME_ZONE='+00:00' */;
/*!40014 SET @OLD_UNIQUE_CHECKS=@@UNIQUE_CHECKS, UNIQUE_CHECKS=0 */;
/*!40014 SET @OLD_FOREIGN_KEY_CHECKS=@@FOREIGN_KEY_CHECKS, FOREIGN_KEY_CHECKS=0 */;
/*!40101 SET @OLD_SQL_MODE=@@SQL_MODE, SQL_MODE='NO_AUTO_VALUE_ON_ZERO' */;
/*!40111 SET @OLD_SQL_NOTES=@@SQL_NOTES, SQL_NOTES=0 */;

--
-- Table structure for table `auth_group`
--

DROP TABLE IF EXISTS `auth_group`;
/*!40101 SET @saved_cs_client     = @@character_set_client */;
/*!40101 SET character_set_client = utf8 */;
CREATE TABLE `auth_group` (
  `id` int(11) NOT NULL AUTO_INCREMENT,
  `name` varchar(80) NOT NULL,
  PRIMARY KEY (`id`),
  UNIQUE KEY `name` (`name`)
) ENGINE=MyISAM DEFAULT CHARSET=latin1;
/*!40101 SET character_set_client = @saved_cs_client */;

--
-- Dumping data for table `auth_group`
--

LOCK TABLES `auth_group` WRITE;
/*!40000 ALTER TABLE `auth_group` DISABLE KEYS */;
/*!40000 ALTER TABLE `auth_group` ENABLE KEYS */;
UNLOCK TABLES;

--
-- Table structure for table `auth_group_permissions`
--

DROP TABLE IF EXISTS `auth_group_permissions`;
/*!40101 SET @saved_cs_client     = @@character_set_client */;
/*!40101 SET character_set_client = utf8 */;
CREATE TABLE `auth_group_permissions` (
  `id` int(11) NOT NULL AUTO_INCREMENT,
  `group_id` int(11) NOT NULL,
  `permission_id` int(11) NOT NULL,
  PRIMARY KEY (`id`),
  UNIQUE KEY `group_id` (`group_id`,`permission_id`),
  KEY `auth_group_permissions_bda51c3c` (`group_id`),
  KEY `auth_group_permissions_1e014c8f` (`permission_id`)
) ENGINE=MyISAM DEFAULT CHARSET=latin1;
/*!40101 SET character_set_client = @saved_cs_client */;

--
-- Dumping data for table `auth_group_permissions`
--

LOCK TABLES `auth_group_permissions` WRITE;
/*!40000 ALTER TABLE `auth_group_permissions` DISABLE KEYS */;
/*!40000 ALTER TABLE `auth_group_permissions` ENABLE KEYS */;
UNLOCK TABLES;

--
-- Table structure for table `auth_message`
--

DROP TABLE IF EXISTS `auth_message`;
/*!40101 SET @saved_cs_client     = @@character_set_client */;
/*!40101 SET character_set_client = utf8 */;
CREATE TABLE `auth_message` (
  `id` int(11) NOT NULL AUTO_INCREMENT,
  `user_id` int(11) NOT NULL,
  `message` longtext NOT NULL,
  PRIMARY KEY (`id`),
  KEY `auth_message_fbfc09f1` (`user_id`)
) ENGINE=MyISAM DEFAULT CHARSET=latin1;
/*!40101 SET character_set_client = @saved_cs_client */;

--
-- Dumping data for table `auth_message`
--

LOCK TABLES `auth_message` WRITE;
/*!40000 ALTER TABLE `auth_message` DISABLE KEYS */;
/*!40000 ALTER TABLE `auth_message` ENABLE KEYS */;
UNLOCK TABLES;

--
-- Table structure for table `auth_permission`
--

DROP TABLE IF EXISTS `auth_permission`;
/*!40101 SET @saved_cs_client     = @@character_set_client */;
/*!40101 SET character_set_client = utf8 */;
CREATE TABLE `auth_permission` (
  `id` int(11) NOT NULL AUTO_INCREMENT,
  `name` varchar(50) NOT NULL,
  `content_type_id` int(11) NOT NULL,
  `codename` varchar(100) NOT NULL,
  PRIMARY KEY (`id`),
  UNIQUE KEY `content_type_id` (`content_type_id`,`codename`),
  KEY `auth_permission_e4470c6e` (`content_type_id`)
) ENGINE=MyISAM AUTO_INCREMENT=64 DEFAULT CHARSET=latin1;
/*!40101 SET character_set_client = @saved_cs_client */;

--
-- Dumping data for table `auth_permission`
--

LOCK TABLES `auth_permission` WRITE;
/*!40000 ALTER TABLE `auth_permission` DISABLE KEYS */;
INSERT INTO `auth_permission` VALUES (1,'Can add permission',1,'add_permission'),(2,'Can change permission',1,'change_permission'),(3,'Can delete permission',1,'delete_permission'),(4,'Can add group',2,'add_group'),(5,'Can change group',2,'change_group'),(6,'Can delete group',2,'delete_group'),(7,'Can add user',3,'add_user'),(8,'Can change user',3,'change_user'),(9,'Can delete user',3,'delete_user'),(10,'Can add message',4,'add_message'),(11,'Can change message',4,'change_message'),(12,'Can delete message',4,'delete_message'),(13,'Can add content type',5,'add_contenttype'),(14,'Can change content type',5,'change_contenttype'),(15,'Can delete content type',5,'delete_contenttype'),(16,'Can add session',6,'add_session'),(17,'Can change session',6,'change_session'),(18,'Can delete session',6,'delete_session'),(19,'Can add site',7,'add_site'),(20,'Can change site',7,'change_site'),(21,'Can delete site',7,'delete_site'),(22,'Can add log entry',8,'add_logentry'),(23,'Can change log entry',8,'change_logentry'),(24,'Can delete log entry',8,'delete_logentry'),(25,'Can add rating type',9,'add_ratingtype'),(26,'Can change rating type',9,'change_ratingtype'),(27,'Can delete rating type',9,'delete_ratingtype'),(28,'Can add category',10,'add_category'),(29,'Can change category',10,'change_category'),(30,'Can delete category',10,'delete_category'),(31,'Can add item',11,'add_item'),(32,'Can change item',11,'change_item'),(33,'Can delete item',11,'delete_item'),(34,'Can add module',12,'add_module'),(35,'Can change module',12,'change_module'),(36,'Can delete module',12,'delete_module'),(37,'Can add project',13,'add_project'),(38,'Can change project',13,'change_project'),(39,'Can delete project',13,'delete_project'),(40,'Can add study',14,'add_study'),(41,'Can change study',14,'change_study'),(42,'Can delete study',14,'delete_study'),(43,'Can add segment',15,'add_segment'),(44,'Can change segment',15,'change_segment'),(45,'Can delete segment',15,'delete_segment'),(46,'Can add step',16,'add_step'),(47,'Can change step',16,'change_step'),(48,'Can delete step',16,'delete_step'),(49,'Can add rating task',17,'add_ratingtask'),(50,'Can change rating task',17,'change_ratingtask'),(51,'Can delete rating task',17,'delete_ratingtask'),(52,'Can add boolean rating',18,'add_booleanrating'),(53,'Can change boolean rating',18,'change_booleanrating'),(54,'Can delete boolean rating',18,'delete_booleanrating'),(55,'Can add category rating',19,'add_categoryrating'),(56,'Can change category rating',19,'change_categoryrating'),(57,'Can delete category rating',19,'delete_categoryrating'),(58,'Can add count rating',20,'add_countrating'),(59,'Can change count rating',20,'change_countrating'),(60,'Can delete count rating',20,'delete_countrating'),(61,'Can add free form rating',21,'add_freeformrating'),(62,'Can change free form rating',21,'change_freeformrating'),(63,'Can delete free form rating',21,'delete_freeformrating');
/*!40000 ALTER TABLE `auth_permission` ENABLE KEYS */;
UNLOCK TABLES;

--
-- Table structure for table `auth_user`
--

DROP TABLE IF EXISTS `auth_user`;
/*!40101 SET @saved_cs_client     = @@character_set_client */;
/*!40101 SET character_set_client = utf8 */;
CREATE TABLE `auth_user` (
  `id` int(11) NOT NULL AUTO_INCREMENT,
  `username` varchar(30) NOT NULL,
  `first_name` varchar(30) NOT NULL,
  `last_name` varchar(30) NOT NULL,
  `email` varchar(75) NOT NULL,
  `password` varchar(128) NOT NULL,
  `is_staff` tinyint(1) NOT NULL,
  `is_active` tinyint(1) NOT NULL,
  `is_superuser` tinyint(1) NOT NULL,
  `last_login` datetime NOT NULL,
  `date_joined` datetime NOT NULL,
  PRIMARY KEY (`id`),
  UNIQUE KEY `username` (`username`)
) ENGINE=MyISAM AUTO_INCREMENT=10 DEFAULT CHARSET=latin1;
/*!40101 SET character_set_client = @saved_cs_client */;

--
-- Dumping data for table `auth_user`
--

LOCK TABLES `auth_user` WRITE;
/*!40000 ALTER TABLE `auth_user` DISABLE KEYS */;
INSERT INTO `auth_user` VALUES (1,'dictator','','','sjm2186@columbia.edu','sha1$c7dd1$70c9ee56fd855e7f8137f55853708a2faf1c4c5f',1,1,1,'2011-03-23 17:41:11','2011-01-20 20:42:08'),(2,'rater','','','','sha1$ca3f6$a404b535ae657b5459db22b97a77a9607f275ddd',0,1,0,'2011-03-23 17:41:19','2011-01-20 22:12:19'),(3,'second_rater','Second','Rater','second_rater@bogus.net','sha1$ae077$b08406d9e8bff7e0e100605f8c8d19e172f147db',0,1,0,'2011-03-04 13:12:40','2011-03-04 13:11:03'),(4,'smooney','Steve','Mooney','sjm2186@columbia.edu','sha1$d131d$9421fa7f0c4f138eb00a96ead0bd52c8caac66f0',1,1,1,'2011-03-23 13:26:07','2011-03-04 13:25:17'),(5,'captain_britain','Andrew','Rundle','agr3@columbia.edu','sha1$0adc3$df7a109ee3d1e24382629cd33be693ad6fdb1faa',1,1,1,'2011-03-10 10:25:54','2011-03-04 13:29:33'),(6,'julien','Julien','Teitler','jot8@columbia.edu','sha1$4fec0$487e748dedee0dba8af14bf50d1b4d95d10c0a9c',1,1,1,'2011-03-04 13:36:14','2011-03-04 13:32:09'),(7,'kathy','Kathryn','Neckerman','k.neckerman@gmail.com','sha1$b3689$e82eaf7b7d7ab04f3b878af1bcd0d8a408676fbd',1,1,1,'2011-03-23 16:38:36','2011-03-04 13:33:21'),(8,'mike','Michael','Bader','mbader@wharton.upenn.edu','sha1$dc5e2$15f01bd3259efbf51081a5357d7436695fa96749',1,1,1,'2011-03-04 13:35:47','2011-03-04 13:34:05'),(9,'yeonjin','YeonJin','Lee','yl2482@columbia.edu','sha1$60bbb$ff0a9713b8e4ae7e0b0b6e4f38621a62c5b23ae2',1,1,1,'2011-03-04 13:35:34','2011-03-04 13:34:46');
/*!40000 ALTER TABLE `auth_user` ENABLE KEYS */;
UNLOCK TABLES;

--
-- Table structure for table `auth_user_groups`
--

DROP TABLE IF EXISTS `auth_user_groups`;
/*!40101 SET @saved_cs_client     = @@character_set_client */;
/*!40101 SET character_set_client = utf8 */;
CREATE TABLE `auth_user_groups` (
  `id` int(11) NOT NULL AUTO_INCREMENT,
  `user_id` int(11) NOT NULL,
  `group_id` int(11) NOT NULL,
  PRIMARY KEY (`id`),
  UNIQUE KEY `user_id` (`user_id`,`group_id`),
  KEY `auth_user_groups_fbfc09f1` (`user_id`),
  KEY `auth_user_groups_bda51c3c` (`group_id`)
) ENGINE=MyISAM DEFAULT CHARSET=latin1;
/*!40101 SET character_set_client = @saved_cs_client */;

--
-- Dumping data for table `auth_user_groups`
--

LOCK TABLES `auth_user_groups` WRITE;
/*!40000 ALTER TABLE `auth_user_groups` DISABLE KEYS */;
/*!40000 ALTER TABLE `auth_user_groups` ENABLE KEYS */;
UNLOCK TABLES;

--
-- Table structure for table `auth_user_user_permissions`
--

DROP TABLE IF EXISTS `auth_user_user_permissions`;
/*!40101 SET @saved_cs_client     = @@character_set_client */;
/*!40101 SET character_set_client = utf8 */;
CREATE TABLE `auth_user_user_permissions` (
  `id` int(11) NOT NULL AUTO_INCREMENT,
  `user_id` int(11) NOT NULL,
  `permission_id` int(11) NOT NULL,
  PRIMARY KEY (`id`),
  UNIQUE KEY `user_id` (`user_id`,`permission_id`),
  KEY `auth_user_user_permissions_fbfc09f1` (`user_id`),
  KEY `auth_user_user_permissions_1e014c8f` (`permission_id`)
) ENGINE=MyISAM DEFAULT CHARSET=latin1;
/*!40101 SET character_set_client = @saved_cs_client */;

--
-- Dumping data for table `auth_user_user_permissions`
--

LOCK TABLES `auth_user_user_permissions` WRITE;
/*!40000 ALTER TABLE `auth_user_user_permissions` DISABLE KEYS */;
/*!40000 ALTER TABLE `auth_user_user_permissions` ENABLE KEYS */;
UNLOCK TABLES;

--
-- Table structure for table `django_admin_log`
--

DROP TABLE IF EXISTS `django_admin_log`;
/*!40101 SET @saved_cs_client     = @@character_set_client */;
/*!40101 SET character_set_client = utf8 */;
CREATE TABLE `django_admin_log` (
  `id` int(11) NOT NULL AUTO_INCREMENT,
  `action_time` datetime NOT NULL,
  `user_id` int(11) NOT NULL,
  `content_type_id` int(11) DEFAULT NULL,
  `object_id` longtext,
  `object_repr` varchar(200) NOT NULL,
  `action_flag` smallint(5) unsigned NOT NULL,
  `change_message` longtext NOT NULL,
  PRIMARY KEY (`id`),
  KEY `django_admin_log_fbfc09f1` (`user_id`),
  KEY `django_admin_log_e4470c6e` (`content_type_id`)
) ENGINE=MyISAM AUTO_INCREMENT=40 DEFAULT CHARSET=latin1;
/*!40101 SET character_set_client = @saved_cs_client */;

--
-- Dumping data for table `django_admin_log`
--

LOCK TABLES `django_admin_log` WRITE;
/*!40000 ALTER TABLE `django_admin_log` DISABLE KEYS */;
INSERT INTO `django_admin_log` VALUES (1,'2011-01-20 22:11:29',1,9,'1','boolean rating type',1,''),(2,'2011-01-20 22:11:53',1,11,'1','Pavement',1,''),(3,'2011-01-20 22:12:19',1,3,'2','rater',1,''),(4,'2011-01-20 22:12:55',1,12,'1','Sample Module (Pavement only)',1,''),(5,'2011-01-20 22:13:15',1,13,'1','Sample Project',1,''),(6,'2011-01-20 22:13:33',1,14,'1','Sample Study',1,''),(7,'2011-01-20 22:14:44',1,15,'1','(40.842617,-73.943004)->(40.842617,-73.943004)',1,''),(8,'2011-01-20 22:15:05',1,17,'1','RatingTask object',1,''),(9,'2011-01-21 17:18:35',1,11,'2','Buildings',1,''),(10,'2011-01-21 17:18:51',1,12,'1','Sample Module (Pavement only)',2,'Changed items.'),(11,'2011-01-21 20:13:01',1,11,'3','Cracks in sidewalk',1,''),(12,'2011-02-02 17:10:13',1,9,'1','True/False',1,''),(13,'2011-02-02 17:10:24',1,9,'2','Count',1,''),(14,'2011-02-02 17:10:53',1,11,'1','Trees',1,''),(15,'2011-02-02 17:11:21',1,11,'2','Pedestrians',1,''),(16,'2011-02-02 17:11:38',1,12,'1','Test Module',1,''),(17,'2011-02-02 17:12:13',1,13,'1','Sample Project',1,''),(18,'2011-02-02 17:12:32',1,14,'1','Sample Study',1,''),(19,'2011-02-02 17:13:35',1,15,'1','(40.842617,-73.943040)->(40.842617,-73.943040)',1,''),(20,'2011-02-02 17:13:53',1,17,'1','rater:(40.842617,-73.943040)->(40.842617,-73.943040)',1,''),(21,'2011-02-02 18:02:13',1,11,'3','Paved',1,''),(22,'2011-02-02 18:02:23',1,12,'1','Test Module',2,'Changed items.'),(23,'2011-02-02 18:05:08',1,15,'2','(40.810173,-73.958424)->(40.810173,-73.958424)',1,''),(24,'2011-02-02 18:06:01',1,17,'2','rater:(40.810173,-73.958424)->(40.810173,-73.958424)',1,''),(25,'2011-02-03 15:33:01',1,9,'1','Yes/No',1,''),(26,'2011-02-03 15:33:20',1,11,'1','Paved',1,''),(27,'2011-02-03 15:33:32',1,12,'1','Test Module',1,''),(28,'2011-02-03 15:34:02',1,13,'1','Simple Test Project',1,''),(29,'2011-02-03 15:34:15',1,14,'1','Simple Test Study',1,''),(30,'2011-02-03 15:34:31',1,15,'1','(40.842617,-73.943040)->(40.842617,-73.943040)',1,''),(31,'2011-02-03 15:34:45',1,17,'1','rater:(40.842617,-73.943040)->(40.842617,-73.943040)',1,''),(32,'2011-02-03 17:48:10',1,11,'2','Pedestrians',1,''),(33,'2011-02-03 17:48:49',1,12,'1','Test Module',2,'Changed items.'),(34,'2011-02-03 17:49:33',1,9,'2','Count',1,''),(35,'2011-02-03 17:49:53',1,11,'3','Tree Count',1,''),(36,'2011-02-03 17:51:04',1,12,'1','Test Module',2,'Changed items.'),(37,'2011-02-04 09:53:57',1,11,'4','fire hydrants',1,''),(38,'2011-02-04 09:54:22',1,12,'1','Test Module',2,'Changed items.'),(39,'2011-03-04 13:28:18',1,3,'4','smooney',2,'Changed password.');
/*!40000 ALTER TABLE `django_admin_log` ENABLE KEYS */;
UNLOCK TABLES;

--
-- Table structure for table `django_content_type`
--

DROP TABLE IF EXISTS `django_content_type`;
/*!40101 SET @saved_cs_client     = @@character_set_client */;
/*!40101 SET character_set_client = utf8 */;
CREATE TABLE `django_content_type` (
  `id` int(11) NOT NULL AUTO_INCREMENT,
  `name` varchar(100) NOT NULL,
  `app_label` varchar(100) NOT NULL,
  `model` varchar(100) NOT NULL,
  PRIMARY KEY (`id`),
  UNIQUE KEY `app_label` (`app_label`,`model`)
) ENGINE=MyISAM AUTO_INCREMENT=22 DEFAULT CHARSET=latin1;
/*!40101 SET character_set_client = @saved_cs_client */;

--
-- Dumping data for table `django_content_type`
--

LOCK TABLES `django_content_type` WRITE;
/*!40000 ALTER TABLE `django_content_type` DISABLE KEYS */;
INSERT INTO `django_content_type` VALUES (1,'permission','auth','permission'),(2,'group','auth','group'),(3,'user','auth','user'),(4,'message','auth','message'),(5,'content type','contenttypes','contenttype'),(6,'session','sessions','session'),(7,'site','sites','site'),(8,'log entry','admin','logentry'),(9,'rating type','ratestreets','ratingtype'),(10,'category','ratestreets','category'),(11,'item','ratestreets','item'),(12,'module','ratestreets','module'),(13,'project','ratestreets','project'),(14,'study','ratestreets','study'),(15,'segment','ratestreets','segment'),(16,'step','ratestreets','step'),(17,'rating task','ratestreets','ratingtask'),(18,'boolean rating','ratestreets','booleanrating'),(19,'category rating','ratestreets','categoryrating'),(20,'count rating','ratestreets','countrating'),(21,'free form rating','ratestreets','freeformrating');
/*!40000 ALTER TABLE `django_content_type` ENABLE KEYS */;
UNLOCK TABLES;

--
-- Table structure for table `django_session`
--

DROP TABLE IF EXISTS `django_session`;
/*!40101 SET @saved_cs_client     = @@character_set_client */;
/*!40101 SET character_set_client = utf8 */;
CREATE TABLE `django_session` (
  `session_key` varchar(40) NOT NULL,
  `session_data` longtext NOT NULL,
  `expire_date` datetime NOT NULL,
  PRIMARY KEY (`session_key`)
) ENGINE=MyISAM DEFAULT CHARSET=latin1;
/*!40101 SET character_set_client = @saved_cs_client */;

--
-- Dumping data for table `django_session`
--

LOCK TABLES `django_session` WRITE;
/*!40000 ALTER TABLE `django_session` DISABLE KEYS */;
INSERT INTO `django_session` VALUES ('908d265239c2bf20f1812045b75a5cd8','gAJ9cQEoVRJfYXV0aF91c2VyX2JhY2tlbmRxAlUpZGphbmdvLmNvbnRyaWIuYXV0aC5iYWNrZW5k\ncy5Nb2RlbEJhY2tlbmRxA1UNX2F1dGhfdXNlcl9pZHEEigECdS4wZGZkZDhkMzE4NjNiNzNhYWIz\nNzUwNjhhMGIwMzA0OQ==\n','2011-02-06 00:13:28'),('0f24c002458776e4ee9b27b5b0507208','gAJ9cQEoVRJfYXV0aF91c2VyX2JhY2tlbmRxAlUpZGphbmdvLmNvbnRyaWIuYXV0aC5iYWNrZW5k\ncy5Nb2RlbEJhY2tlbmRxA1UNX2F1dGhfdXNlcl9pZHEEigEBdS4xODZlNDI2MWVlZjA1Y2FkOTk4\nOTU4OWZlZWYwMDk2Yg==\n','2011-02-04 20:12:18'),('326070db2a9ef85f72d7d4cdf33b2f66','gAJ9cQEoVRJfYXV0aF91c2VyX2JhY2tlbmRxAlUpZGphbmdvLmNvbnRyaWIuYXV0aC5iYWNrZW5k\ncy5Nb2RlbEJhY2tlbmRxA1UNX2F1dGhfdXNlcl9pZHEEigEBdS4xODZlNDI2MWVlZjA1Y2FkOTk4\nOTU4OWZlZWYwMDk2Yg==\n','2011-02-04 19:30:28'),('7756cbf2b4a3557c004513564ea4a8be','gAJ9cQEoVRJfYXV0aF91c2VyX2JhY2tlbmRxAlUpZGphbmdvLmNvbnRyaWIuYXV0aC5iYWNrZW5k\ncy5Nb2RlbEJhY2tlbmRxA1UNX2F1dGhfdXNlcl9pZHEEigEBdS41YjU2ZWQ2ZDMyMmRlNTU3Yzlj\nYmI1NDJmZWZmMjk3Nw==\n','2011-02-18 09:52:51'),('8ac0c6bfed530f5090b1096033feff41','gAJ9cQEoVRJfYXV0aF91c2VyX2JhY2tlbmRxAlUpZGphbmdvLmNvbnRyaWIuYXV0aC5iYWNrZW5k\ncy5Nb2RlbEJhY2tlbmRxA1UNX2F1dGhfdXNlcl9pZHEEigECdS5hODg4ZDQ3YjRhMjg3NTM5OGQ4\nNjRiNDE1NTRlNjJjNw==\n','2011-03-04 16:14:18'),('819dd0e29e808272fc75b396ab3b6b31','gAJ9cQEoVRJfYXV0aF91c2VyX2JhY2tlbmRxAlUpZGphbmdvLmNvbnRyaWIuYXV0aC5iYWNrZW5k\ncy5Nb2RlbEJhY2tlbmRxA1UNX2F1dGhfdXNlcl9pZHEEigECdS5hODg4ZDQ3YjRhMjg3NTM5OGQ4\nNjRiNDE1NTRlNjJjNw==\n','2011-03-18 09:22:29'),('3e45c19fcdfc2e089fe9218cf78b7e7d','gAJ9cQEoVRJfYXV0aF91c2VyX2JhY2tlbmRxAlUpZGphbmdvLmNvbnRyaWIuYXV0aC5iYWNrZW5k\ncy5Nb2RlbEJhY2tlbmRxA1UNX2F1dGhfdXNlcl9pZHEEigECdS5hODg4ZDQ3YjRhMjg3NTM5OGQ4\nNjRiNDE1NTRlNjJjNw==\n','2011-03-16 16:40:37'),('e21ed2075fbf9ea59fc49d77f7fb3b24','gAJ9cQEuODE1OTRjZTM4NzE5ZDhkOWU4MjJlMzQ3YTUyN2VjMTU=\n','2011-02-18 14:38:40'),('c2ea1e3118fbe60e4ac46d63d5eccb72','gAJ9cQEoVRJfYXV0aF91c2VyX2JhY2tlbmRxAlUpZGphbmdvLmNvbnRyaWIuYXV0aC5iYWNrZW5k\ncy5Nb2RlbEJhY2tlbmRxA1UNX2F1dGhfdXNlcl9pZHEEigEBdS41YjU2ZWQ2ZDMyMmRlNTU3Yzlj\nYmI1NDJmZWZmMjk3Nw==\n','2011-03-04 14:26:04'),('9169b67e32fc2c5189e61c1b65531df4','gAJ9cQEoVRJfYXV0aF91c2VyX2JhY2tlbmRxAlUpZGphbmdvLmNvbnRyaWIuYXV0aC5iYWNrZW5k\ncy5Nb2RlbEJhY2tlbmRxA1UNX2F1dGhfdXNlcl9pZHEEigEBdS41YjU2ZWQ2ZDMyMmRlNTU3Yzlj\nYmI1NDJmZWZmMjk3Nw==\n','2011-03-03 11:25:22'),('2682de33f45ac6810aebed78691b45c1','gAJ9cQEoVRJfYXV0aF91c2VyX2JhY2tlbmRxAlUpZGphbmdvLmNvbnRyaWIuYXV0aC5iYWNrZW5k\ncy5Nb2RlbEJhY2tlbmRxA1UNX2F1dGhfdXNlcl9pZHEEigEBdS41YjU2ZWQ2ZDMyMmRlNTU3Yzlj\nYmI1NDJmZWZmMjk3Nw==\n','2011-03-04 14:26:46'),('a92fd8ee5ad784db83ef20ea3a193ab3','gAJ9cQEoVRJfYXV0aF91c2VyX2JhY2tlbmRxAlUpZGphbmdvLmNvbnRyaWIuYXV0aC5iYWNrZW5k\ncy5Nb2RlbEJhY2tlbmRxA1UNX2F1dGhfdXNlcl9pZHEEigECdS5hODg4ZDQ3YjRhMjg3NTM5OGQ4\nNjRiNDE1NTRlNjJjNw==\n','2011-03-18 09:59:29'),('7205156805e23bcd36236b16c5f60977','gAJ9cQFVCnRlc3Rjb29raWVxAlUGd29ya2VkcQNzLmIxZjc0N2VmOGJmYTFlZTZkMGQ3ZTE3Njg0\nNDM2ODky\n','2011-03-18 09:26:36'),('d6f1f8fdd6c0763340cd7a7984949627','gAJ9cQEoVRJfYXV0aF91c2VyX2JhY2tlbmRxAlUpZGphbmdvLmNvbnRyaWIuYXV0aC5iYWNrZW5k\ncy5Nb2RlbEJhY2tlbmRxA1UNX2F1dGhfdXNlcl9pZHEEigEFdS5kOTI3ODVlZDI0MDZlMzdkMzdi\nODYzNjA0ZGVmODI2Mw==\n','2011-03-24 10:25:54'),('fb789c9ac921028ebbe2c147663ab468','gAJ9cQEoVRJfYXV0aF91c2VyX2JhY2tlbmRxAlUpZGphbmdvLmNvbnRyaWIuYXV0aC5iYWNrZW5k\ncy5Nb2RlbEJhY2tlbmRxA1UNX2F1dGhfdXNlcl9pZHEEigEBdS41YjU2ZWQ2ZDMyMmRlNTU3Yzlj\nYmI1NDJmZWZmMjk3Nw==\n','2011-03-18 13:31:24'),('b966a161358b6267d2f2530ad32759b3','gAJ9cQEoVRJfYXV0aF91c2VyX2JhY2tlbmRxAlUpZGphbmdvLmNvbnRyaWIuYXV0aC5iYWNrZW5k\ncy5Nb2RlbEJhY2tlbmRxA1UNX2F1dGhfdXNlcl9pZHEEigECdS5hODg4ZDQ3YjRhMjg3NTM5OGQ4\nNjRiNDE1NTRlNjJjNw==\n','2011-04-06 17:41:19'),('058006b7741b8e5c9afd50713930a71f','gAJ9cQEoVRJfYXV0aF91c2VyX2JhY2tlbmRxAlUpZGphbmdvLmNvbnRyaWIuYXV0aC5iYWNrZW5k\ncy5Nb2RlbEJhY2tlbmRxA1UNX2F1dGhfdXNlcl9pZHEEigEHdS4yZjkwOTM4M2JlNDA4ZGNhYjZh\nZjhiOTA4NWMwMjFhMA==\n','2011-03-19 09:32:40'),('6f467d0b3629cf41041da2d87854b2e6','gAJ9cQEoVRJfYXV0aF91c2VyX2JhY2tlbmRxAlUpZGphbmdvLmNvbnRyaWIuYXV0aC5iYWNrZW5k\ncy5Nb2RlbEJhY2tlbmRxA1UNX2F1dGhfdXNlcl9pZHEEigEHdS4yZjkwOTM4M2JlNDA4ZGNhYjZh\nZjhiOTA4NWMwMjFhMA==\n','2011-04-06 16:37:20'),('9bbb2c3b63b92d138c5d33a73ea1adee','gAJ9cQEoVRJfYXV0aF91c2VyX2JhY2tlbmRxAlUpZGphbmdvLmNvbnRyaWIuYXV0aC5iYWNrZW5k\ncy5Nb2RlbEJhY2tlbmRxA1UNX2F1dGhfdXNlcl9pZHEEigEHdS4yZjkwOTM4M2JlNDA4ZGNhYjZh\nZjhiOTA4NWMwMjFhMA==\n','2011-04-06 16:38:36'),('f889b97d8230be8faa33c8edbc807070','gAJ9cQEoVRJfYXV0aF91c2VyX2JhY2tlbmRxAlUpZGphbmdvLmNvbnRyaWIuYXV0aC5iYWNrZW5k\ncy5Nb2RlbEJhY2tlbmRxA1UNX2F1dGhfdXNlcl9pZHEEigEEdS5mYzlhN2RlNTMyZmI0NjcwMGVh\nMmRiNmVjOGI4NzNkYg==\n','2011-04-06 13:26:07'),('f7a6d254b1b274354ac53d674ead868a','gAJ9cQEoVRJfYXV0aF91c2VyX2JhY2tlbmRxAlUpZGphbmdvLmNvbnRyaWIuYXV0aC5iYWNrZW5k\ncy5Nb2RlbEJhY2tlbmRxA1UNX2F1dGhfdXNlcl9pZHEEigEEdS5mYzlhN2RlNTMyZmI0NjcwMGVh\nMmRiNmVjOGI4NzNkYg==\n','2011-04-04 12:50:24');
/*!40000 ALTER TABLE `django_session` ENABLE KEYS */;
UNLOCK TABLES;

--
-- Table structure for table `django_site`
--

DROP TABLE IF EXISTS `django_site`;
/*!40101 SET @saved_cs_client     = @@character_set_client */;
/*!40101 SET character_set_client = utf8 */;
CREATE TABLE `django_site` (
  `id` int(11) NOT NULL AUTO_INCREMENT,
  `domain` varchar(100) NOT NULL,
  `name` varchar(50) NOT NULL,
  PRIMARY KEY (`id`)
) ENGINE=MyISAM AUTO_INCREMENT=2 DEFAULT CHARSET=latin1;
/*!40101 SET character_set_client = @saved_cs_client */;

--
-- Dumping data for table `django_site`
--

LOCK TABLES `django_site` WRITE;
/*!40000 ALTER TABLE `django_site` DISABLE KEYS */;
INSERT INTO `django_site` VALUES (1,'example.com','example.com');
/*!40000 ALTER TABLE `django_site` ENABLE KEYS */;
UNLOCK TABLES;

--
-- Table structure for table `ratestreets_booleanrating`
--

DROP TABLE IF EXISTS `ratestreets_booleanrating`;
/*!40101 SET @saved_cs_client     = @@character_set_client */;
/*!40101 SET character_set_client = utf8 */;
CREATE TABLE `ratestreets_booleanrating` (
  `id` int(11) NOT NULL AUTO_INCREMENT,
  `user_id` int(11) NOT NULL,
  `segment_id` int(11) NOT NULL,
  `item_id` int(11) NOT NULL,
  `created_at` datetime NOT NULL,
  `updated_at` datetime NOT NULL,
  `impediment` int(10) unsigned DEFAULT NULL,
  `rating` int(10) unsigned DEFAULT NULL,
  PRIMARY KEY (`id`),
  UNIQUE KEY `user_id` (`user_id`,`segment_id`,`item_id`),
  KEY `ratestreets_booleanrating_fbfc09f1` (`user_id`),
  KEY `ratestreets_booleanrating_c29afce8` (`segment_id`),
  KEY `ratestreets_booleanrating_67b70d25` (`item_id`)
) ENGINE=MyISAM DEFAULT CHARSET=latin1;
/*!40101 SET character_set_client = @saved_cs_client */;

--
-- Dumping data for table `ratestreets_booleanrating`
--

LOCK TABLES `ratestreets_booleanrating` WRITE;
/*!40000 ALTER TABLE `ratestreets_booleanrating` DISABLE KEYS */;
/*!40000 ALTER TABLE `ratestreets_booleanrating` ENABLE KEYS */;
UNLOCK TABLES;

--
-- Table structure for table `ratestreets_category`
--

DROP TABLE IF EXISTS `ratestreets_category`;
/*!40101 SET @saved_cs_client     = @@character_set_client */;
/*!40101 SET character_set_client = utf8 */;
CREATE TABLE `ratestreets_category` (
  `id` int(11) NOT NULL AUTO_INCREMENT,
  `name` varchar(64) NOT NULL,
  `description` varchar(256) NOT NULL,
  `db_value` int(10) unsigned NOT NULL,
  `created_at` datetime NOT NULL,
  `updated_at` datetime NOT NULL,
  PRIMARY KEY (`id`)
) ENGINE=MyISAM AUTO_INCREMENT=232 DEFAULT CHARSET=latin1;
/*!40101 SET character_set_client = @saved_cs_client */;

--
-- Dumping data for table `ratestreets_category`
--

LOCK TABLES `ratestreets_category` WRITE;
/*!40000 ALTER TABLE `ratestreets_category` DISABLE KEYS */;
INSERT INTO `ratestreets_category` VALUES (1,'3-way','3-way/4-way/5+ way/Traffic circle/Other type/Deadend but path continues/Segment ends-3-way',0,'2011-03-02 14:32:06','2011-03-02 14:32:06'),(2,'4-way','3-way/4-way/5+ way/Traffic circle/Other type/Deadend but path continues/Segment ends-4-way',1,'2011-03-02 14:32:06','2011-03-02 14:32:06'),(3,'5+ way','3-way/4-way/5+ way/Traffic circle/Other type/Deadend but path continues/Segment ends-5+ way',2,'2011-03-02 14:32:06','2011-03-02 14:32:06'),(4,'Traffic circle','3-way/4-way/5+ way/Traffic circle/Other type/Deadend but path continues/Segment ends-Traffic circle',3,'2011-03-02 14:32:06','2011-03-02 14:32:06'),(5,'Other type','3-way/4-way/5+ way/Traffic circle/Other type/Deadend but path continues/Segment ends-Other type',4,'2011-03-02 14:32:06','2011-03-02 14:32:06'),(6,'Deadend but path continues','3-way/4-way/5+ way/Traffic circle/Other type/Deadend but path continues/Segment ends-Deadend but path continues',5,'2011-03-02 14:32:06','2011-03-02 14:32:06'),(7,'Segment ends','3-way/4-way/5+ way/Traffic circle/Other type/Deadend but path continues/Segment ends-Segment ends',6,'2011-03-02 14:32:06','2011-03-02 14:32:06'),(8,'Traffic signal','Traffic signal/Stop sign/Yield sign/Multiple/None-Traffic signal',0,'2011-03-02 14:32:06','2011-03-02 14:32:06'),(9,'Stop sign','Traffic signal/Stop sign/Yield sign/Multiple/None-Stop sign',1,'2011-03-02 14:32:06','2011-03-02 14:32:06'),(10,'Yield sign','Traffic signal/Stop sign/Yield sign/Multiple/None-Yield sign',2,'2011-03-02 14:32:06','2011-03-02 14:32:06'),(11,'Multiple','Traffic signal/Stop sign/Yield sign/Multiple/None-Multiple',3,'2011-03-02 14:32:06','2011-03-02 14:32:06'),(12,'None','Traffic signal/Stop sign/Yield sign/Multiple/None-None',4,'2011-03-02 14:32:06','2011-03-02 14:32:06'),(13,'All','All/Some/None/Not applicable-All',0,'2011-03-02 14:32:06','2011-03-02 14:32:06'),(14,'Some','All/Some/None/Not applicable-Some',1,'2011-03-02 14:32:06','2011-03-02 14:32:06'),(15,'None','All/Some/None/Not applicable-None',2,'2011-03-02 14:32:06','2011-03-02 14:32:06'),(16,'Not applicable','All/Some/None/Not applicable-Not applicable',3,'2011-03-02 14:32:06','2011-03-02 14:32:06'),(17,'White painted lines','White painted lines/Colored painted lines/White zebra stripes/Colored zebra stripes/Different road surface/Other/Not marked at all-White painted lines',0,'2011-03-02 14:32:06','2011-03-02 14:32:06'),(18,'Colored painted lines','White painted lines/Colored painted lines/White zebra stripes/Colored zebra stripes/Different road surface/Other/Not marked at all-Colored painted lines',1,'2011-03-02 14:32:06','2011-03-02 14:32:06'),(19,'White zebra stripes','White painted lines/Colored painted lines/White zebra stripes/Colored zebra stripes/Different road surface/Other/Not marked at all-White zebra stripes',2,'2011-03-02 14:32:06','2011-03-02 14:32:06'),(20,'Colored zebra stripes','White painted lines/Colored painted lines/White zebra stripes/Colored zebra stripes/Different road surface/Other/Not marked at all-Colored zebra stripes',3,'2011-03-02 14:32:06','2011-03-02 14:32:06'),(21,'Different road surface','White painted lines/Colored painted lines/White zebra stripes/Colored zebra stripes/Different road surface/Other/Not marked at all-Different road surface',4,'2011-03-02 14:32:06','2011-03-02 14:32:06'),(22,'Other','White painted lines/Colored painted lines/White zebra stripes/Colored zebra stripes/Different road surface/Other/Not marked at all-Other',5,'2011-03-02 14:32:06','2011-03-02 14:32:06'),(23,'Not marked at all','White painted lines/Colored painted lines/White zebra stripes/Colored zebra stripes/Different road surface/Other/Not marked at all-Not marked at all',6,'2011-03-02 14:32:06','2011-03-02 14:32:06'),(24,'Yes','Yes/No-Yes',0,'2011-03-02 14:32:06','2011-03-02 14:32:06'),(25,'No','Yes/No-No',1,'2011-03-02 14:32:06','2011-03-02 14:32:06'),(26,'Low-volume road','Low-volume road/High-volume road/Alley/Bike or pedestrian path or street-Low-volume road',0,'2011-03-02 14:32:06','2011-03-02 14:32:06'),(27,'High-volume road','Low-volume road/High-volume road/Alley/Bike or pedestrian path or street-High-volume road',1,'2011-03-02 14:32:06','2011-03-02 14:32:06'),(28,'Alley','Low-volume road/High-volume road/Alley/Bike or pedestrian path or street-Alley',2,'2011-03-02 14:32:06','2011-03-02 14:32:06'),(29,'Bike or pedestrian path or street','Low-volume road/High-volume road/Alley/Bike or pedestrian path or street-Bike or pedestrian path or street',3,'2011-03-02 14:32:06','2011-03-02 14:32:06'),(30,'One-way','One-way/Two-way-One-way',0,'2011-03-02 14:32:06','2011-03-02 14:32:06'),(31,'Two-way','One-way/Two-way-Two-way',1,'2011-03-02 14:32:06','2011-03-02 14:32:06'),(32,'6+','6+/5/4/3/2/1/Not applicable-6+',0,'2011-03-02 14:32:06','2011-03-02 14:32:06'),(33,'5','6+/5/4/3/2/1/Not applicable-5',1,'2011-03-02 14:32:06','2011-03-02 14:32:06'),(34,'4','6+/5/4/3/2/1/Not applicable-4',2,'2011-03-02 14:32:06','2011-03-02 14:32:06'),(35,'3','6+/5/4/3/2/1/Not applicable-3',3,'2011-03-02 14:32:06','2011-03-02 14:32:06'),(36,'2','6+/5/4/3/2/1/Not applicable-2',4,'2011-03-02 14:32:06','2011-03-02 14:32:06'),(37,'1','6+/5/4/3/2/1/Not applicable-1',5,'2011-03-02 14:32:06','2011-03-02 14:32:06'),(38,'Not applicable','6+/5/4/3/2/1/Not applicable-Not applicable',6,'2011-03-02 14:32:06','2011-03-02 14:32:06'),(39,'Under an overpass','Under an overpass/Next to freeway/IS a freeway overpass/None of the above-Under an overpass',0,'2011-03-02 14:32:06','2011-03-02 14:32:06'),(40,'Next to freeway','Under an overpass/Next to freeway/IS a freeway overpass/None of the above-Next to freeway',1,'2011-03-02 14:32:06','2011-03-02 14:32:06'),(41,'IS a freeway overpass','Under an overpass/Next to freeway/IS a freeway overpass/None of the above-IS a freeway overpass',2,'2011-03-02 14:32:06','2011-03-02 14:32:06'),(42,'None of the above','Under an overpass/Next to freeway/IS a freeway overpass/None of the above-None of the above',3,'2011-03-02 14:32:06','2011-03-02 14:32:06'),(43,'Poor','Poor/Fair/Good/Under repair-Poor',0,'2011-03-02 14:32:06','2011-03-02 14:32:06'),(44,'Fair','Poor/Fair/Good/Under repair-Fair',1,'2011-03-02 14:32:06','2011-03-02 14:32:06'),(45,'Good','Poor/Fair/Good/Under repair-Good',2,'2011-03-02 14:32:06','2011-03-02 14:32:06'),(46,'Under repair','Poor/Fair/Good/Under repair-Under repair',3,'2011-03-02 14:32:06','2011-03-02 14:32:06'),(47,'15','15/20/25/30/35/40/45/50/55+/Not posted-15',0,'2011-03-02 14:32:06','2011-03-02 14:32:06'),(48,'20','15/20/25/30/35/40/45/50/55+/Not posted-20',1,'2011-03-02 14:32:06','2011-03-02 14:32:06'),(49,'25','15/20/25/30/35/40/45/50/55+/Not posted-25',2,'2011-03-02 14:32:06','2011-03-02 14:32:06'),(50,'30','15/20/25/30/35/40/45/50/55+/Not posted-30',3,'2011-03-02 14:32:06','2011-03-02 14:32:06'),(51,'35','15/20/25/30/35/40/45/50/55+/Not posted-35',4,'2011-03-02 14:32:06','2011-03-02 14:32:06'),(52,'40','15/20/25/30/35/40/45/50/55+/Not posted-40',5,'2011-03-02 14:32:06','2011-03-02 14:32:06'),(53,'45','15/20/25/30/35/40/45/50/55+/Not posted-45',6,'2011-03-02 14:32:06','2011-03-02 14:32:06'),(54,'50','15/20/25/30/35/40/45/50/55+/Not posted-50',7,'2011-03-02 14:32:06','2011-03-02 14:32:06'),(55,'55+','15/20/25/30/35/40/45/50/55+/Not posted-55+',8,'2011-03-02 14:32:06','2011-03-02 14:32:06'),(56,'Not posted','15/20/25/30/35/40/45/50/55+/Not posted-Not posted',9,'2011-03-02 14:32:06','2011-03-02 14:32:06'),(57,'Some or a lot','Some or a lot/Few/None-Some or a lot',0,'2011-03-02 14:32:06','2011-03-02 14:32:06'),(58,'Few','Some or a lot/Few/None-Few',1,'2011-03-02 14:32:06','2011-03-02 14:32:06'),(59,'None','Some or a lot/Few/None-None',2,'2011-03-02 14:32:06','2011-03-02 14:32:06'),(60,'Parallel','Parallel/Diagonal/None-Parallel',0,'2011-03-02 14:32:06','2011-03-02 14:32:06'),(61,'Diagonal','Parallel/Diagonal/None-Diagonal',1,'2011-03-02 14:32:06','2011-03-02 14:32:06'),(62,'None','Parallel/Diagonal/None-None',2,'2011-03-02 14:32:06','2011-03-02 14:32:06'),(63,'Parking','Parking/Varied/Not parking-other uses/Not applicable-no parking structure-Parking',0,'2011-03-02 14:32:06','2011-03-02 14:32:06'),(64,'Varied','Parking/Varied/Not parking-other uses/Not applicable-no parking structure-Varied',1,'2011-03-02 14:32:06','2011-03-02 14:32:06'),(65,'Not parking-other uses','Parking/Varied/Not parking-other uses/Not applicable-no parking structure-Not parking-other uses',2,'2011-03-02 14:32:06','2011-03-02 14:32:06'),(66,'Not applicable-no parking structure','Parking/Varied/Not parking-other uses/Not applicable-no parking structure-Not applicable-no parking structure',3,'2011-03-02 14:32:06','2011-03-02 14:32:06'),(67,'1-5 spaces','1-5 spaces/6-25 spaces/26+ spaces/None-1-5 spaces',0,'2011-03-02 14:32:06','2011-03-02 14:32:06'),(68,'6-25 spaces','1-5 spaces/6-25 spaces/26+ spaces/None-6-25 spaces',1,'2011-03-02 14:32:06','2011-03-02 14:32:06'),(69,'26+ spaces','1-5 spaces/6-25 spaces/26+ spaces/None-26+ spaces',2,'2011-03-02 14:32:06','2011-03-02 14:32:06'),(70,'None','1-5 spaces/6-25 spaces/26+ spaces/None-None',3,'2011-03-02 14:32:06','2011-03-02 14:32:06'),(71,'Yes','Yes/No/Not applicable - no buildings-Yes',0,'2011-03-02 14:32:06','2011-03-02 14:32:06'),(72,'No','Yes/No/Not applicable - no buildings-No',1,'2011-03-02 14:32:06','2011-03-02 14:32:06'),(73,'Not applicable - no buildings','Yes/No/Not applicable - no buildings-Not applicable - no buildings',2,'2011-03-02 14:32:06','2011-03-02 14:32:06'),(74,'White painted lines','White painted lines/Colored painted lines/White zebra stripes/Colored zebra stripes/Different road surface/Other/Not marked at all/Not applicable-no midblock crosswalks-White painted lines',0,'2011-03-02 14:32:06','2011-03-02 14:32:06'),(75,'Colored painted lines','White painted lines/Colored painted lines/White zebra stripes/Colored zebra stripes/Different road surface/Other/Not marked at all/Not applicable-no midblock crosswalks-Colored painted lines',1,'2011-03-02 14:32:06','2011-03-02 14:32:06'),(76,'White zebra stripes','White painted lines/Colored painted lines/White zebra stripes/Colored zebra stripes/Different road surface/Other/Not marked at all/Not applicable-no midblock crosswalks-White zebra stripes',2,'2011-03-02 14:32:07','2011-03-02 14:32:07'),(77,'Colored zebra stripes','White painted lines/Colored painted lines/White zebra stripes/Colored zebra stripes/Different road surface/Other/Not marked at all/Not applicable-no midblock crosswalks-Colored zebra stripes',3,'2011-03-02 14:32:07','2011-03-02 14:32:07'),(78,'Different road surface','White painted lines/Colored painted lines/White zebra stripes/Colored zebra stripes/Different road surface/Other/Not marked at all/Not applicable-no midblock crosswalks-Different road surface',4,'2011-03-02 14:32:07','2011-03-02 14:32:07'),(79,'Other','White painted lines/Colored painted lines/White zebra stripes/Colored zebra stripes/Different road surface/Other/Not marked at all/Not applicable-no midblock crosswalks-Other',5,'2011-03-02 14:32:07','2011-03-02 14:32:07'),(80,'Not marked at all','White painted lines/Colored painted lines/White zebra stripes/Colored zebra stripes/Different road surface/Other/Not marked at all/Not applicable-no midblock crosswalks-Not marked at all',6,'2011-03-02 14:32:07','2011-03-02 14:32:07'),(81,'Not applicable-no midblock crosswalks','White painted lines/Colored painted lines/White zebra stripes/Colored zebra stripes/Different road surface/Other/Not marked at all/Not applicable-no midblock crosswalks-Not applicable-no midblock crosswalks',7,'2011-03-02 14:32:07','2011-03-02 14:32:07'),(82,'No bike lanes','No bike lanes/On road-painted line or reflectors/On road-physical separation/Off road-No bike lanes',0,'2011-03-02 14:32:07','2011-03-02 14:32:07'),(83,'On road-painted line or reflectors','No bike lanes/On road-painted line or reflectors/On road-physical separation/Off road-On road-painted line or reflectors',1,'2011-03-02 14:32:07','2011-03-02 14:32:07'),(84,'On road-physical separation','No bike lanes/On road-painted line or reflectors/On road-physical separation/Off road-On road-physical separation',2,'2011-03-02 14:32:07','2011-03-02 14:32:07'),(85,'Off road','No bike lanes/On road-painted line or reflectors/On road-physical separation/Off road-Off road',3,'2011-03-02 14:32:07','2011-03-02 14:32:07'),(86,'Bike route signs','Bike route signs/Bike crossing warnings/Both/Neither-Bike route signs',0,'2011-03-02 14:32:07','2011-03-02 14:32:07'),(87,'Bike crossing warnings','Bike route signs/Bike crossing warnings/Both/Neither-Bike crossing warnings',1,'2011-03-02 14:32:07','2011-03-02 14:32:07'),(88,'Both','Bike route signs/Bike crossing warnings/Both/Neither-Both',2,'2011-03-02 14:32:07','2011-03-02 14:32:07'),(89,'Neither','Bike route signs/Bike crossing warnings/Both/Neither-Neither',3,'2011-03-02 14:32:07','2011-03-02 14:32:07'),(90,'Footpath (unpaved)','Footpath (unpaved)/Paved trail/Sidewalk/Pedestrian street (closed to cars)/None-Footpath (unpaved)',0,'2011-03-02 14:32:07','2011-03-02 14:32:07'),(91,'Paved trail','Footpath (unpaved)/Paved trail/Sidewalk/Pedestrian street (closed to cars)/None-Paved trail',1,'2011-03-02 14:32:07','2011-03-02 14:32:07'),(92,'Sidewalk','Footpath (unpaved)/Paved trail/Sidewalk/Pedestrian street (closed to cars)/None-Sidewalk',2,'2011-03-02 14:32:07','2011-03-02 14:32:07'),(93,'Pedestrian street (closed to cars)','Footpath (unpaved)/Paved trail/Sidewalk/Pedestrian street (closed to cars)/None-Pedestrian street (closed to cars)',3,'2011-03-02 14:32:07','2011-03-02 14:32:07'),(94,'None','Footpath (unpaved)/Paved trail/Sidewalk/Pedestrian street (closed to cars)/None-None',4,'2011-03-02 14:32:07','2011-03-02 14:32:07'),(95,'Asphalt','Asphalt/Concrete/Paving bricks or flat stone/Gravel/Dirt or sand/No path at all-Asphalt',0,'2011-03-02 14:32:07','2011-03-02 14:32:07'),(96,'Concrete','Asphalt/Concrete/Paving bricks or flat stone/Gravel/Dirt or sand/No path at all-Concrete',1,'2011-03-02 14:32:07','2011-03-02 14:32:07'),(97,'Paving bricks or flat stone','Asphalt/Concrete/Paving bricks or flat stone/Gravel/Dirt or sand/No path at all-Paving bricks or flat stone',2,'2011-03-02 14:32:07','2011-03-02 14:32:07'),(98,'Gravel','Asphalt/Concrete/Paving bricks or flat stone/Gravel/Dirt or sand/No path at all-Gravel',3,'2011-03-02 14:32:07','2011-03-02 14:32:07'),(99,'Dirt or sand','Asphalt/Concrete/Paving bricks or flat stone/Gravel/Dirt or sand/No path at all-Dirt or sand',4,'2011-03-02 14:32:07','2011-03-02 14:32:07'),(100,'No path at all','Asphalt/Concrete/Paving bricks or flat stone/Gravel/Dirt or sand/No path at all-No path at all',5,'2011-03-02 14:32:07','2011-03-02 14:32:07'),(101,'Complete','Complete/Incomplete/Not applicable-no sidewalk-Complete',0,'2011-03-02 14:32:07','2011-03-02 14:32:07'),(102,'Incomplete','Complete/Incomplete/Not applicable-no sidewalk-Incomplete',1,'2011-03-02 14:32:07','2011-03-02 14:32:07'),(103,'Not applicable-no sidewalk','Complete/Incomplete/Not applicable-no sidewalk-Not applicable-no sidewalk',2,'2011-03-02 14:32:07','2011-03-02 14:32:07'),(104,'None','None/1/2/3/4/5/6/7/8/9/10+-None',0,'2011-03-02 14:32:07','2011-03-02 14:32:07'),(105,'1','None/1/2/3/4/5/6/7/8/9/10+-1',1,'2011-03-02 14:32:07','2011-03-02 14:32:07'),(106,'2','None/1/2/3/4/5/6/7/8/9/10+-2',2,'2011-03-02 14:32:07','2011-03-02 14:32:07'),(107,'3','None/1/2/3/4/5/6/7/8/9/10+-3',3,'2011-03-02 14:32:07','2011-03-02 14:32:07'),(108,'4','None/1/2/3/4/5/6/7/8/9/10+-4',4,'2011-03-02 14:32:07','2011-03-02 14:32:07'),(109,'5','None/1/2/3/4/5/6/7/8/9/10+-5',5,'2011-03-02 14:32:07','2011-03-02 14:32:07'),(110,'6','None/1/2/3/4/5/6/7/8/9/10+-6',6,'2011-03-02 14:32:07','2011-03-02 14:32:07'),(111,'7','None/1/2/3/4/5/6/7/8/9/10+-7',7,'2011-03-02 14:32:07','2011-03-02 14:32:07'),(112,'8','None/1/2/3/4/5/6/7/8/9/10+-8',8,'2011-03-02 14:32:07','2011-03-02 14:32:07'),(113,'9','None/1/2/3/4/5/6/7/8/9/10+-9',9,'2011-03-02 14:32:07','2011-03-02 14:32:07'),(114,'10+','None/1/2/3/4/5/6/7/8/9/10+-10+',10,'2011-03-02 14:32:07','2011-03-02 14:32:07'),(115,'Yes','Yes/No/DK-Yes',0,'2011-03-02 14:32:07','2011-03-02 14:32:07'),(116,'No','Yes/No/DK-No',1,'2011-03-02 14:32:07','2011-03-02 14:32:07'),(117,'DK','Yes/No/DK-DK',2,'2011-03-02 14:32:07','2011-03-02 14:32:07'),(118,'Good','Good/Fair/Poor/Under repair/Not applicable-no sidewalk or paved trail-Good',0,'2011-03-02 14:32:07','2011-03-02 14:32:07'),(119,'Fair','Good/Fair/Poor/Under repair/Not applicable-no sidewalk or paved trail-Fair',1,'2011-03-02 14:32:07','2011-03-02 14:32:07'),(120,'Poor','Good/Fair/Poor/Under repair/Not applicable-no sidewalk or paved trail-Poor',2,'2011-03-02 14:32:07','2011-03-02 14:32:07'),(121,'Under repair','Good/Fair/Poor/Under repair/Not applicable-no sidewalk or paved trail-Under repair',3,'2011-03-02 14:32:07','2011-03-02 14:32:07'),(122,'Not applicable-no sidewalk or paved trail','Good/Fair/Poor/Under repair/Not applicable-no sidewalk or paved trail-Not applicable-no sidewalk or paved trail',4,'2011-03-02 14:32:07','2011-03-02 14:32:07'),(123,'<4 feet','<4 feet/4-8 feet/>8 feet/Not applicable-<4 feet',0,'2011-03-02 14:32:07','2011-03-02 14:32:07'),(124,'4-8 feet','<4 feet/4-8 feet/>8 feet/Not applicable-4-8 feet',1,'2011-03-02 14:32:07','2011-03-02 14:32:07'),(125,'>8 feet','<4 feet/4-8 feet/>8 feet/Not applicable->8 feet',2,'2011-03-02 14:32:07','2011-03-02 14:32:07'),(126,'Not applicable','<4 feet/4-8 feet/>8 feet/Not applicable-Not applicable',3,'2011-03-02 14:32:07','2011-03-02 14:32:07'),(127,'Less than 5 feet','Less than 5 feet/More than 5 feet/Not applicable-Less than 5 feet',0,'2011-03-02 14:32:07','2011-03-02 14:32:07'),(128,'More than 5 feet','Less than 5 feet/More than 5 feet/Not applicable-More than 5 feet',1,'2011-03-02 14:32:07','2011-03-02 14:32:07'),(129,'Not applicable','Less than 5 feet/More than 5 feet/Not applicable-Not applicable',2,'2011-03-02 14:32:07','2011-03-02 14:32:07'),(130,'Yes','Yes/No/Not applicable-no path-Yes',0,'2011-03-02 14:32:07','2011-03-02 14:32:07'),(131,'No','Yes/No/Not applicable-no path-No',1,'2011-03-02 14:32:07','2011-03-02 14:32:07'),(132,'Not applicable-no path','Yes/No/Not applicable-no path-Not applicable-no path',2,'2011-03-02 14:32:07','2011-03-02 14:32:07'),(133,'Some or much','Some or much/Little or none/Not applicable-no sidewalk-Some or much',0,'2011-03-02 14:32:07','2011-03-02 14:32:07'),(134,'Little or none','Some or much/Little or none/Not applicable-no sidewalk-Little or none',1,'2011-03-02 14:32:07','2011-03-02 14:32:07'),(135,'Not applicable-no sidewalk','Some or much/Little or none/Not applicable-no sidewalk-Not applicable-no sidewalk',2,'2011-03-02 14:32:07','2011-03-02 14:32:07'),(136,'Bus stop with shelter','Bus stop with shelter/Bus stop with bench/Bus stop with signage only /No bus stop-Bus stop with shelter',0,'2011-03-02 14:32:07','2011-03-02 14:32:07'),(137,'Bus stop with bench','Bus stop with shelter/Bus stop with bench/Bus stop with signage only /No bus stop-Bus stop with bench',1,'2011-03-02 14:32:07','2011-03-02 14:32:07'),(138,'Bus stop with signage only ','Bus stop with shelter/Bus stop with bench/Bus stop with signage only /No bus stop-Bus stop with signage only ',2,'2011-03-02 14:32:07','2011-03-02 14:32:07'),(139,'No bus stop','Bus stop with shelter/Bus stop with bench/Bus stop with signage only /No bus stop-No bus stop',3,'2011-03-02 14:32:07','2011-03-02 14:32:07'),(140,'Road-oriented lighting','Road-oriented lighting/Pedestrian-oriented lighting/Both kinds of lighting/Other lighting/No lighting-Road-oriented lighting',0,'2011-03-02 14:32:07','2011-03-02 14:32:07'),(141,'Pedestrian-oriented lighting','Road-oriented lighting/Pedestrian-oriented lighting/Both kinds of lighting/Other lighting/No lighting-Pedestrian-oriented lighting',1,'2011-03-02 14:32:07','2011-03-02 14:32:07'),(142,'Both kinds of lighting','Road-oriented lighting/Pedestrian-oriented lighting/Both kinds of lighting/Other lighting/No lighting-Both kinds of lighting',2,'2011-03-02 14:32:07','2011-03-02 14:32:07'),(143,'Other lighting','Road-oriented lighting/Pedestrian-oriented lighting/Both kinds of lighting/Other lighting/No lighting-Other lighting',3,'2011-03-02 14:32:07','2011-03-02 14:32:07'),(144,'No lighting','Road-oriented lighting/Pedestrian-oriented lighting/Both kinds of lighting/Other lighting/No lighting-No lighting',4,'2011-03-02 14:32:07','2011-03-02 14:32:07'),(145,'Some or a lot','Some or a lot/Little/None-Some or a lot',0,'2011-03-02 14:32:07','2011-03-02 14:32:07'),(146,'Little','Some or a lot/Little/None-Little',1,'2011-03-02 14:32:07','2011-03-02 14:32:07'),(147,'None','Some or a lot/Little/None-None',2,'2011-03-02 14:32:07','2011-03-02 14:32:07'),(148,'Not present','Not present/Can be overcome/Can be somewhat overcome/Cannot be overcome-Not present',0,'2011-03-02 14:32:07','2011-03-02 14:32:07'),(149,'Can be overcome','Not present/Can be overcome/Can be somewhat overcome/Cannot be overcome-Can be overcome',1,'2011-03-02 14:32:07','2011-03-02 14:32:07'),(150,'Can be somewhat overcome','Not present/Can be overcome/Can be somewhat overcome/Cannot be overcome-Can be somewhat overcome',2,'2011-03-02 14:32:07','2011-03-02 14:32:07'),(151,'Cannot be overcome','Not present/Can be overcome/Can be somewhat overcome/Cannot be overcome-Cannot be overcome',3,'2011-03-02 14:32:07','2011-03-02 14:32:07'),(152,'Pretty/very convenient','Pretty/very convenient/Not very or inconvenient/Not applicable-cul de sac-Pretty/very convenient',0,'2011-03-02 14:32:07','2011-03-02 14:32:07'),(153,'Not very or inconvenient','Pretty/very convenient/Not very or inconvenient/Not applicable-cul de sac-Not very or inconvenient',1,'2011-03-02 14:32:07','2011-03-02 14:32:07'),(154,'Not applicable-cul de sac','Pretty/very convenient/Not very or inconvenient/Not applicable-cul de sac-Not applicable-cul de sac',2,'2011-03-02 14:32:07','2011-03-02 14:32:07'),(155,'Yes','Yes/No/Unclear/Not applicable-no public space-Yes',0,'2011-03-02 14:32:07','2011-03-02 14:32:07'),(156,'No','Yes/No/Unclear/Not applicable-no public space-No',1,'2011-03-02 14:32:07','2011-03-02 14:32:07'),(157,'Unclear','Yes/No/Unclear/Not applicable-no public space-Unclear',2,'2011-03-02 14:32:07','2011-03-02 14:32:07'),(158,'Not applicable-no public space','Yes/No/Unclear/Not applicable-no public space-Not applicable-no public space',3,'2011-03-02 14:32:07','2011-03-02 14:32:07'),(159,'Some or a lot','Some or a lot/Few/None/Not applicable-no buildings >1 story-Some or a lot',0,'2011-03-02 14:32:07','2011-03-02 14:32:07'),(160,'Few','Some or a lot/Few/None/Not applicable-no buildings >1 story-Few',1,'2011-03-02 14:32:07','2011-03-02 14:32:07'),(161,'None','Some or a lot/Few/None/Not applicable-no buildings >1 story-None',2,'2011-03-02 14:32:07','2011-03-02 14:32:07'),(162,'Not applicable-no buildings >1 story','Some or a lot/Few/None/Not applicable-no buildings >1 story-Not applicable-no buildings >1 story',3,'2011-03-02 14:32:07','2011-03-02 14:32:07'),(163,'5+ stores','5+ stores/3-4 stores/1-2 stories/Heights vary/Not applicable-5+ stores',0,'2011-03-02 14:32:07','2011-03-02 14:32:07'),(164,'3-4 stores','5+ stores/3-4 stores/1-2 stories/Heights vary/Not applicable-3-4 stores',1,'2011-03-02 14:32:07','2011-03-02 14:32:07'),(165,'1-2 stories','5+ stores/3-4 stores/1-2 stories/Heights vary/Not applicable-1-2 stories',2,'2011-03-02 14:32:07','2011-03-02 14:32:07'),(166,'Heights vary','5+ stores/3-4 stores/1-2 stories/Heights vary/Not applicable-Heights vary',3,'2011-03-02 14:32:07','2011-03-02 14:32:07'),(167,'Not applicable','5+ stores/3-4 stores/1-2 stories/Heights vary/Not applicable-Not applicable',4,'2011-03-02 14:32:07','2011-03-02 14:32:07'),(168,'Some or a lot','Some or a lot/Few/None/Not applicable-Some or a lot',0,'2011-03-02 14:32:07','2011-03-02 14:32:07'),(169,'Few','Some or a lot/Few/None/Not applicable-Few',1,'2011-03-02 14:32:07','2011-03-02 14:32:07'),(170,'None','Some or a lot/Few/None/Not applicable-None',2,'2011-03-02 14:32:07','2011-03-02 14:32:07'),(171,'Not applicable','Some or a lot/Few/None/Not applicable-Not applicable',3,'2011-03-02 14:32:07','2011-03-02 14:32:07'),(172,'Very','Very/Somewhat/Not very/not visible-Very',0,'2011-03-02 14:32:07','2011-03-02 14:32:07'),(173,'Somewhat','Very/Somewhat/Not very/not visible-Somewhat',1,'2011-03-02 14:32:07','2011-03-02 14:32:07'),(174,'Not very/not visible','Very/Somewhat/Not very/not visible-Not very/not visible',2,'2011-03-02 14:32:07','2011-03-02 14:32:07'),(175,'Not applicable','Not applicable/1/2/3/4/5/6/7/8/9/10+-Not applicable',0,'2011-03-02 14:32:07','2011-03-02 14:32:07'),(176,'1','Not applicable/1/2/3/4/5/6/7/8/9/10+-1',1,'2011-03-02 14:32:07','2011-03-02 14:32:07'),(177,'2','Not applicable/1/2/3/4/5/6/7/8/9/10+-2',2,'2011-03-02 14:32:07','2011-03-02 14:32:07'),(178,'3','Not applicable/1/2/3/4/5/6/7/8/9/10+-3',3,'2011-03-02 14:32:07','2011-03-02 14:32:07'),(179,'4','Not applicable/1/2/3/4/5/6/7/8/9/10+-4',4,'2011-03-02 14:32:07','2011-03-02 14:32:07'),(180,'5','Not applicable/1/2/3/4/5/6/7/8/9/10+-5',5,'2011-03-02 14:32:07','2011-03-02 14:32:07'),(181,'6','Not applicable/1/2/3/4/5/6/7/8/9/10+-6',6,'2011-03-02 14:32:07','2011-03-02 14:32:07'),(182,'7','Not applicable/1/2/3/4/5/6/7/8/9/10+-7',7,'2011-03-02 14:32:07','2011-03-02 14:32:07'),(183,'8','Not applicable/1/2/3/4/5/6/7/8/9/10+-8',8,'2011-03-02 14:32:07','2011-03-02 14:32:07'),(184,'9','Not applicable/1/2/3/4/5/6/7/8/9/10+-9',9,'2011-03-02 14:32:07','2011-03-02 14:32:07'),(185,'10+','Not applicable/1/2/3/4/5/6/7/8/9/10+-10+',10,'2011-03-02 14:32:07','2011-03-02 14:32:07'),(186,'Not applicable','Not applicable/None/1/2/3/4/5/6/7/8/9/10+-Not applicable',0,'2011-03-02 14:32:07','2011-03-02 14:32:07'),(187,'None','Not applicable/None/1/2/3/4/5/6/7/8/9/10+-None',1,'2011-03-02 14:32:07','2011-03-02 14:32:07'),(188,'1','Not applicable/None/1/2/3/4/5/6/7/8/9/10+-1',2,'2011-03-02 14:32:07','2011-03-02 14:32:07'),(189,'2','Not applicable/None/1/2/3/4/5/6/7/8/9/10+-2',3,'2011-03-02 14:32:07','2011-03-02 14:32:07'),(190,'3','Not applicable/None/1/2/3/4/5/6/7/8/9/10+-3',4,'2011-03-02 14:32:07','2011-03-02 14:32:07'),(191,'4','Not applicable/None/1/2/3/4/5/6/7/8/9/10+-4',5,'2011-03-02 14:32:07','2011-03-02 14:32:07'),(192,'5','Not applicable/None/1/2/3/4/5/6/7/8/9/10+-5',6,'2011-03-02 14:32:07','2011-03-02 14:32:07'),(193,'6','Not applicable/None/1/2/3/4/5/6/7/8/9/10+-6',7,'2011-03-02 14:32:07','2011-03-02 14:32:07'),(194,'7','Not applicable/None/1/2/3/4/5/6/7/8/9/10+-7',8,'2011-03-02 14:32:07','2011-03-02 14:32:07'),(195,'8','Not applicable/None/1/2/3/4/5/6/7/8/9/10+-8',9,'2011-03-02 14:32:07','2011-03-02 14:32:07'),(196,'9','Not applicable/None/1/2/3/4/5/6/7/8/9/10+-9',10,'2011-03-02 14:32:07','2011-03-02 14:32:07'),(197,'10+','Not applicable/None/1/2/3/4/5/6/7/8/9/10+-10+',11,'2011-03-02 14:32:07','2011-03-02 14:32:07'),(198,'Little or no enclosure','Little or no enclosure/Some enclosure/Highly enclosed-Little or no enclosure',0,'2011-03-02 14:32:07','2011-03-02 14:32:07'),(199,'Some enclosure','Little or no enclosure/Some enclosure/Highly enclosed-Some enclosure',1,'2011-03-02 14:32:07','2011-03-02 14:32:07'),(200,'Highly enclosed','Little or no enclosure/Some enclosure/Highly enclosed-Highly enclosed',2,'2011-03-02 14:32:07','2011-03-02 14:32:07'),(201,'At edge of sidewalk','At edge of sidewalk/Within 20 feet of sidewalk/More than 20 feet from sidewalk/Not applicable-no buildings-At edge of sidewalk',0,'2011-03-02 14:32:07','2011-03-02 14:32:07'),(202,'Within 20 feet of sidewalk','At edge of sidewalk/Within 20 feet of sidewalk/More than 20 feet from sidewalk/Not applicable-no buildings-Within 20 feet of sidewalk',1,'2011-03-02 14:32:07','2011-03-02 14:32:07'),(203,'More than 20 feet from sidewalk','At edge of sidewalk/Within 20 feet of sidewalk/More than 20 feet from sidewalk/Not applicable-no buildings-More than 20 feet from sidewalk',2,'2011-03-02 14:32:07','2011-03-02 14:32:07'),(204,'Not applicable-no buildings','At edge of sidewalk/Within 20 feet of sidewalk/More than 20 feet from sidewalk/Not applicable-no buildings-Not applicable-no buildings',3,'2011-03-02 14:32:07','2011-03-02 14:32:07'),(205,'None','None/1/2/3-None',0,'2011-03-02 14:32:07','2011-03-02 14:32:07'),(206,'1','None/1/2/3-1',1,'2011-03-02 14:32:07','2011-03-02 14:32:07'),(207,'2','None/1/2/3-2',2,'2011-03-02 14:32:07','2011-03-02 14:32:07'),(208,'3','None/1/2/3-3',3,'2011-03-02 14:32:07','2011-03-02 14:32:07'),(209,'Little or no','Little or no/Some/Highly articulated-Little or no',0,'2011-03-02 14:32:07','2011-03-02 14:32:07'),(210,'Some','Little or no/Some/Highly articulated-Some',1,'2011-03-02 14:32:07','2011-03-02 14:32:07'),(211,'Highly articulated','Little or no/Some/Highly articulated-Highly articulated',2,'2011-03-02 14:32:07','2011-03-02 14:32:07'),(212,'Interesting','Interesting/Somewhat interesting/Uninteresting-Interesting',0,'2011-03-02 14:32:07','2011-03-02 14:32:07'),(213,'Somewhat interesting','Interesting/Somewhat interesting/Uninteresting-Somewhat interesting',1,'2011-03-02 14:32:07','2011-03-02 14:32:07'),(214,'Uninteresting','Interesting/Somewhat interesting/Uninteresting-Uninteresting',2,'2011-03-02 14:32:07','2011-03-02 14:32:07'),(215,'Banners','Banners/Monuments/Both/Neither-Banners',0,'2011-03-02 14:32:08','2011-03-02 14:32:08'),(216,'Monuments','Banners/Monuments/Both/Neither-Monuments',1,'2011-03-02 14:32:08','2011-03-02 14:32:08'),(217,'Both','Banners/Monuments/Both/Neither-Both',2,'2011-03-02 14:32:08','2011-03-02 14:32:08'),(218,'Neither','Banners/Monuments/Both/Neither-Neither',3,'2011-03-02 14:32:08','2011-03-02 14:32:08'),(219,'Flat','Flat/Slight hill/Steep hill-Flat',0,'2011-03-02 14:32:08','2011-03-02 14:32:08'),(220,'Slight hill','Flat/Slight hill/Steep hill-Slight hill',1,'2011-03-02 14:32:08','2011-03-02 14:32:08'),(221,'Steep hill','Flat/Slight hill/Steep hill-Steep hill',2,'2011-03-02 14:32:08','2011-03-02 14:32:08'),(222,'None or a few','None or a few/Some/Many or dense-None or a few',0,'2011-03-02 14:32:08','2011-03-02 14:32:08'),(223,'Some','None or a few/Some/Many or dense-Some',1,'2011-03-02 14:32:08','2011-03-02 14:32:08'),(224,'Many or dense','None or a few/Some/Many or dense-Many or dense',2,'2011-03-02 14:32:08','2011-03-02 14:32:08'),(225,'Attractive','Attractive/Neutral/Unattractive/Not applicable-no buildings-Attractive',0,'2011-03-02 14:32:08','2011-03-02 14:32:08'),(226,'Neutral','Attractive/Neutral/Unattractive/Not applicable-no buildings-Neutral',1,'2011-03-02 14:32:08','2011-03-02 14:32:08'),(227,'Unattractive','Attractive/Neutral/Unattractive/Not applicable-no buildings-Unattractive',2,'2011-03-02 14:32:08','2011-03-02 14:32:08'),(228,'Not applicable-no buildings','Attractive/Neutral/Unattractive/Not applicable-no buildings-Not applicable-no buildings',3,'2011-03-02 14:32:08','2011-03-02 14:32:08'),(229,'Poor (much litter/grafitti/broken facilites)','Poor (much litter/grafitti/broken facilites)/Fair (some litter/grafitti/broken facilites)/Good (no litter/grafitti/broken facilites)-Poor (much litter/grafitti/broken facilites)',0,'2011-03-02 14:32:08','2011-03-02 14:32:08'),(230,'Fair (some litter/grafitti/broken facilites)','Poor (much litter/grafitti/broken facilites)/Fair (some litter/grafitti/broken facilites)/Good (no litter/grafitti/broken facilites)-Fair (some litter/grafitti/broken facilites)',1,'2011-03-02 14:32:08','2011-03-02 14:32:08'),(231,'Good (no litter/grafitti/broken facilites)','Poor (much litter/grafitti/broken facilites)/Fair (some litter/grafitti/broken facilites)/Good (no litter/grafitti/broken facilites)-Good (no litter/grafitti/broken facilites)',2,'2011-03-02 14:32:08','2011-03-02 14:32:08');
/*!40000 ALTER TABLE `ratestreets_category` ENABLE KEYS */;
UNLOCK TABLES;

--
-- Table structure for table `ratestreets_categoryrating`
--

DROP TABLE IF EXISTS `ratestreets_categoryrating`;
/*!40101 SET @saved_cs_client     = @@character_set_client */;
/*!40101 SET character_set_client = utf8 */;
CREATE TABLE `ratestreets_categoryrating` (
  `id` int(11) NOT NULL AUTO_INCREMENT,
  `user_id` int(11) NOT NULL,
  `segment_id` int(11) NOT NULL,
  `item_id` int(11) NOT NULL,
  `created_at` datetime NOT NULL,
  `updated_at` datetime NOT NULL,
  `impediment` int(10) unsigned DEFAULT NULL,
  `rating` int(10) unsigned DEFAULT NULL,
  PRIMARY KEY (`id`),
  UNIQUE KEY `user_id` (`user_id`,`segment_id`,`item_id`),
  KEY `ratestreets_categoryrating_fbfc09f1` (`user_id`),
  KEY `ratestreets_categoryrating_c29afce8` (`segment_id`),
  KEY `ratestreets_categoryrating_67b70d25` (`item_id`)
) ENGINE=MyISAM AUTO_INCREMENT=2604 DEFAULT CHARSET=latin1;
/*!40101 SET character_set_client = @saved_cs_client */;

--
-- Dumping data for table `ratestreets_categoryrating`
--

LOCK TABLES `ratestreets_categoryrating` WRITE;
/*!40000 ALTER TABLE `ratestreets_categoryrating` DISABLE KEYS */;
INSERT INTO `ratestreets_categoryrating` VALUES (1,2,4,1,'2011-03-02 14:32:56','2011-03-02 14:33:44',NULL,1),(2,2,4,2,'2011-03-02 14:32:56','2011-03-02 14:33:44',NULL,0),(3,2,4,3,'2011-03-02 14:32:56','2011-03-02 14:33:44',NULL,0),(4,2,4,4,'2011-03-02 14:32:56','2011-03-02 14:33:44',NULL,0),(5,2,4,5,'2011-03-02 14:32:56','2011-03-02 14:33:44',NULL,1),(6,2,4,6,'2011-03-02 14:32:56','2011-03-02 14:33:44',NULL,1),(7,2,4,7,'2011-03-02 14:32:56','2011-03-02 14:33:44',NULL,1),(8,2,4,8,'2011-03-02 14:32:56','2011-03-02 14:33:44',NULL,1),(9,2,4,9,'2011-03-02 14:32:56','2011-03-02 14:33:44',NULL,1),(10,2,4,10,'2011-03-02 14:32:56','2011-03-02 14:33:44',NULL,1),(11,2,4,11,'2011-03-02 14:32:56','2011-03-02 14:33:44',NULL,1),(12,2,4,12,'2011-03-02 14:32:56','2011-03-02 14:33:44',NULL,1),(13,2,4,13,'2011-03-02 14:32:56','2011-03-02 14:33:44',NULL,1),(14,2,4,14,'2011-03-02 14:32:56','2011-03-02 14:33:44',NULL,0),(15,2,4,15,'2011-03-02 14:32:56','2011-03-02 14:33:44',NULL,0),(16,2,4,16,'2011-03-02 14:32:56','2011-03-02 14:33:44',NULL,1),(17,2,4,17,'2011-03-02 14:32:56','2011-03-02 14:33:44',NULL,1),(18,2,4,18,'2011-03-02 14:33:45','2011-03-02 14:35:57',NULL,1),(19,2,4,19,'2011-03-02 14:33:45','2011-03-02 14:35:57',NULL,1),(20,2,4,20,'2011-03-02 14:33:45','2011-03-02 14:35:57',NULL,2),(21,2,4,21,'2011-03-02 14:33:45','2011-03-02 14:35:57',NULL,1),(22,2,4,22,'2011-03-02 14:33:45','2011-03-02 14:35:57',NULL,3),(23,2,4,23,'2011-03-02 14:33:45','2011-03-02 14:35:57',NULL,1),(24,2,4,24,'2011-03-02 14:33:45','2011-03-02 14:35:57',NULL,9),(25,2,4,25,'2011-03-02 14:33:45','2011-03-02 14:35:57',NULL,1),(26,2,4,26,'2011-03-02 14:33:45','2011-03-02 14:35:57',NULL,0),(27,2,4,27,'2011-03-02 14:33:45','2011-03-02 14:35:57',NULL,1),(28,2,4,28,'2011-03-02 14:33:45','2011-03-02 14:35:57',NULL,3),(29,2,4,29,'2011-03-02 14:33:45','2011-03-02 14:35:57',NULL,1),(30,2,4,30,'2011-03-02 14:33:45','2011-03-02 14:35:57',NULL,1),(31,2,4,31,'2011-03-02 14:33:45','2011-03-02 14:35:57',NULL,7),(32,2,4,32,'2011-03-02 14:35:58','2011-03-02 14:36:08',NULL,0),(33,2,4,33,'2011-03-02 14:35:58','2011-03-02 14:36:08',NULL,2),(34,2,4,34,'2011-03-02 14:35:58','2011-03-02 14:36:08',NULL,3),(35,2,4,35,'2011-03-02 14:36:09','2011-03-02 14:37:59',NULL,2),(36,2,4,36,'2011-03-02 14:36:09','2011-03-02 14:37:59',NULL,1),(37,2,4,37,'2011-03-02 14:36:09','2011-03-02 14:37:59',NULL,0),(38,2,4,38,'2011-03-02 14:36:09','2011-03-02 14:37:59',NULL,10),(39,2,4,39,'2011-03-02 14:36:09','2011-03-02 14:37:59',NULL,1),(40,2,4,40,'2011-03-02 14:36:09','2011-03-02 14:37:59',NULL,1),(41,2,4,41,'2011-03-02 14:36:09','2011-03-02 14:37:59',NULL,1),(42,2,4,42,'2011-03-02 14:36:09','2011-03-02 14:37:59',NULL,1),(43,2,4,43,'2011-03-02 14:36:09','2011-03-02 14:37:59',NULL,0),(44,2,4,44,'2011-03-02 14:36:09','2011-03-02 14:37:59',NULL,1),(45,2,4,45,'2011-03-02 14:36:09','2011-03-02 14:37:59',NULL,0),(46,2,4,46,'2011-03-02 14:36:09','2011-03-02 14:37:59',NULL,1),(47,2,4,47,'2011-03-02 14:36:09','2011-03-02 14:37:59',NULL,1),(48,2,4,48,'2011-03-02 14:36:09','2011-03-02 14:37:59',NULL,1),(49,2,4,49,'2011-03-02 14:36:09','2011-03-02 14:37:59',NULL,1),(50,2,4,50,'2011-03-02 14:36:09','2011-03-02 14:37:59',NULL,1),(51,2,4,51,'2011-03-02 14:36:09','2011-03-02 14:37:59',NULL,1),(52,2,4,52,'2011-03-02 14:36:09','2011-03-02 14:37:59',NULL,1),(53,2,4,53,'2011-03-02 14:36:09','2011-03-02 14:37:59',NULL,1),(54,2,4,54,'2011-03-02 14:36:09','2011-03-02 14:37:59',NULL,1),(55,2,4,55,'2011-03-02 14:36:09','2011-03-02 14:37:59',NULL,1),(56,2,4,56,'2011-03-02 14:36:09','2011-03-02 14:37:59',NULL,1),(57,2,4,57,'2011-03-02 14:37:59','2011-03-02 14:38:58',NULL,0),(58,2,4,58,'2011-03-02 14:37:59','2011-03-02 14:38:58',NULL,0),(59,2,4,59,'2011-03-02 14:37:59','2011-03-02 14:38:58',NULL,1),(60,2,4,60,'2011-03-02 14:37:59','2011-03-02 14:38:58',NULL,2),(61,2,4,61,'2011-03-02 14:37:59','2011-03-02 14:38:58',NULL,0),(62,2,4,62,'2011-03-02 14:37:59','2011-03-02 14:38:58',NULL,0),(63,2,4,63,'2011-03-02 14:37:59','2011-03-02 14:38:58',NULL,0),(64,2,4,64,'2011-03-02 14:37:59','2011-03-02 14:38:58',NULL,0),(65,2,4,65,'2011-03-02 14:37:59','2011-03-02 14:38:58',NULL,0),(66,2,4,66,'2011-03-02 14:37:59','2011-03-02 14:38:58',NULL,0),(67,2,4,67,'2011-03-02 14:37:59','2011-03-02 14:38:58',NULL,0),(68,2,4,68,'2011-03-02 14:37:59','2011-03-02 14:38:58',NULL,0),(69,2,4,69,'2011-03-02 14:38:58','2011-03-02 14:41:57',NULL,1),(70,2,4,70,'2011-03-02 14:38:58','2011-03-02 14:41:57',NULL,1),(71,2,4,71,'2011-03-02 14:38:58','2011-03-02 14:41:57',NULL,0),(72,2,4,72,'2011-03-02 14:38:58','2011-03-02 14:41:57',NULL,1),(73,2,4,73,'2011-03-02 14:38:58','2011-03-02 14:41:57',NULL,1),(74,2,4,74,'2011-03-02 14:38:58','2011-03-02 14:41:57',NULL,1),(75,2,4,75,'2011-03-02 14:38:58','2011-03-02 14:41:57',NULL,1),(76,2,4,76,'2011-03-02 14:38:58','2011-03-02 14:41:57',NULL,1),(77,2,4,77,'2011-03-02 14:38:58','2011-03-02 14:41:57',NULL,1),(78,2,4,78,'2011-03-02 14:38:58','2011-03-02 14:41:57',NULL,1),(79,2,4,79,'2011-03-02 14:38:58','2011-03-02 14:41:57',NULL,1),(80,2,4,80,'2011-03-02 14:38:58','2011-03-02 14:41:57',NULL,3),(81,2,4,81,'2011-03-02 14:38:58','2011-03-02 14:41:57',NULL,1),(82,2,4,82,'2011-03-02 14:38:58','2011-03-02 14:41:57',NULL,1),(83,2,4,83,'2011-03-02 14:38:58','2011-03-02 14:41:57',NULL,1),(84,2,4,84,'2011-03-02 14:38:58','2011-03-02 14:41:57',NULL,1),(85,2,4,85,'2011-03-02 14:38:58','2011-03-02 14:41:57',NULL,1),(86,2,4,86,'2011-03-02 14:38:58','2011-03-02 14:41:57',NULL,1),(87,2,4,87,'2011-03-02 14:38:58','2011-03-02 14:41:57',NULL,1),(88,2,4,88,'2011-03-02 14:38:58','2011-03-02 14:41:57',NULL,1),(89,2,4,89,'2011-03-02 14:38:58','2011-03-02 14:41:57',NULL,1),(90,2,4,90,'2011-03-02 14:38:58','2011-03-02 14:41:57',NULL,1),(91,2,4,91,'2011-03-02 14:38:58','2011-03-02 14:41:57',NULL,0),(92,2,4,92,'2011-03-02 14:38:58','2011-03-02 14:41:57',NULL,1),(93,2,4,93,'2011-03-02 14:38:58','2011-03-02 14:41:57',NULL,1),(94,2,4,94,'2011-03-02 14:38:58','2011-03-02 14:41:57',NULL,1),(95,2,4,95,'2011-03-02 14:38:58','2011-03-02 14:41:57',NULL,1),(96,2,4,96,'2011-03-02 14:38:58','2011-03-02 14:41:57',NULL,1),(97,2,4,97,'2011-03-02 14:38:58','2011-03-02 14:41:57',NULL,0),(98,2,4,98,'2011-03-02 14:38:58','2011-03-02 14:41:57',NULL,0),(99,2,4,99,'2011-03-02 14:38:58','2011-03-02 14:41:57',NULL,1),(100,2,4,100,'2011-03-02 14:38:58','2011-03-02 14:41:57',NULL,1),(101,2,4,101,'2011-03-02 14:38:58','2011-03-02 14:41:57',NULL,1),(102,2,4,102,'2011-03-02 14:38:58','2011-03-02 14:41:57',NULL,1),(103,2,4,103,'2011-03-02 14:38:58','2011-03-02 14:41:57',NULL,1),(104,2,4,104,'2011-03-02 14:38:58','2011-03-02 14:41:57',NULL,1),(105,2,4,105,'2011-03-02 14:38:58','2011-03-02 14:41:57',NULL,1),(106,2,4,106,'2011-03-02 14:38:58','2011-03-02 14:41:57',NULL,0),(107,2,4,107,'2011-03-02 14:38:58','2011-03-02 14:41:57',NULL,1),(108,2,4,108,'2011-03-02 14:38:58','2011-03-02 14:41:57',NULL,0),(109,2,4,109,'2011-03-02 14:38:58','2011-03-02 14:41:57',NULL,1),(110,2,4,110,'2011-03-02 14:38:58','2011-03-02 14:41:57',NULL,1),(111,2,4,111,'2011-03-02 14:38:58','2011-03-02 14:41:57',NULL,1),(112,2,4,112,'2011-03-02 14:38:58','2011-03-02 14:41:57',NULL,1),(113,2,4,113,'2011-03-02 14:38:58','2011-03-02 14:41:57',NULL,2),(114,2,4,114,'2011-03-02 14:38:58','2011-03-02 14:41:57',NULL,2),(115,2,4,115,'2011-03-02 14:38:58','2011-03-02 14:41:57',NULL,2),(116,2,4,116,'2011-03-02 14:38:58','2011-03-02 14:41:57',NULL,2),(117,2,4,117,'2011-03-02 14:38:58','2011-03-02 14:41:57',NULL,0),(118,2,4,118,'2011-03-02 14:38:58','2011-03-02 14:41:57',NULL,2),(119,2,4,119,'2011-03-02 14:38:58','2011-03-02 14:41:57',NULL,2),(120,2,4,120,'2011-03-02 14:38:58','2011-03-02 14:41:57',NULL,1),(121,2,4,121,'2011-03-02 14:38:58','2011-03-02 14:41:58',NULL,2),(122,2,4,122,'2011-03-02 14:38:58','2011-03-02 14:41:58',NULL,1),(123,2,4,123,'2011-03-02 14:38:58','2011-03-02 14:41:58',NULL,1),(124,2,4,124,'2011-03-02 14:38:58','2011-03-02 14:41:58',NULL,1),(125,2,4,125,'2011-03-02 14:38:58','2011-03-02 14:41:58',NULL,1),(126,2,4,126,'2011-03-02 14:38:58','2011-03-02 14:41:58',NULL,1),(127,2,4,127,'2011-03-02 14:38:58','2011-03-02 14:41:58',NULL,1),(128,2,4,128,'2011-03-02 14:38:58','2011-03-02 14:41:58',NULL,1),(129,2,4,129,'2011-03-02 14:38:58','2011-03-02 14:41:58',NULL,1),(130,2,4,130,'2011-03-02 14:38:58','2011-03-02 14:41:58',NULL,1),(131,2,4,131,'2011-03-02 14:41:58','2011-03-02 14:46:04',NULL,6),(132,2,4,132,'2011-03-02 14:41:58','2011-03-02 14:46:04',NULL,1),(133,2,4,133,'2011-03-02 14:41:58','2011-03-02 14:46:04',NULL,1),(134,2,4,134,'2011-03-02 14:41:58','2011-03-02 14:46:04',NULL,0),(135,2,4,135,'2011-03-02 14:41:58','2011-03-02 14:46:04',NULL,2),(136,2,4,136,'2011-03-02 14:41:58','2011-03-02 14:46:04',NULL,2),(137,2,4,138,'2011-03-02 14:41:58','2011-03-02 14:46:04',NULL,4),(138,2,4,139,'2011-03-02 14:41:58','2011-03-02 14:46:04',NULL,0),(139,2,4,140,'2011-03-02 14:41:58','2011-03-02 14:46:04',NULL,1),(140,2,4,141,'2011-03-02 14:41:58','2011-03-02 14:46:04',NULL,0),(141,2,4,142,'2011-03-02 14:41:58','2011-03-02 14:46:04',NULL,1),(142,2,4,144,'2011-03-02 14:41:58','2011-03-02 14:46:04',NULL,0),(143,2,4,145,'2011-03-02 14:41:58','2011-03-02 14:46:04',NULL,2),(144,2,4,147,'2011-03-02 14:41:58','2011-03-02 14:46:04',NULL,1),(145,2,4,148,'2011-03-02 14:41:58','2011-03-02 14:46:04',NULL,0),(146,2,4,150,'2011-03-02 14:41:58','2011-03-02 14:46:04',NULL,0),(147,2,4,151,'2011-03-02 14:41:58','2011-03-02 14:46:04',NULL,1),(148,2,4,153,'2011-03-02 14:41:58','2011-03-02 14:46:04',NULL,1),(149,2,4,154,'2011-03-02 14:41:58','2011-03-02 14:46:04',NULL,0),(150,2,4,155,'2011-03-02 14:41:58','2011-03-02 14:46:04',NULL,0),(151,2,4,156,'2011-03-02 14:41:58','2011-03-02 14:46:04',NULL,2),(152,2,4,157,'2011-03-02 14:41:58','2011-03-02 14:46:04',NULL,2),(153,2,4,158,'2011-03-02 14:41:58','2011-03-02 14:46:04',NULL,0),(154,2,4,159,'2011-03-02 14:41:58','2011-03-02 14:46:04',NULL,2),(155,2,4,160,'2011-03-02 14:41:58','2011-03-02 14:46:04',NULL,1),(156,2,4,161,'2011-03-02 14:41:58','2011-03-02 14:46:04',NULL,1),(157,2,4,162,'2011-03-02 14:41:58','2011-03-02 14:46:04',NULL,2),(158,2,4,163,'2011-03-02 14:41:58','2011-03-02 14:46:04',NULL,1),(159,2,4,164,'2011-03-02 14:41:58','2011-03-02 14:46:04',NULL,1),(160,2,4,165,'2011-03-02 14:41:58','2011-03-02 14:46:04',NULL,2),(161,2,4,166,'2011-03-02 14:41:58','2011-03-02 14:46:04',NULL,0),(162,2,4,167,'2011-03-02 14:41:58','2011-03-02 14:46:04',NULL,0),(163,2,4,168,'2011-03-02 14:41:58','2011-03-02 14:46:04',NULL,1),(164,2,4,169,'2011-03-02 14:41:58','2011-03-02 14:46:04',NULL,0),(165,2,4,170,'2011-03-02 14:41:58','2011-03-02 14:46:04',NULL,1),(166,2,4,171,'2011-03-02 14:41:58','2011-03-02 14:46:04',NULL,2),(167,2,4,172,'2011-03-02 14:41:58','2011-03-02 14:46:04',NULL,1),(168,2,4,173,'2011-03-02 14:41:58','2011-03-02 14:46:04',NULL,1),(169,2,4,174,'2011-03-02 14:41:58','2011-03-02 14:46:04',NULL,2),(170,2,4,175,'2011-03-02 14:41:58','2011-03-02 14:46:04',NULL,2),(171,2,4,176,'2011-03-02 14:41:58','2011-03-02 14:46:04',NULL,1),(172,2,4,177,'2011-03-02 14:41:58','2011-03-02 14:46:04',NULL,2),(173,2,4,178,'2011-03-02 14:41:58','2011-03-02 14:46:04',NULL,1),(174,2,4,179,'2011-03-02 14:41:58','2011-03-02 14:46:04',NULL,2),(175,2,4,180,'2011-03-02 14:41:58','2011-03-02 14:46:04',NULL,1),(176,2,5,1,'2011-03-02 14:46:04','2011-03-03 13:02:31',NULL,1),(177,2,5,2,'2011-03-02 14:46:04','2011-03-03 13:02:31',NULL,4),(178,2,5,3,'2011-03-02 14:46:04','2011-03-03 13:02:31',NULL,2),(179,2,5,4,'2011-03-02 14:46:04','2011-03-03 13:02:31',NULL,6),(180,2,5,5,'2011-03-02 14:46:04','2011-03-03 13:02:31',NULL,1),(181,2,5,6,'2011-03-02 14:46:04','2011-03-03 13:02:31',NULL,1),(182,2,5,7,'2011-03-02 14:46:04','2011-03-03 13:02:31',NULL,1),(183,2,5,8,'2011-03-02 14:46:04','2011-03-03 13:02:31',NULL,1),(184,2,5,9,'2011-03-02 14:46:04','2011-03-03 13:02:31',NULL,1),(185,2,5,10,'2011-03-02 14:46:04','2011-03-03 13:02:31',NULL,1),(186,2,5,11,'2011-03-02 14:46:04','2011-03-03 13:02:31',NULL,1),(187,2,5,12,'2011-03-02 14:46:04','2011-03-03 13:02:31',NULL,1),(188,2,5,13,'2011-03-02 14:46:04','2011-03-03 13:02:31',NULL,1),(189,2,5,14,'2011-03-02 14:46:04','2011-03-03 13:02:31',NULL,1),(190,2,5,15,'2011-03-02 14:46:04','2011-03-03 13:02:31',NULL,0),(191,2,5,16,'2011-03-02 14:46:04','2011-03-03 13:02:31',NULL,1),(192,2,5,17,'2011-03-02 14:46:04','2011-03-03 13:02:31',NULL,1),(193,2,3,1,'2011-03-02 15:22:55','2011-03-02 15:24:19',NULL,0),(194,2,3,2,'2011-03-02 15:22:55','2011-03-02 15:24:19',NULL,4),(195,2,3,3,'2011-03-02 15:22:55','2011-03-02 15:24:19',NULL,2),(196,2,3,4,'2011-03-02 15:22:55','2011-03-02 15:24:19',NULL,6),(197,2,3,5,'2011-03-02 15:22:55','2011-03-02 15:24:19',NULL,1),(198,2,3,6,'2011-03-02 15:22:55','2011-03-02 15:24:19',NULL,1),(199,2,3,7,'2011-03-02 15:22:55','2011-03-02 15:24:19',NULL,1),(200,2,3,8,'2011-03-02 15:22:55','2011-03-02 15:24:19',NULL,1),(201,2,3,9,'2011-03-02 15:22:55','2011-03-02 15:24:19',NULL,1),(202,2,3,10,'2011-03-02 15:22:55','2011-03-02 15:24:19',NULL,1),(203,2,3,11,'2011-03-02 15:22:55','2011-03-02 15:24:19',NULL,1),(204,2,3,12,'2011-03-02 15:22:55','2011-03-02 15:24:19',NULL,1),(205,2,3,13,'2011-03-02 15:22:55','2011-03-02 15:24:19',NULL,1),(206,2,3,14,'2011-03-02 15:22:55','2011-03-02 15:24:19',NULL,1),(207,2,3,15,'2011-03-02 15:22:55','2011-03-02 15:24:19',NULL,3),(208,2,3,16,'2011-03-02 15:22:55','2011-03-02 15:24:19',NULL,1),(209,2,3,17,'2011-03-02 15:22:55','2011-03-02 15:24:19',NULL,1),(210,2,3,18,'2011-03-02 15:24:19','2011-03-02 15:25:24',NULL,0),(211,2,3,19,'2011-03-02 15:24:19','2011-03-02 15:25:24',NULL,1),(212,2,3,20,'2011-03-02 15:24:19','2011-03-02 15:25:24',NULL,5),(213,2,3,21,'2011-03-02 15:24:19','2011-03-02 15:25:24',NULL,1),(214,2,3,22,'2011-03-02 15:24:19','2011-03-02 15:25:24',NULL,3),(215,2,3,23,'2011-03-02 15:24:19','2011-03-02 15:25:24',NULL,1),(216,2,3,24,'2011-03-02 15:24:19','2011-03-02 15:25:24',NULL,9),(217,2,3,25,'2011-03-02 15:24:19','2011-03-02 15:25:24',NULL,0),(218,2,3,26,'2011-03-02 15:24:19','2011-03-02 15:25:24',NULL,0),(219,2,3,27,'2011-03-02 15:24:19','2011-03-02 15:25:24',NULL,1),(220,2,3,28,'2011-03-02 15:24:19','2011-03-02 15:25:24',NULL,3),(221,2,3,29,'2011-03-02 15:24:19','2011-03-02 15:25:24',NULL,1),(222,2,3,30,'2011-03-02 15:24:19','2011-03-02 15:25:24',NULL,1),(223,2,3,31,'2011-03-02 15:24:19','2011-03-02 15:25:24',NULL,7),(224,2,3,32,'2011-03-02 15:25:24','2011-03-02 15:25:31',NULL,0),(225,2,3,33,'2011-03-02 15:25:24','2011-03-02 15:25:31',NULL,2),(226,2,3,34,'2011-03-02 15:25:24','2011-03-02 15:25:31',NULL,3),(227,2,3,35,'2011-03-02 15:25:31','2011-03-02 15:32:31',NULL,2),(228,2,3,36,'2011-03-02 15:25:31','2011-03-02 15:32:31',NULL,1),(229,2,3,37,'2011-03-02 15:25:31','2011-03-02 15:32:31',NULL,0),(230,2,3,38,'2011-03-02 15:25:31','2011-03-02 15:32:31',NULL,3),(231,2,3,39,'2011-03-02 15:25:31','2011-03-02 15:32:31',NULL,1),(232,2,3,40,'2011-03-02 15:25:31','2011-03-02 15:32:31',NULL,1),(233,2,3,41,'2011-03-02 15:25:31','2011-03-02 15:32:31',NULL,1),(234,2,3,42,'2011-03-02 15:25:31','2011-03-02 15:32:31',NULL,0),(235,2,3,43,'2011-03-02 15:25:31','2011-03-02 15:32:31',NULL,0),(236,2,3,44,'2011-03-02 15:25:31','2011-03-02 15:32:31',NULL,1),(237,2,3,45,'2011-03-02 15:25:31','2011-03-02 15:32:31',NULL,0),(238,2,3,46,'2011-03-02 15:25:31','2011-03-02 15:32:31',NULL,1),(239,2,3,47,'2011-03-02 15:25:31','2011-03-02 15:32:31',NULL,0),(240,2,3,48,'2011-03-02 15:25:31','2011-03-02 15:32:31',NULL,0),(241,2,3,49,'2011-03-02 15:25:31','2011-03-02 15:32:31',NULL,1),(242,2,3,50,'2011-03-02 15:25:31','2011-03-02 15:32:31',NULL,1),(243,2,3,51,'2011-03-02 15:25:31','2011-03-02 15:32:31',NULL,1),(244,2,3,52,'2011-03-02 15:25:31','2011-03-02 15:32:31',NULL,1),(245,2,3,53,'2011-03-02 15:25:31','2011-03-02 15:32:31',NULL,1),(246,2,3,54,'2011-03-02 15:25:31','2011-03-02 15:32:31',NULL,1),(247,2,3,55,'2011-03-02 15:25:31','2011-03-02 15:32:31',NULL,1),(248,2,3,56,'2011-03-02 15:25:31','2011-03-02 15:32:31',NULL,1),(249,2,3,57,'2011-03-02 15:32:31','2011-03-02 15:33:03',NULL,3),(250,2,3,58,'2011-03-02 15:32:31','2011-03-02 15:33:03',NULL,0),(251,2,3,59,'2011-03-02 15:32:31','2011-03-02 15:33:03',NULL,0),(252,2,3,60,'2011-03-02 15:32:31','2011-03-02 15:33:03',NULL,2),(253,2,3,61,'2011-03-02 15:32:31','2011-03-02 15:33:03',NULL,0),(254,2,3,62,'2011-03-02 15:32:31','2011-03-02 15:33:03',NULL,0),(255,2,3,63,'2011-03-02 15:32:31','2011-03-02 15:33:03',NULL,0),(256,2,3,64,'2011-03-02 15:32:31','2011-03-02 15:33:03',NULL,0),(257,2,3,65,'2011-03-02 15:32:31','2011-03-02 15:33:03',NULL,0),(258,2,3,66,'2011-03-02 15:32:31','2011-03-02 15:33:03',NULL,0),(259,2,3,67,'2011-03-02 15:32:31','2011-03-02 15:33:03',NULL,0),(260,2,3,68,'2011-03-02 15:32:31','2011-03-02 15:33:03',NULL,0),(261,2,3,69,'2011-03-02 15:33:03','2011-03-02 15:40:22',NULL,0),(262,2,3,70,'2011-03-02 15:33:03','2011-03-02 15:40:22',NULL,0),(263,2,3,71,'2011-03-02 15:33:03','2011-03-02 15:40:22',NULL,1),(264,2,3,72,'2011-03-02 15:33:03','2011-03-02 15:40:22',NULL,1),(265,2,3,73,'2011-03-02 15:33:03','2011-03-02 15:40:22',NULL,1),(266,2,3,74,'2011-03-02 15:33:03','2011-03-02 15:40:22',NULL,1),(267,2,3,75,'2011-03-02 15:33:03','2011-03-02 15:40:22',NULL,1),(268,2,3,76,'2011-03-02 15:33:03','2011-03-02 15:40:22',NULL,1),(269,2,3,77,'2011-03-02 15:33:03','2011-03-02 15:40:22',NULL,1),(270,2,3,78,'2011-03-02 15:33:03','2011-03-02 15:40:22',NULL,1),(271,2,3,79,'2011-03-02 15:33:03','2011-03-02 15:40:22',NULL,1),(272,2,3,80,'2011-03-02 15:33:03','2011-03-02 15:40:22',NULL,3),(273,2,3,81,'2011-03-02 15:33:03','2011-03-02 15:40:22',NULL,1),(274,2,3,82,'2011-03-02 15:33:03','2011-03-02 15:40:22',NULL,1),(275,2,3,83,'2011-03-02 15:33:03','2011-03-02 15:40:22',NULL,1),(276,2,3,84,'2011-03-02 15:33:03','2011-03-02 15:40:22',NULL,1),(277,2,3,85,'2011-03-02 15:33:03','2011-03-02 15:40:22',NULL,1),(278,2,3,86,'2011-03-02 15:33:03','2011-03-02 15:40:22',NULL,1),(279,2,3,87,'2011-03-02 15:33:03','2011-03-02 15:40:22',NULL,1),(280,2,3,88,'2011-03-02 15:33:03','2011-03-02 15:40:22',NULL,1),(281,2,3,89,'2011-03-02 15:33:03','2011-03-02 15:40:22',NULL,1),(282,2,3,90,'2011-03-02 15:33:03','2011-03-02 15:40:22',NULL,1),(283,2,3,91,'2011-03-02 15:33:03','2011-03-02 15:40:22',NULL,1),(284,2,3,92,'2011-03-02 15:33:03','2011-03-02 15:40:22',NULL,1),(285,2,3,93,'2011-03-02 15:33:03','2011-03-02 15:40:22',NULL,1),(286,2,3,94,'2011-03-02 15:33:03','2011-03-02 15:40:22',NULL,1),(287,2,3,95,'2011-03-02 15:33:03','2011-03-02 15:40:22',NULL,1),(288,2,3,96,'2011-03-02 15:33:03','2011-03-02 15:40:22',NULL,1),(289,2,3,97,'2011-03-02 15:33:03','2011-03-02 15:40:22',NULL,1),(290,2,3,98,'2011-03-02 15:33:03','2011-03-02 15:40:22',NULL,1),(291,2,3,99,'2011-03-02 15:33:03','2011-03-02 15:40:22',NULL,1),(292,2,3,100,'2011-03-02 15:33:03','2011-03-02 15:40:22',NULL,1),(293,2,3,101,'2011-03-02 15:33:03','2011-03-02 15:40:22',NULL,1),(294,2,3,102,'2011-03-02 15:33:03','2011-03-02 15:40:22',NULL,1),(295,2,3,103,'2011-03-02 15:33:03','2011-03-02 15:40:22',NULL,1),(296,2,3,104,'2011-03-02 15:33:03','2011-03-02 15:40:22',NULL,1),(297,2,3,105,'2011-03-02 15:33:03','2011-03-02 15:40:22',NULL,1),(298,2,3,106,'2011-03-02 15:33:03','2011-03-02 15:40:22',NULL,1),(299,2,3,107,'2011-03-02 15:33:03','2011-03-02 15:40:22',NULL,1),(300,2,3,108,'2011-03-02 15:33:03','2011-03-02 15:40:22',NULL,2),(301,2,3,109,'2011-03-02 15:33:03','2011-03-02 15:40:22',NULL,1),(302,2,3,110,'2011-03-02 15:33:03','2011-03-02 15:40:22',NULL,1),(303,2,3,111,'2011-03-02 15:33:03','2011-03-02 15:40:22',NULL,1),(304,2,3,112,'2011-03-02 15:33:03','2011-03-02 15:40:22',NULL,1),(305,2,3,113,'2011-03-02 15:33:03','2011-03-02 15:40:22',NULL,2),(306,2,3,114,'2011-03-02 15:33:03','2011-03-02 15:40:22',NULL,2),(307,2,3,115,'2011-03-02 15:33:03','2011-03-02 15:40:22',NULL,2),(308,2,3,116,'2011-03-02 15:33:03','2011-03-02 15:40:22',NULL,2),(309,2,3,117,'2011-03-02 15:33:03','2011-03-02 15:40:22',NULL,2),(310,2,3,118,'2011-03-02 15:33:03','2011-03-02 15:40:22',NULL,2),(311,2,3,119,'2011-03-02 15:33:03','2011-03-02 15:40:22',NULL,2),(312,2,3,120,'2011-03-02 15:33:03','2011-03-02 15:40:22',NULL,2),(313,2,3,121,'2011-03-02 15:33:03','2011-03-02 15:40:22',NULL,2),(314,2,3,122,'2011-03-02 15:33:03','2011-03-02 15:40:22',NULL,1),(315,2,3,123,'2011-03-02 15:33:03','2011-03-02 15:40:22',NULL,1),(316,2,3,124,'2011-03-02 15:33:03','2011-03-02 15:40:22',NULL,1),(317,2,3,125,'2011-03-02 15:33:03','2011-03-02 15:40:22',NULL,1),(318,2,3,126,'2011-03-02 15:33:03','2011-03-02 15:40:22',NULL,1),(319,2,3,127,'2011-03-02 15:33:03','2011-03-02 15:40:22',NULL,1),(320,2,3,128,'2011-03-02 15:33:03','2011-03-02 15:40:22',NULL,1),(321,2,3,129,'2011-03-02 15:33:03','2011-03-02 15:40:22',NULL,1),(322,2,3,130,'2011-03-02 15:33:03','2011-03-02 15:40:22',NULL,1),(323,2,3,131,'2011-03-02 15:40:22','2011-03-02 15:44:13',NULL,8),(324,2,3,132,'2011-03-02 15:40:22','2011-03-02 15:44:13',NULL,1),(325,2,3,133,'2011-03-02 15:40:22','2011-03-02 15:44:13',NULL,0),(326,2,3,134,'2011-03-02 15:40:22','2011-03-02 15:44:13',NULL,2),(327,2,3,135,'2011-03-02 15:40:22','2011-03-02 15:44:13',NULL,2),(328,2,3,136,'2011-03-02 15:40:22','2011-03-02 15:44:13',NULL,2),(329,2,3,138,'2011-03-02 15:40:22','2011-03-02 15:44:13',NULL,8),(330,2,3,139,'2011-03-02 15:40:22','2011-03-02 15:44:13',NULL,0),(331,2,3,140,'2011-03-02 15:40:22','2011-03-02 15:44:13',NULL,1),(332,2,3,141,'2011-03-02 15:40:22','2011-03-02 15:44:13',NULL,0),(333,2,3,142,'2011-03-02 15:40:22','2011-03-02 15:44:13',NULL,0),(334,2,3,144,'2011-03-02 15:40:22','2011-03-02 15:44:13',NULL,1),(335,2,3,145,'2011-03-02 15:40:22','2011-03-02 15:44:13',NULL,0),(336,2,3,147,'2011-03-02 15:40:22','2011-03-02 15:44:13',NULL,1),(337,2,3,148,'2011-03-02 15:40:22','2011-03-02 15:44:13',NULL,2),(338,2,3,150,'2011-03-02 15:40:22','2011-03-02 15:44:13',NULL,0),(339,2,3,151,'2011-03-02 15:40:22','2011-03-02 15:44:13',NULL,0),(340,2,3,153,'2011-03-02 15:40:22','2011-03-02 15:44:13',NULL,1),(341,2,3,154,'2011-03-02 15:40:22','2011-03-02 15:44:13',NULL,3),(342,2,3,155,'2011-03-02 15:40:22','2011-03-02 15:44:13',NULL,0),(343,2,3,156,'2011-03-02 15:40:22','2011-03-02 15:44:13',NULL,2),(344,2,3,157,'2011-03-02 15:40:22','2011-03-02 15:44:13',NULL,2),(345,2,3,158,'2011-03-02 15:40:22','2011-03-02 15:44:13',NULL,0),(346,2,3,159,'2011-03-02 15:40:22','2011-03-02 15:44:13',NULL,2),(347,2,3,160,'2011-03-02 15:40:22','2011-03-02 15:44:13',NULL,1),(348,2,3,161,'2011-03-02 15:40:22','2011-03-02 15:44:13',NULL,1),(349,2,3,162,'2011-03-02 15:40:22','2011-03-02 15:44:13',NULL,2),(350,2,3,163,'2011-03-02 15:40:22','2011-03-02 15:44:13',NULL,1),(351,2,3,164,'2011-03-02 15:40:22','2011-03-02 15:44:13',NULL,1),(352,2,3,165,'2011-03-02 15:40:22','2011-03-02 15:44:13',NULL,0),(353,2,3,166,'2011-03-02 15:40:22','2011-03-02 15:44:13',NULL,0),(354,2,3,167,'2011-03-02 15:40:22','2011-03-02 15:44:13',NULL,0),(355,2,3,168,'2011-03-02 15:40:22','2011-03-02 15:44:13',NULL,2),(356,2,3,169,'2011-03-02 15:40:22','2011-03-02 15:44:13',NULL,1),(357,2,3,170,'2011-03-02 15:40:22','2011-03-02 15:44:13',NULL,1),(358,2,3,171,'2011-03-02 15:40:22','2011-03-02 15:44:14',NULL,2),(359,2,3,172,'2011-03-02 15:40:22','2011-03-02 15:44:14',NULL,1),(360,2,3,173,'2011-03-02 15:40:22','2011-03-02 15:44:14',NULL,1),(361,2,3,174,'2011-03-02 15:40:22','2011-03-02 15:44:14',NULL,2),(362,2,3,175,'2011-03-02 15:40:22','2011-03-02 15:44:14',NULL,2),(363,2,3,176,'2011-03-02 15:40:22','2011-03-02 15:44:14',NULL,1),(364,2,3,177,'2011-03-02 15:40:22','2011-03-02 15:44:14',NULL,2),(365,2,3,178,'2011-03-02 15:40:22','2011-03-02 15:44:14',NULL,1),(366,2,3,179,'2011-03-02 15:40:22','2011-03-02 15:44:14',NULL,0),(367,2,3,180,'2011-03-02 15:40:22','2011-03-02 15:44:14',NULL,2),(368,2,2,57,'2011-03-02 16:40:42','2011-03-02 16:40:42',NULL,NULL),(369,2,2,58,'2011-03-02 16:40:42','2011-03-02 16:40:42',NULL,NULL),(370,2,2,59,'2011-03-02 16:40:42','2011-03-02 16:40:42',NULL,NULL),(371,2,2,60,'2011-03-02 16:40:42','2011-03-02 16:40:42',NULL,NULL),(372,2,2,61,'2011-03-02 16:40:42','2011-03-02 16:40:42',NULL,NULL),(373,2,2,62,'2011-03-02 16:40:42','2011-03-02 16:40:42',NULL,NULL),(374,2,2,63,'2011-03-02 16:40:42','2011-03-02 16:40:42',NULL,NULL),(375,2,2,64,'2011-03-02 16:40:42','2011-03-02 16:40:42',NULL,NULL),(376,2,2,65,'2011-03-02 16:40:42','2011-03-02 16:40:42',NULL,NULL),(377,2,2,66,'2011-03-02 16:40:42','2011-03-02 16:40:42',NULL,NULL),(378,2,2,67,'2011-03-02 16:40:42','2011-03-02 16:40:42',NULL,NULL),(379,2,2,68,'2011-03-02 16:40:42','2011-03-02 16:40:42',NULL,NULL),(380,2,1,1,'2011-03-02 17:38:10','2011-03-23 17:44:49',NULL,1),(381,2,1,2,'2011-03-02 17:38:10','2011-03-23 17:44:49',NULL,0),(382,2,1,3,'2011-03-02 17:38:10','2011-03-23 17:44:49',NULL,0),(383,2,1,4,'2011-03-02 17:38:10','2011-03-23 17:44:49',NULL,0),(384,2,1,5,'2011-03-02 17:38:10','2011-03-23 17:44:49',NULL,1),(385,2,1,6,'2011-03-02 17:38:10','2011-03-23 17:44:49',NULL,1),(386,2,1,7,'2011-03-02 17:38:10','2011-03-23 17:44:49',2,NULL),(387,2,1,8,'2011-03-02 17:38:10','2011-03-23 17:44:49',NULL,0),(388,2,1,9,'2011-03-02 17:38:10','2011-03-23 17:44:49',NULL,1),(389,2,1,10,'2011-03-02 17:38:10','2011-03-23 17:44:49',2,NULL),(390,2,1,11,'2011-03-02 17:38:10','2011-03-23 17:44:49',NULL,0),(391,2,1,12,'2011-03-02 17:38:10','2011-03-23 17:44:49',2,NULL),(392,2,1,13,'2011-03-02 17:38:10','2011-03-23 17:44:49',2,NULL),(393,2,1,14,'2011-03-02 17:38:10','2011-03-23 17:44:49',NULL,0),(394,2,1,15,'2011-03-02 17:38:10','2011-03-23 17:44:49',NULL,0),(395,2,1,16,'2011-03-02 17:38:10','2011-03-23 17:44:49',NULL,1),(396,2,1,17,'2011-03-02 17:38:10','2011-03-23 17:44:49',NULL,1),(397,2,1,18,'2011-03-02 17:38:33','2011-03-04 12:01:53',NULL,1),(398,2,1,19,'2011-03-02 17:38:33','2011-03-04 12:01:53',NULL,1),(399,2,1,20,'2011-03-02 17:38:33','2011-03-04 12:01:53',NULL,2),(400,2,1,21,'2011-03-02 17:38:33','2011-03-04 12:01:53',NULL,1),(401,2,1,22,'2011-03-02 17:38:33','2011-03-04 12:01:53',NULL,3),(402,2,1,23,'2011-03-02 17:38:33','2011-03-04 12:01:53',NULL,2),(403,2,1,24,'2011-03-02 17:38:33','2011-03-04 12:01:53',NULL,9),(404,2,1,25,'2011-03-02 17:38:33','2011-03-04 12:01:53',NULL,2),(405,2,1,26,'2011-03-02 17:38:33','2011-03-04 12:01:53',NULL,0),(406,2,1,27,'2011-03-02 17:38:33','2011-03-04 12:01:53',NULL,1),(407,2,1,28,'2011-03-02 17:38:33','2011-03-04 12:01:53',NULL,3),(408,2,1,29,'2011-03-02 17:38:33','2011-03-04 12:01:53',NULL,3),(409,2,1,30,'2011-03-02 17:38:33','2011-03-04 12:01:53',NULL,1),(410,2,1,31,'2011-03-02 17:38:33','2011-03-04 12:01:53',NULL,0),(411,2,1,35,'2011-03-02 17:40:56','2011-03-02 17:42:42',NULL,2),(412,2,1,36,'2011-03-02 17:40:56','2011-03-02 17:42:42',NULL,2),(413,2,1,37,'2011-03-02 17:40:56','2011-03-02 17:42:42',NULL,0),(414,2,1,38,'2011-03-02 17:40:56','2011-03-02 17:42:42',NULL,2),(415,2,1,39,'2011-03-02 17:40:56','2011-03-02 17:42:42',NULL,1),(416,2,1,40,'2011-03-02 17:40:56','2011-03-02 17:42:42',NULL,1),(417,2,1,41,'2011-03-02 17:40:56','2011-03-02 17:42:42',NULL,1),(418,2,1,42,'2011-03-02 17:40:56','2011-03-02 17:42:42',NULL,1),(419,2,1,43,'2011-03-02 17:40:56','2011-03-02 17:42:42',NULL,2),(420,2,1,44,'2011-03-02 17:40:56','2011-03-02 17:42:42',NULL,0),(421,2,1,45,'2011-03-02 17:40:56','2011-03-02 17:42:42',NULL,1),(422,2,1,46,'2011-03-02 17:40:56','2011-03-02 17:42:42',NULL,0),(423,2,1,47,'2011-03-02 17:40:56','2011-03-02 17:42:42',NULL,1),(424,2,1,48,'2011-03-02 17:40:56','2011-03-02 17:42:42',NULL,1),(425,2,1,49,'2011-03-02 17:40:56','2011-03-02 17:42:42',NULL,1),(426,2,1,50,'2011-03-02 17:40:56','2011-03-02 17:42:42',NULL,1),(427,2,1,51,'2011-03-02 17:40:56','2011-03-02 17:42:42',NULL,1),(428,2,1,52,'2011-03-02 17:40:56','2011-03-02 17:42:42',NULL,1),(429,2,1,53,'2011-03-02 17:40:56','2011-03-02 17:42:42',NULL,1),(430,2,1,54,'2011-03-02 17:40:56','2011-03-02 17:42:42',NULL,1),(431,2,1,55,'2011-03-02 17:40:56','2011-03-02 17:42:42',NULL,1),(432,2,1,56,'2011-03-02 17:40:56','2011-03-02 17:42:42',NULL,1),(433,2,1,57,'2011-03-02 17:42:42','2011-03-04 09:23:20',NULL,0),(434,2,1,58,'2011-03-02 17:42:42','2011-03-04 09:23:20',NULL,0),(435,2,1,59,'2011-03-02 17:42:42','2011-03-04 09:23:20',NULL,0),(436,2,1,60,'2011-03-02 17:42:42','2011-03-04 09:23:20',NULL,0),(437,2,1,61,'2011-03-02 17:42:42','2011-03-04 09:23:20',NULL,1),(438,2,1,62,'2011-03-02 17:42:42','2011-03-04 09:23:20',NULL,1),(439,2,1,63,'2011-03-02 17:42:42','2011-03-04 09:23:20',NULL,1),(440,2,1,64,'2011-03-02 17:42:42','2011-03-04 09:23:20',NULL,1),(441,2,1,65,'2011-03-02 17:42:42','2011-03-04 09:23:20',NULL,0),(442,2,1,66,'2011-03-02 17:42:42','2011-03-04 09:23:20',NULL,0),(443,2,1,67,'2011-03-02 17:42:42','2011-03-04 09:23:20',NULL,0),(444,2,1,68,'2011-03-02 17:42:42','2011-03-04 09:23:20',NULL,0),(445,2,1,131,'2011-03-02 17:45:49','2011-03-02 17:45:49',NULL,NULL),(446,2,1,132,'2011-03-02 17:45:49','2011-03-02 17:45:49',NULL,NULL),(447,2,1,133,'2011-03-02 17:45:49','2011-03-02 17:45:49',NULL,NULL),(448,2,1,134,'2011-03-02 17:45:49','2011-03-02 17:45:49',NULL,NULL),(449,2,1,135,'2011-03-02 17:45:49','2011-03-02 17:45:49',NULL,NULL),(450,2,1,136,'2011-03-02 17:45:49','2011-03-02 17:45:49',NULL,NULL),(451,2,1,138,'2011-03-02 17:45:49','2011-03-02 17:45:49',NULL,NULL),(452,2,1,139,'2011-03-02 17:45:49','2011-03-02 17:45:49',NULL,NULL),(453,2,1,140,'2011-03-02 17:45:49','2011-03-02 17:45:49',NULL,NULL),(454,2,1,141,'2011-03-02 17:45:49','2011-03-02 17:45:49',NULL,NULL),(455,2,1,142,'2011-03-02 17:45:49','2011-03-02 17:45:49',NULL,NULL),(456,2,1,144,'2011-03-02 17:45:49','2011-03-02 17:45:49',NULL,NULL),(457,2,1,145,'2011-03-02 17:45:49','2011-03-02 17:45:49',NULL,NULL),(458,2,1,147,'2011-03-02 17:45:49','2011-03-02 17:45:49',NULL,NULL),(459,2,1,148,'2011-03-02 17:45:49','2011-03-02 17:45:49',NULL,NULL),(460,2,1,150,'2011-03-02 17:45:50','2011-03-02 17:45:50',NULL,NULL),(461,2,1,151,'2011-03-02 17:45:50','2011-03-02 17:45:50',NULL,NULL),(462,2,1,153,'2011-03-02 17:45:50','2011-03-02 17:45:50',NULL,NULL),(463,2,1,154,'2011-03-02 17:45:50','2011-03-02 17:45:50',NULL,NULL),(464,2,1,155,'2011-03-02 17:45:50','2011-03-02 17:45:50',NULL,NULL),(465,2,1,156,'2011-03-02 17:45:50','2011-03-02 17:45:50',NULL,NULL),(466,2,1,157,'2011-03-02 17:45:50','2011-03-02 17:45:50',NULL,NULL),(467,2,1,158,'2011-03-02 17:45:50','2011-03-02 17:45:50',NULL,NULL),(468,2,1,159,'2011-03-02 17:45:50','2011-03-02 17:45:50',NULL,NULL),(469,2,1,160,'2011-03-02 17:45:50','2011-03-02 17:45:50',NULL,NULL),(470,2,1,161,'2011-03-02 17:45:50','2011-03-02 17:45:50',NULL,NULL),(471,2,1,162,'2011-03-02 17:45:50','2011-03-02 17:45:50',NULL,NULL),(472,2,1,163,'2011-03-02 17:45:50','2011-03-02 17:45:50',NULL,NULL),(473,2,1,164,'2011-03-02 17:45:50','2011-03-02 17:45:50',NULL,NULL),(474,2,1,165,'2011-03-02 17:45:50','2011-03-02 17:45:50',NULL,NULL),(475,2,1,166,'2011-03-02 17:45:50','2011-03-02 17:45:50',NULL,NULL),(476,2,1,167,'2011-03-02 17:45:50','2011-03-02 17:45:50',NULL,NULL),(477,2,1,168,'2011-03-02 17:45:50','2011-03-02 17:45:50',NULL,NULL),(478,2,1,169,'2011-03-02 17:45:50','2011-03-02 17:45:50',NULL,NULL),(479,2,1,170,'2011-03-02 17:45:50','2011-03-02 17:45:50',NULL,NULL),(480,2,1,171,'2011-03-02 17:45:50','2011-03-02 17:45:50',NULL,NULL),(481,2,1,172,'2011-03-02 17:45:50','2011-03-02 17:45:50',NULL,NULL),(482,2,1,173,'2011-03-02 17:45:50','2011-03-02 17:45:50',NULL,NULL),(483,2,1,174,'2011-03-02 17:45:50','2011-03-02 17:45:50',NULL,NULL),(484,2,1,175,'2011-03-02 17:45:50','2011-03-02 17:45:50',NULL,NULL),(485,2,1,176,'2011-03-02 17:45:50','2011-03-02 17:45:50',NULL,NULL),(486,2,1,177,'2011-03-02 17:45:50','2011-03-02 17:45:50',NULL,NULL),(487,2,1,178,'2011-03-02 17:45:50','2011-03-02 17:45:50',NULL,NULL),(488,2,1,179,'2011-03-02 17:45:50','2011-03-02 17:45:50',NULL,NULL),(489,2,1,180,'2011-03-02 17:45:50','2011-03-02 17:45:50',NULL,NULL),(490,2,5,131,'2011-03-02 17:45:59','2011-03-03 13:10:49',NULL,8),(491,2,5,132,'2011-03-02 17:45:59','2011-03-03 13:10:49',NULL,2),(492,2,5,133,'2011-03-02 17:45:59','2011-03-03 13:10:49',NULL,0),(493,2,5,134,'2011-03-02 17:45:59','2011-03-03 13:10:49',NULL,2),(494,2,5,135,'2011-03-02 17:45:59','2011-03-03 13:10:49',NULL,0),(495,2,5,136,'2011-03-02 17:45:59','2011-03-03 13:10:49',NULL,0),(496,2,5,138,'2011-03-02 17:45:59','2011-03-03 13:10:49',NULL,6),(497,2,5,139,'2011-03-02 17:45:59','2011-03-03 13:10:49',NULL,0),(498,2,5,140,'2011-03-02 17:45:59','2011-03-03 13:10:49',NULL,1),(499,2,5,141,'2011-03-02 17:45:59','2011-03-03 13:10:49',NULL,0),(500,2,5,142,'2011-03-02 17:45:59','2011-03-03 13:10:49',NULL,0),(501,2,5,144,'2011-03-02 17:45:59','2011-03-03 13:10:49',NULL,1),(502,2,5,145,'2011-03-02 17:45:59','2011-03-03 13:10:49',NULL,2),(503,2,5,147,'2011-03-02 17:45:59','2011-03-03 13:10:49',NULL,1),(504,2,5,148,'2011-03-02 17:45:59','2011-03-03 13:10:49',NULL,2),(505,2,5,150,'2011-03-02 17:45:59','2011-03-03 13:10:49',NULL,1),(506,2,5,151,'2011-03-02 17:45:59','2011-03-03 13:10:49',NULL,0),(507,2,5,153,'2011-03-02 17:45:59','2011-03-03 13:10:49',NULL,2),(508,2,5,154,'2011-03-02 17:45:59','2011-03-03 13:10:49',NULL,3),(509,2,5,155,'2011-03-02 17:45:59','2011-03-03 13:10:49',NULL,0),(510,2,5,156,'2011-03-02 17:45:59','2011-03-03 13:10:49',NULL,2),(511,2,5,157,'2011-03-02 17:45:59','2011-03-03 13:10:49',NULL,2),(512,2,5,158,'2011-03-02 17:45:59','2011-03-03 13:10:49',NULL,0),(513,2,5,159,'2011-03-02 17:45:59','2011-03-03 13:10:49',NULL,2),(514,2,5,160,'2011-03-02 17:45:59','2011-03-03 13:10:49',NULL,1),(515,2,5,161,'2011-03-02 17:45:59','2011-03-03 13:10:49',NULL,1),(516,2,5,162,'2011-03-02 17:45:59','2011-03-03 13:10:49',NULL,2),(517,2,5,163,'2011-03-02 17:45:59','2011-03-03 13:10:49',NULL,1),(518,2,5,164,'2011-03-02 17:45:59','2011-03-03 13:10:49',NULL,1),(519,2,5,165,'2011-03-02 17:45:59','2011-03-03 13:10:49',NULL,0),(520,2,5,166,'2011-03-02 17:45:59','2011-03-03 13:10:49',NULL,0),(521,2,5,167,'2011-03-02 17:45:59','2011-03-03 13:10:49',NULL,0),(522,2,5,168,'2011-03-02 17:45:59','2011-03-03 13:10:49',NULL,1),(523,2,5,169,'2011-03-02 17:45:59','2011-03-03 13:10:49',NULL,1),(524,2,5,170,'2011-03-02 17:45:59','2011-03-03 13:10:49',NULL,1),(525,2,5,171,'2011-03-02 17:45:59','2011-03-03 13:10:49',NULL,2),(526,2,5,172,'2011-03-02 17:45:59','2011-03-03 13:10:49',NULL,1),(527,2,5,173,'2011-03-02 17:45:59','2011-03-03 13:10:49',NULL,1),(528,2,5,174,'2011-03-02 17:45:59','2011-03-03 13:10:49',NULL,2),(529,2,5,175,'2011-03-02 17:45:59','2011-03-03 13:10:49',NULL,2),(530,2,5,176,'2011-03-02 17:45:59','2011-03-03 13:10:49',NULL,1),(531,2,5,177,'2011-03-02 17:45:59','2011-03-03 13:10:49',NULL,2),(532,2,5,178,'2011-03-02 17:45:59','2011-03-03 13:10:49',NULL,1),(533,2,5,179,'2011-03-02 17:45:59','2011-03-03 13:10:49',NULL,1),(534,2,5,180,'2011-03-02 17:45:59','2011-03-03 13:10:49',NULL,1),(535,2,2,18,'2011-03-02 17:46:50','2011-03-02 17:46:50',NULL,NULL),(536,2,2,19,'2011-03-02 17:46:50','2011-03-02 17:46:50',NULL,NULL),(537,2,2,20,'2011-03-02 17:46:50','2011-03-02 17:46:50',NULL,NULL),(538,2,2,21,'2011-03-02 17:46:50','2011-03-02 17:46:50',NULL,NULL),(539,2,2,22,'2011-03-02 17:46:50','2011-03-02 17:46:50',NULL,NULL),(540,2,2,23,'2011-03-02 17:46:50','2011-03-02 17:46:50',NULL,NULL),(541,2,2,24,'2011-03-02 17:46:50','2011-03-02 17:46:50',NULL,NULL),(542,2,2,25,'2011-03-02 17:46:50','2011-03-02 17:46:50',NULL,NULL),(543,2,2,26,'2011-03-02 17:46:50','2011-03-02 17:46:50',NULL,NULL),(544,2,2,27,'2011-03-02 17:46:50','2011-03-02 17:46:50',NULL,NULL),(545,2,2,28,'2011-03-02 17:46:50','2011-03-02 17:46:50',NULL,NULL),(546,2,2,29,'2011-03-02 17:46:50','2011-03-02 17:46:50',NULL,NULL),(547,2,2,30,'2011-03-02 17:46:50','2011-03-02 17:46:50',NULL,NULL),(548,2,2,31,'2011-03-02 17:46:50','2011-03-02 17:46:50',NULL,NULL),(549,2,5,18,'2011-03-03 13:02:31','2011-03-03 13:03:39',NULL,0),(550,2,5,19,'2011-03-03 13:02:31','2011-03-03 13:03:39',NULL,1),(551,2,5,20,'2011-03-03 13:02:31','2011-03-03 13:03:39',NULL,5),(552,2,5,21,'2011-03-03 13:02:31','2011-03-03 13:03:39',NULL,1),(553,2,5,22,'2011-03-03 13:02:31','2011-03-03 13:03:39',NULL,3),(554,2,5,23,'2011-03-03 13:02:31','2011-03-03 13:03:39',NULL,1),(555,2,5,24,'2011-03-03 13:02:31','2011-03-03 13:03:39',NULL,9),(556,2,5,25,'2011-03-03 13:02:31','2011-03-03 13:03:39',NULL,0),(557,2,5,26,'2011-03-03 13:02:31','2011-03-03 13:03:39',NULL,0),(558,2,5,27,'2011-03-03 13:02:31','2011-03-03 13:03:39',NULL,0),(559,2,5,28,'2011-03-03 13:02:31','2011-03-03 13:03:39',NULL,0),(560,2,5,29,'2011-03-03 13:02:31','2011-03-03 13:03:39',NULL,0),(561,2,5,30,'2011-03-03 13:02:31','2011-03-03 13:03:39',NULL,1),(562,2,5,31,'2011-03-03 13:02:31','2011-03-03 13:03:39',NULL,7),(563,2,5,32,'2011-03-03 13:03:40','2011-03-03 13:03:47',NULL,0),(564,2,5,33,'2011-03-03 13:03:40','2011-03-03 13:03:47',NULL,2),(565,2,5,34,'2011-03-03 13:03:40','2011-03-03 13:03:47',NULL,3),(566,2,5,35,'2011-03-03 13:03:48','2011-03-03 13:05:13',NULL,2),(567,2,5,36,'2011-03-03 13:03:48','2011-03-03 13:05:13',NULL,1),(568,2,5,37,'2011-03-03 13:03:48','2011-03-03 13:05:13',NULL,1),(569,2,5,38,'2011-03-03 13:03:48','2011-03-03 13:05:13',NULL,1),(570,2,5,39,'2011-03-03 13:03:48','2011-03-03 13:05:13',NULL,1),(571,2,5,40,'2011-03-03 13:03:48','2011-03-03 13:05:13',NULL,1),(572,2,5,41,'2011-03-03 13:03:48','2011-03-03 13:05:13',NULL,2),(573,2,5,42,'2011-03-03 13:03:48','2011-03-03 13:05:13',NULL,0),(574,2,5,43,'2011-03-03 13:03:48','2011-03-03 13:05:13',NULL,0),(575,2,5,44,'2011-03-03 13:03:48','2011-03-03 13:05:13',NULL,1),(576,2,5,45,'2011-03-03 13:03:48','2011-03-03 13:05:13',NULL,1),(577,2,5,46,'2011-03-03 13:03:48','2011-03-03 13:05:13',NULL,1),(578,2,5,47,'2011-03-03 13:03:48','2011-03-03 13:05:13',NULL,0),(579,2,5,48,'2011-03-03 13:03:48','2011-03-03 13:05:13',NULL,0),(580,2,5,49,'2011-03-03 13:03:48','2011-03-03 13:05:13',NULL,1),(581,2,5,50,'2011-03-03 13:03:48','2011-03-03 13:05:13',NULL,0),(582,2,5,51,'2011-03-03 13:03:48','2011-03-03 13:05:13',NULL,0),(583,2,5,52,'2011-03-03 13:03:48','2011-03-03 13:05:13',NULL,1),(584,2,5,53,'2011-03-03 13:03:48','2011-03-03 13:05:13',NULL,1),(585,2,5,54,'2011-03-03 13:03:48','2011-03-03 13:05:13',NULL,1),(586,2,5,55,'2011-03-03 13:03:48','2011-03-03 13:05:13',NULL,1),(587,2,5,56,'2011-03-03 13:03:48','2011-03-03 13:05:13',NULL,1),(588,2,5,57,'2011-03-03 13:05:13','2011-03-03 13:05:44',NULL,3),(589,2,5,58,'2011-03-03 13:05:13','2011-03-03 13:05:44',NULL,0),(590,2,5,59,'2011-03-03 13:05:13','2011-03-03 13:05:44',NULL,0),(591,2,5,60,'2011-03-03 13:05:13','2011-03-03 13:05:44',NULL,2),(592,2,5,61,'2011-03-03 13:05:13','2011-03-03 13:05:44',NULL,0),(593,2,5,62,'2011-03-03 13:05:13','2011-03-03 13:05:44',NULL,0),(594,2,5,63,'2011-03-03 13:05:13','2011-03-03 13:05:44',NULL,0),(595,2,5,64,'2011-03-03 13:05:13','2011-03-03 13:05:44',NULL,0),(596,2,5,65,'2011-03-03 13:05:13','2011-03-03 13:05:44',NULL,0),(597,2,5,66,'2011-03-03 13:05:13','2011-03-03 13:05:44',NULL,0),(598,2,5,67,'2011-03-03 13:05:13','2011-03-03 13:05:44',NULL,0),(599,2,5,68,'2011-03-03 13:05:13','2011-03-03 13:05:44',NULL,0),(600,2,5,69,'2011-03-03 13:05:45','2011-03-03 13:07:23',NULL,0),(601,2,5,70,'2011-03-03 13:05:45','2011-03-03 13:07:23',NULL,1),(602,2,5,71,'2011-03-03 13:05:45','2011-03-03 13:07:23',NULL,1),(603,2,5,72,'2011-03-03 13:05:45','2011-03-03 13:07:23',NULL,1),(604,2,5,73,'2011-03-03 13:05:45','2011-03-03 13:07:23',NULL,1),(605,2,5,74,'2011-03-03 13:05:45','2011-03-03 13:07:23',NULL,1),(606,2,5,75,'2011-03-03 13:05:45','2011-03-03 13:07:23',NULL,1),(607,2,5,76,'2011-03-03 13:05:45','2011-03-03 13:07:23',NULL,1),(608,2,5,77,'2011-03-03 13:05:45','2011-03-03 13:07:23',NULL,1),(609,2,5,78,'2011-03-03 13:05:45','2011-03-03 13:07:23',NULL,1),(610,2,5,79,'2011-03-03 13:05:45','2011-03-03 13:07:23',NULL,1),(611,2,5,80,'2011-03-03 13:05:45','2011-03-03 13:07:23',NULL,3),(612,2,5,81,'2011-03-03 13:05:45','2011-03-03 13:07:23',NULL,1),(613,2,5,82,'2011-03-03 13:05:45','2011-03-03 13:07:23',NULL,1),(614,2,5,83,'2011-03-03 13:05:45','2011-03-03 13:07:23',NULL,1),(615,2,5,84,'2011-03-03 13:05:45','2011-03-03 13:07:23',NULL,1),(616,2,5,85,'2011-03-03 13:05:45','2011-03-03 13:07:23',NULL,1),(617,2,5,86,'2011-03-03 13:05:45','2011-03-03 13:07:23',NULL,1),(618,2,5,87,'2011-03-03 13:05:45','2011-03-03 13:07:23',NULL,1),(619,2,5,88,'2011-03-03 13:05:45','2011-03-03 13:07:23',NULL,1),(620,2,5,89,'2011-03-03 13:05:45','2011-03-03 13:07:23',NULL,1),(621,2,5,90,'2011-03-03 13:05:45','2011-03-03 13:07:23',NULL,1),(622,2,5,91,'2011-03-03 13:05:45','2011-03-03 13:07:23',NULL,1),(623,2,5,92,'2011-03-03 13:05:45','2011-03-03 13:07:23',NULL,1),(624,2,5,93,'2011-03-03 13:05:45','2011-03-03 13:07:23',NULL,1),(625,2,5,94,'2011-03-03 13:05:45','2011-03-03 13:07:23',NULL,1),(626,2,5,95,'2011-03-03 13:05:45','2011-03-03 13:07:23',NULL,1),(627,2,5,96,'2011-03-03 13:05:45','2011-03-03 13:07:23',NULL,1),(628,2,5,97,'2011-03-03 13:05:45','2011-03-03 13:07:23',NULL,1),(629,2,5,98,'2011-03-03 13:05:45','2011-03-03 13:07:23',NULL,1),(630,2,5,99,'2011-03-03 13:05:45','2011-03-03 13:07:23',NULL,1),(631,2,5,100,'2011-03-03 13:05:45','2011-03-03 13:07:23',NULL,1),(632,2,5,101,'2011-03-03 13:05:45','2011-03-03 13:07:23',NULL,1),(633,2,5,102,'2011-03-03 13:05:45','2011-03-03 13:07:23',NULL,1),(634,2,5,103,'2011-03-03 13:05:45','2011-03-03 13:07:23',NULL,1),(635,2,5,104,'2011-03-03 13:05:45','2011-03-03 13:07:23',NULL,1),(636,2,5,105,'2011-03-03 13:05:45','2011-03-03 13:07:23',NULL,1),(637,2,5,106,'2011-03-03 13:05:45','2011-03-03 13:07:23',NULL,1),(638,2,5,107,'2011-03-03 13:05:45','2011-03-03 13:07:23',NULL,1),(639,2,5,108,'2011-03-03 13:05:45','2011-03-03 13:07:23',NULL,2),(640,2,5,109,'2011-03-03 13:05:45','2011-03-03 13:07:23',NULL,1),(641,2,5,110,'2011-03-03 13:05:45','2011-03-03 13:07:23',NULL,1),(642,2,5,111,'2011-03-03 13:05:45','2011-03-03 13:07:23',NULL,1),(643,2,5,112,'2011-03-03 13:05:45','2011-03-03 13:07:23',NULL,1),(644,2,5,113,'2011-03-03 13:05:45','2011-03-03 13:07:23',NULL,2),(645,2,5,114,'2011-03-03 13:05:45','2011-03-03 13:07:23',NULL,2),(646,2,5,115,'2011-03-03 13:05:45','2011-03-03 13:07:23',NULL,2),(647,2,5,116,'2011-03-03 13:05:45','2011-03-03 13:07:23',NULL,2),(648,2,5,117,'2011-03-03 13:05:45','2011-03-03 13:07:23',NULL,2),(649,2,5,118,'2011-03-03 13:05:45','2011-03-03 13:07:23',NULL,2),(650,2,5,119,'2011-03-03 13:05:45','2011-03-03 13:07:23',NULL,2),(651,2,5,120,'2011-03-03 13:05:45','2011-03-03 13:07:23',NULL,2),(652,2,5,121,'2011-03-03 13:05:45','2011-03-03 13:07:23',NULL,2),(653,2,5,122,'2011-03-03 13:05:45','2011-03-03 13:07:23',NULL,1),(654,2,5,123,'2011-03-03 13:05:45','2011-03-03 13:07:23',NULL,1),(655,2,5,124,'2011-03-03 13:05:45','2011-03-03 13:07:23',NULL,1),(656,2,5,125,'2011-03-03 13:05:45','2011-03-03 13:07:23',NULL,1),(657,2,5,126,'2011-03-03 13:05:45','2011-03-03 13:07:23',NULL,1),(658,2,5,127,'2011-03-03 13:05:45','2011-03-03 13:07:23',NULL,1),(659,2,5,128,'2011-03-03 13:05:45','2011-03-03 13:07:23',NULL,1),(660,2,5,129,'2011-03-03 13:05:45','2011-03-03 13:07:23',NULL,1),(661,2,5,130,'2011-03-03 13:05:45','2011-03-03 13:07:23',NULL,1),(662,2,6,1,'2011-03-03 13:10:49','2011-03-03 13:10:49',NULL,NULL),(663,2,6,2,'2011-03-03 13:10:49','2011-03-03 13:10:49',NULL,NULL),(664,2,6,3,'2011-03-03 13:10:49','2011-03-03 13:10:49',NULL,NULL),(665,2,6,4,'2011-03-03 13:10:49','2011-03-03 13:10:49',NULL,NULL),(666,2,6,5,'2011-03-03 13:10:49','2011-03-03 13:10:49',NULL,NULL),(667,2,6,6,'2011-03-03 13:10:49','2011-03-03 13:10:49',NULL,NULL),(668,2,6,7,'2011-03-03 13:10:49','2011-03-03 13:10:49',NULL,NULL),(669,2,6,8,'2011-03-03 13:10:49','2011-03-03 13:10:49',NULL,NULL),(670,2,6,9,'2011-03-03 13:10:49','2011-03-03 13:10:49',NULL,NULL),(671,2,6,10,'2011-03-03 13:10:49','2011-03-03 13:10:49',NULL,NULL),(672,2,6,11,'2011-03-03 13:10:49','2011-03-03 13:10:49',NULL,NULL),(673,2,6,12,'2011-03-03 13:10:49','2011-03-03 13:10:49',NULL,NULL),(674,2,6,13,'2011-03-03 13:10:49','2011-03-03 13:10:49',NULL,NULL),(675,2,6,14,'2011-03-03 13:10:49','2011-03-03 13:10:49',NULL,NULL),(676,2,6,15,'2011-03-03 13:10:49','2011-03-03 13:10:49',NULL,NULL),(677,2,6,16,'2011-03-03 13:10:49','2011-03-03 13:10:49',NULL,NULL),(678,2,6,17,'2011-03-03 13:10:49','2011-03-03 13:10:49',NULL,NULL),(679,2,10,1,'2011-03-03 13:27:41','2011-03-03 13:27:41',NULL,NULL),(680,2,10,2,'2011-03-03 13:27:41','2011-03-03 13:27:41',NULL,NULL),(681,2,10,3,'2011-03-03 13:27:41','2011-03-03 13:27:41',NULL,NULL),(682,2,10,4,'2011-03-03 13:27:41','2011-03-03 13:27:41',NULL,NULL),(683,2,10,5,'2011-03-03 13:27:41','2011-03-03 13:27:41',NULL,NULL),(684,2,10,6,'2011-03-03 13:27:41','2011-03-03 13:27:41',NULL,NULL),(685,2,10,7,'2011-03-03 13:27:41','2011-03-03 13:27:41',NULL,NULL),(686,2,10,8,'2011-03-03 13:27:41','2011-03-03 13:27:41',NULL,NULL),(687,2,10,9,'2011-03-03 13:27:41','2011-03-03 13:27:41',NULL,NULL),(688,2,10,10,'2011-03-03 13:27:41','2011-03-03 13:27:41',NULL,NULL),(689,2,10,11,'2011-03-03 13:27:41','2011-03-03 13:27:41',NULL,NULL),(690,2,10,12,'2011-03-03 13:27:41','2011-03-03 13:27:41',NULL,NULL),(691,2,10,13,'2011-03-03 13:27:41','2011-03-03 13:27:41',NULL,NULL),(692,2,10,14,'2011-03-03 13:27:41','2011-03-03 13:27:41',NULL,NULL),(693,2,10,15,'2011-03-03 13:27:41','2011-03-03 13:27:41',NULL,NULL),(694,2,10,16,'2011-03-03 13:27:41','2011-03-03 13:27:41',NULL,NULL),(695,2,10,17,'2011-03-03 13:27:41','2011-03-03 13:27:41',NULL,NULL),(696,2,14,1,'2011-03-03 13:28:09','2011-03-03 13:28:09',NULL,NULL),(697,2,14,2,'2011-03-03 13:28:09','2011-03-03 13:28:09',NULL,NULL),(698,2,14,3,'2011-03-03 13:28:09','2011-03-03 13:28:09',NULL,NULL),(699,2,14,4,'2011-03-03 13:28:09','2011-03-03 13:28:09',NULL,NULL),(700,2,14,5,'2011-03-03 13:28:09','2011-03-03 13:28:09',NULL,NULL),(701,2,14,6,'2011-03-03 13:28:09','2011-03-03 13:28:09',NULL,NULL),(702,2,14,7,'2011-03-03 13:28:09','2011-03-03 13:28:09',NULL,NULL),(703,2,14,8,'2011-03-03 13:28:09','2011-03-03 13:28:09',NULL,NULL),(704,2,14,9,'2011-03-03 13:28:09','2011-03-03 13:28:09',NULL,NULL),(705,2,14,10,'2011-03-03 13:28:09','2011-03-03 13:28:09',NULL,NULL),(706,2,14,11,'2011-03-03 13:28:09','2011-03-03 13:28:09',NULL,NULL),(707,2,14,12,'2011-03-03 13:28:09','2011-03-03 13:28:09',NULL,NULL),(708,2,14,13,'2011-03-03 13:28:09','2011-03-03 13:28:09',NULL,NULL),(709,2,14,14,'2011-03-03 13:28:09','2011-03-03 13:28:09',NULL,NULL),(710,2,14,15,'2011-03-03 13:28:09','2011-03-03 13:28:09',NULL,NULL),(711,2,14,16,'2011-03-03 13:28:09','2011-03-03 13:28:09',NULL,NULL),(712,2,14,17,'2011-03-03 13:28:09','2011-03-03 13:28:09',NULL,NULL),(713,1,4,32,'2011-03-04 09:20:46','2011-03-04 09:21:04',NULL,0),(714,1,4,33,'2011-03-04 09:20:46','2011-03-04 09:21:04',NULL,2),(715,1,4,34,'2011-03-04 09:20:46','2011-03-04 09:21:04',NULL,3),(716,1,4,35,'2011-03-04 09:21:04','2011-03-04 09:21:04',NULL,NULL),(717,1,4,36,'2011-03-04 09:21:04','2011-03-04 09:21:04',NULL,NULL),(718,1,4,37,'2011-03-04 09:21:04','2011-03-04 09:21:04',NULL,NULL),(719,1,4,38,'2011-03-04 09:21:04','2011-03-04 09:21:04',NULL,NULL),(720,1,4,39,'2011-03-04 09:21:04','2011-03-04 09:21:04',NULL,NULL),(721,1,4,40,'2011-03-04 09:21:04','2011-03-04 09:21:04',NULL,NULL),(722,1,4,41,'2011-03-04 09:21:04','2011-03-04 09:21:04',NULL,NULL),(723,1,4,42,'2011-03-04 09:21:04','2011-03-04 09:21:04',NULL,NULL),(724,1,4,43,'2011-03-04 09:21:04','2011-03-04 09:21:04',NULL,NULL),(725,1,4,44,'2011-03-04 09:21:04','2011-03-04 09:21:04',NULL,NULL),(726,1,4,45,'2011-03-04 09:21:04','2011-03-04 09:21:04',NULL,NULL),(727,1,4,46,'2011-03-04 09:21:04','2011-03-04 09:21:04',NULL,NULL),(728,1,4,47,'2011-03-04 09:21:04','2011-03-04 09:21:04',NULL,NULL),(729,1,4,48,'2011-03-04 09:21:04','2011-03-04 09:21:04',NULL,NULL),(730,1,4,49,'2011-03-04 09:21:04','2011-03-04 09:21:04',NULL,NULL),(731,1,4,50,'2011-03-04 09:21:04','2011-03-04 09:21:04',NULL,NULL),(732,1,4,51,'2011-03-04 09:21:04','2011-03-04 09:21:04',NULL,NULL),(733,1,4,52,'2011-03-04 09:21:04','2011-03-04 09:21:04',NULL,NULL),(734,1,4,53,'2011-03-04 09:21:04','2011-03-04 09:21:04',NULL,NULL),(735,1,4,54,'2011-03-04 09:21:04','2011-03-04 09:21:04',NULL,NULL),(736,1,4,55,'2011-03-04 09:21:04','2011-03-04 09:21:04',NULL,NULL),(737,1,4,56,'2011-03-04 09:21:04','2011-03-04 09:21:04',NULL,NULL),(738,2,1,69,'2011-03-04 09:23:21','2011-03-23 17:51:47',NULL,1),(739,2,1,70,'2011-03-04 09:23:21','2011-03-23 17:51:47',NULL,1),(740,2,1,71,'2011-03-04 09:23:21','2011-03-23 17:51:47',NULL,0),(741,2,1,72,'2011-03-04 09:23:21','2011-03-23 17:51:47',NULL,1),(742,2,1,73,'2011-03-04 09:23:21','2011-03-23 17:51:47',NULL,1),(743,2,1,74,'2011-03-04 09:23:21','2011-03-23 17:51:47',NULL,1),(744,2,1,75,'2011-03-04 09:23:21','2011-03-23 17:51:47',NULL,1),(745,2,1,76,'2011-03-04 09:23:21','2011-03-23 17:51:47',NULL,1),(746,2,1,77,'2011-03-04 09:23:21','2011-03-23 17:51:47',NULL,1),(747,2,1,78,'2011-03-04 09:23:21','2011-03-23 17:51:47',NULL,1),(748,2,1,79,'2011-03-04 09:23:21','2011-03-23 17:51:47',NULL,1),(749,2,1,80,'2011-03-04 09:23:21','2011-03-23 17:51:47',NULL,1),(750,2,1,81,'2011-03-04 09:23:21','2011-03-23 17:51:47',NULL,1),(751,2,1,82,'2011-03-04 09:23:21','2011-03-23 17:51:47',NULL,1),(752,2,1,83,'2011-03-04 09:23:21','2011-03-23 17:51:47',NULL,1),(753,2,1,84,'2011-03-04 09:23:21','2011-03-23 17:51:47',NULL,1),(754,2,1,85,'2011-03-04 09:23:21','2011-03-23 17:51:47',NULL,1),(755,2,1,86,'2011-03-04 09:23:21','2011-03-23 17:51:47',NULL,1),(756,2,1,87,'2011-03-04 09:23:21','2011-03-23 17:51:47',NULL,1),(757,2,1,88,'2011-03-04 09:23:21','2011-03-23 17:51:47',NULL,1),(758,2,1,89,'2011-03-04 09:23:21','2011-03-23 17:51:47',NULL,1),(759,2,1,90,'2011-03-04 09:23:21','2011-03-23 17:51:47',NULL,1),(760,2,1,91,'2011-03-04 09:23:21','2011-03-23 17:51:47',NULL,1),(761,2,1,92,'2011-03-04 09:23:21','2011-03-23 17:51:47',NULL,1),(762,2,1,93,'2011-03-04 09:23:21','2011-03-23 17:51:47',NULL,1),(763,2,1,94,'2011-03-04 09:23:21','2011-03-23 17:51:47',NULL,1),(764,2,1,95,'2011-03-04 09:23:21','2011-03-23 17:51:47',NULL,1),(765,2,1,96,'2011-03-04 09:23:21','2011-03-23 17:51:47',NULL,1),(766,2,1,97,'2011-03-04 09:23:21','2011-03-23 17:51:47',NULL,1),(767,2,1,98,'2011-03-04 09:23:21','2011-03-23 17:51:47',NULL,1),(768,2,1,99,'2011-03-04 09:23:21','2011-03-23 17:51:47',NULL,1),(769,2,1,100,'2011-03-04 09:23:21','2011-03-23 17:51:47',NULL,1),(770,2,1,101,'2011-03-04 09:23:21','2011-03-23 17:51:47',NULL,1),(771,2,1,102,'2011-03-04 09:23:21','2011-03-23 17:51:47',NULL,1),(772,2,1,103,'2011-03-04 09:23:21','2011-03-23 17:51:47',NULL,1),(773,2,1,104,'2011-03-04 09:23:21','2011-03-23 17:51:47',NULL,1),(774,2,1,105,'2011-03-04 09:23:21','2011-03-23 17:51:47',NULL,1),(775,2,1,106,'2011-03-04 09:23:21','2011-03-23 17:51:47',NULL,1),(776,2,1,107,'2011-03-04 09:23:21','2011-03-23 17:51:47',NULL,1),(777,2,1,108,'2011-03-04 09:23:21','2011-03-23 17:51:47',NULL,2),(778,2,1,109,'2011-03-04 09:23:21','2011-03-23 17:51:47',NULL,1),(779,2,1,110,'2011-03-04 09:23:21','2011-03-23 17:51:47',NULL,1),(780,2,1,111,'2011-03-04 09:23:21','2011-03-23 17:51:47',NULL,1),(781,2,1,112,'2011-03-04 09:23:21','2011-03-23 17:51:47',NULL,1),(782,2,1,113,'2011-03-04 09:23:21','2011-03-23 17:51:47',NULL,2),(783,2,1,114,'2011-03-04 09:23:21','2011-03-23 17:51:47',NULL,2),(784,2,1,115,'2011-03-04 09:23:21','2011-03-23 17:51:47',NULL,2),(785,2,1,116,'2011-03-04 09:23:21','2011-03-23 17:51:47',NULL,2),(786,2,1,117,'2011-03-04 09:23:21','2011-03-23 17:51:47',NULL,2),(787,2,1,118,'2011-03-04 09:23:21','2011-03-23 17:51:47',NULL,2),(788,2,1,119,'2011-03-04 09:23:21','2011-03-23 17:51:47',NULL,2),(789,2,1,120,'2011-03-04 09:23:21','2011-03-23 17:51:47',NULL,2),(790,2,1,121,'2011-03-04 09:23:21','2011-03-23 17:51:47',NULL,2),(791,2,1,122,'2011-03-04 09:23:21','2011-03-23 17:51:47',NULL,1),(792,2,1,123,'2011-03-04 09:23:21','2011-03-23 17:51:47',NULL,1),(793,2,1,124,'2011-03-04 09:23:21','2011-03-23 17:51:47',NULL,1),(794,2,1,125,'2011-03-04 09:23:21','2011-03-23 17:51:47',NULL,1),(795,2,1,126,'2011-03-04 09:23:21','2011-03-23 17:51:47',NULL,1),(796,2,1,127,'2011-03-04 09:23:21','2011-03-23 17:51:47',NULL,1),(797,2,1,128,'2011-03-04 09:23:21','2011-03-23 17:51:47',NULL,1),(798,2,1,129,'2011-03-04 09:23:21','2011-03-23 17:51:47',NULL,1),(799,2,1,130,'2011-03-04 09:23:21','2011-03-23 17:51:47',NULL,1),(800,1,1,1,'2011-03-04 09:53:18','2011-03-04 09:53:18',NULL,NULL),(801,1,1,2,'2011-03-04 09:53:18','2011-03-04 09:53:18',NULL,NULL),(802,1,1,3,'2011-03-04 09:53:18','2011-03-04 09:53:18',NULL,NULL),(803,1,1,4,'2011-03-04 09:53:18','2011-03-04 09:53:18',NULL,NULL),(804,1,1,5,'2011-03-04 09:53:18','2011-03-04 09:53:18',NULL,NULL),(805,1,1,6,'2011-03-04 09:53:18','2011-03-04 09:53:18',NULL,NULL),(806,1,1,7,'2011-03-04 09:53:18','2011-03-04 09:53:18',NULL,NULL),(807,1,1,8,'2011-03-04 09:53:18','2011-03-04 09:53:18',NULL,NULL),(808,1,1,9,'2011-03-04 09:53:18','2011-03-04 09:53:18',NULL,NULL),(809,1,1,10,'2011-03-04 09:53:18','2011-03-04 09:53:18',NULL,NULL),(810,1,1,11,'2011-03-04 09:53:18','2011-03-04 09:53:18',NULL,NULL),(811,1,1,12,'2011-03-04 09:53:18','2011-03-04 09:53:18',NULL,NULL),(812,1,1,13,'2011-03-04 09:53:18','2011-03-04 09:53:18',NULL,NULL),(813,1,1,14,'2011-03-04 09:53:18','2011-03-04 09:53:18',NULL,NULL),(814,1,1,15,'2011-03-04 09:53:18','2011-03-04 09:53:18',NULL,NULL),(815,1,1,16,'2011-03-04 09:53:18','2011-03-04 09:53:18',NULL,NULL),(816,1,1,17,'2011-03-04 09:53:18','2011-03-04 09:53:18',NULL,NULL),(817,2,1,32,'2011-03-04 09:59:44','2011-03-04 09:59:58',1,NULL),(818,2,1,33,'2011-03-04 09:59:44','2011-03-04 09:59:58',NULL,0),(819,2,1,34,'2011-03-04 09:59:44','2011-03-04 09:59:58',NULL,1),(820,4,21,1,'2011-03-04 22:41:45','2011-03-09 15:33:42',NULL,1),(821,4,21,2,'2011-03-04 22:41:45','2011-03-09 15:33:42',NULL,0),(822,4,21,3,'2011-03-04 22:41:45','2011-03-09 15:33:42',NULL,0),(823,4,21,4,'2011-03-04 22:41:45','2011-03-09 15:33:42',NULL,0),(824,4,21,5,'2011-03-04 22:41:45','2011-03-09 15:33:42',NULL,1),(825,4,21,6,'2011-03-04 22:41:45','2011-03-09 15:33:42',NULL,1),(826,4,21,7,'2011-03-04 22:41:45','2011-03-09 15:33:42',NULL,0),(827,4,21,8,'2011-03-04 22:41:45','2011-03-09 15:33:42',NULL,1),(828,4,21,9,'2011-03-04 22:41:45','2011-03-09 15:33:42',NULL,1),(829,4,21,10,'2011-03-04 22:41:45','2011-03-09 15:33:42',NULL,1),(830,4,21,11,'2011-03-04 22:41:45','2011-03-09 15:33:42',NULL,0),(831,4,21,12,'2011-03-04 22:41:45','2011-03-09 15:33:42',NULL,1),(832,4,21,13,'2011-03-04 22:41:45','2011-03-09 15:33:42',NULL,1),(833,4,21,14,'2011-03-04 22:41:45','2011-03-09 15:33:42',NULL,0),(834,4,21,15,'2011-03-04 22:41:45','2011-03-09 15:33:42',NULL,0),(835,4,21,16,'2011-03-04 22:41:45','2011-03-09 15:33:42',NULL,1),(836,4,21,17,'2011-03-04 22:41:45','2011-03-09 15:33:42',NULL,1),(837,7,21,1,'2011-03-05 09:32:56','2011-03-23 16:43:41',NULL,1),(838,7,21,2,'2011-03-05 09:32:56','2011-03-23 16:43:41',NULL,0),(839,7,21,3,'2011-03-05 09:32:56','2011-03-23 16:43:41',NULL,0),(840,7,21,4,'2011-03-05 09:32:56','2011-03-23 16:43:41',NULL,0),(841,7,21,5,'2011-03-05 09:32:56','2011-03-23 16:43:41',NULL,1),(842,7,21,6,'2011-03-05 09:32:56','2011-03-23 16:43:41',NULL,1),(843,7,21,7,'2011-03-05 09:32:56','2011-03-23 16:43:41',NULL,1),(844,7,21,8,'2011-03-05 09:32:56','2011-03-23 16:43:41',NULL,1),(845,7,21,9,'2011-03-05 09:32:56','2011-03-23 16:43:41',NULL,1),(846,7,21,10,'2011-03-05 09:32:56','2011-03-23 16:43:41',NULL,1),(847,7,21,11,'2011-03-05 09:32:56','2011-03-23 16:43:41',NULL,0),(848,7,21,12,'2011-03-05 09:32:56','2011-03-23 16:43:41',NULL,1),(849,7,21,13,'2011-03-05 09:32:56','2011-03-23 16:43:41',NULL,1),(850,7,21,14,'2011-03-05 09:32:56','2011-03-23 16:43:41',NULL,1),(851,7,21,15,'2011-03-05 09:32:56','2011-03-23 16:43:41',NULL,0),(852,7,21,16,'2011-03-05 09:32:56','2011-03-23 16:43:41',NULL,1),(853,7,21,17,'2011-03-05 09:32:56','2011-03-23 16:43:41',NULL,1),(854,4,22,1,'2011-03-05 13:10:47','2011-03-21 13:23:08',NULL,1),(855,4,22,2,'2011-03-05 13:10:47','2011-03-21 13:23:08',NULL,0),(856,4,22,3,'2011-03-05 13:10:47','2011-03-21 13:23:08',NULL,0),(857,4,22,4,'2011-03-05 13:10:47','2011-03-21 13:23:08',NULL,0),(858,4,22,5,'2011-03-05 13:10:47','2011-03-21 13:23:08',NULL,1),(859,4,22,6,'2011-03-05 13:10:47','2011-03-21 13:23:08',NULL,1),(860,4,22,7,'2011-03-05 13:10:47','2011-03-21 13:23:08',NULL,1),(861,4,22,8,'2011-03-05 13:10:47','2011-03-21 13:23:08',NULL,1),(862,4,22,9,'2011-03-05 13:10:47','2011-03-21 13:23:08',NULL,1),(863,4,22,10,'2011-03-05 13:10:47','2011-03-21 13:23:08',NULL,1),(864,4,22,11,'2011-03-05 13:10:47','2011-03-21 13:23:08',NULL,0),(865,4,22,12,'2011-03-05 13:10:47','2011-03-21 13:23:08',NULL,1),(866,4,22,13,'2011-03-05 13:10:47','2011-03-21 13:23:08',NULL,1),(867,4,22,14,'2011-03-05 13:10:47','2011-03-21 13:23:08',NULL,0),(868,4,22,15,'2011-03-05 13:10:47','2011-03-21 13:23:08',NULL,0),(869,4,22,16,'2011-03-05 13:10:47','2011-03-21 13:23:08',NULL,1),(870,4,22,17,'2011-03-05 13:10:47','2011-03-21 13:23:08',NULL,1),(871,4,21,18,'2011-03-09 15:33:42','2011-03-21 12:53:04',NULL,0),(872,4,21,19,'2011-03-09 15:33:42','2011-03-21 12:53:04',NULL,1),(873,4,21,20,'2011-03-09 15:33:42','2011-03-21 12:53:04',NULL,4),(874,4,21,21,'2011-03-09 15:33:42','2011-03-21 12:53:04',NULL,1),(875,4,21,22,'2011-03-09 15:33:42','2011-03-21 12:53:04',NULL,3),(876,4,21,23,'2011-03-09 15:33:42','2011-03-21 12:53:04',NULL,1),(877,4,21,24,'2011-03-09 15:33:42','2011-03-21 12:53:04',NULL,9),(878,4,21,25,'2011-03-09 15:33:42','2011-03-21 12:53:04',NULL,1),(879,4,21,26,'2011-03-09 15:33:42','2011-03-21 12:53:04',NULL,0),(880,4,21,27,'2011-03-09 15:33:42','2011-03-21 12:53:04',NULL,1),(881,4,21,28,'2011-03-09 15:33:42','2011-03-21 12:53:04',NULL,3),(882,4,21,29,'2011-03-09 15:33:42','2011-03-21 12:53:04',NULL,1),(883,4,21,30,'2011-03-09 15:33:42','2011-03-21 12:53:04',NULL,1),(884,4,21,31,'2011-03-09 15:33:42','2011-03-21 12:53:04',NULL,7),(885,5,21,1,'2011-03-10 10:42:26','2011-03-10 10:46:20',NULL,1),(886,5,21,2,'2011-03-10 10:42:26','2011-03-10 10:46:20',NULL,0),(887,5,21,3,'2011-03-10 10:42:26','2011-03-10 10:46:20',NULL,0),(888,5,21,4,'2011-03-10 10:42:26','2011-03-10 10:46:20',NULL,0),(889,5,21,5,'2011-03-10 10:42:26','2011-03-10 10:46:20',NULL,1),(890,5,21,6,'2011-03-10 10:42:26','2011-03-10 10:46:20',NULL,1),(891,5,21,7,'2011-03-10 10:42:26','2011-03-10 10:46:20',NULL,1),(892,5,21,8,'2011-03-10 10:42:26','2011-03-10 10:46:20',NULL,1),(893,5,21,9,'2011-03-10 10:42:26','2011-03-10 10:46:20',NULL,1),(894,5,21,10,'2011-03-10 10:42:26','2011-03-10 10:46:20',NULL,1),(895,5,21,11,'2011-03-10 10:42:26','2011-03-10 10:46:20',NULL,1),(896,5,21,12,'2011-03-10 10:42:26','2011-03-10 10:46:20',NULL,1),(897,5,21,13,'2011-03-10 10:42:26','2011-03-10 10:46:20',NULL,1),(898,5,21,14,'2011-03-10 10:42:26','2011-03-10 10:46:20',0,NULL),(899,5,21,15,'2011-03-10 10:42:26','2011-03-10 10:46:20',NULL,0),(900,5,21,16,'2011-03-10 10:42:26','2011-03-10 10:46:20',NULL,1),(901,5,21,17,'2011-03-10 10:42:26','2011-03-10 10:46:20',NULL,1),(902,5,21,18,'2011-03-10 10:46:20','2011-03-10 10:49:19',NULL,0),(903,5,21,19,'2011-03-10 10:46:20','2011-03-10 10:49:19',NULL,1),(904,5,21,20,'2011-03-10 10:46:20','2011-03-10 10:49:19',NULL,4),(905,5,21,21,'2011-03-10 10:46:20','2011-03-10 10:49:19',NULL,1),(906,5,21,22,'2011-03-10 10:46:20','2011-03-10 10:49:19',NULL,3),(907,5,21,23,'2011-03-10 10:46:20','2011-03-10 10:49:19',NULL,1),(908,5,21,24,'2011-03-10 10:46:20','2011-03-10 10:49:19',NULL,9),(909,5,21,25,'2011-03-10 10:46:20','2011-03-10 10:49:19',NULL,1),(910,5,21,26,'2011-03-10 10:46:20','2011-03-10 10:49:19',NULL,0),(911,5,21,27,'2011-03-10 10:46:20','2011-03-10 10:49:19',NULL,0),(912,5,21,28,'2011-03-10 10:46:20','2011-03-10 10:49:19',NULL,0),(913,5,21,29,'2011-03-10 10:46:20','2011-03-10 10:49:19',NULL,1),(914,5,21,30,'2011-03-10 10:46:20','2011-03-10 10:49:19',NULL,1),(915,5,21,31,'2011-03-10 10:46:20','2011-03-10 10:49:19',NULL,7),(916,5,21,32,'2011-03-10 10:49:19','2011-03-10 10:49:36',NULL,0),(917,5,21,33,'2011-03-10 10:49:19','2011-03-10 10:49:36',NULL,2),(918,5,21,34,'2011-03-10 10:49:19','2011-03-10 10:49:36',NULL,3),(919,5,21,35,'2011-03-10 10:49:36','2011-03-10 10:52:16',NULL,2),(920,5,21,36,'2011-03-10 10:49:36','2011-03-10 10:52:16',NULL,2),(921,5,21,37,'2011-03-10 10:49:36','2011-03-10 10:52:16',NULL,0),(922,5,21,38,'2011-03-10 10:49:36','2011-03-10 10:52:16',NULL,4),(923,5,21,39,'2011-03-10 10:49:36','2011-03-10 10:52:16',NULL,0),(924,5,21,40,'2011-03-10 10:49:36','2011-03-10 10:52:16',NULL,1),(925,5,21,41,'2011-03-10 10:49:36','2011-03-10 10:52:16',NULL,1),(926,5,21,42,'2011-03-10 10:49:36','2011-03-10 10:52:16',NULL,0),(927,5,21,43,'2011-03-10 10:49:36','2011-03-10 10:52:16',NULL,0),(928,5,21,44,'2011-03-10 10:49:36','2011-03-10 10:52:16',NULL,1),(929,5,21,45,'2011-03-10 10:49:36','2011-03-10 10:52:16',NULL,0),(930,5,21,46,'2011-03-10 10:49:36','2011-03-10 10:52:16',NULL,1),(931,5,21,47,'2011-03-10 10:49:36','2011-03-10 10:52:16',NULL,1),(932,5,21,48,'2011-03-10 10:49:36','2011-03-10 10:52:16',NULL,0),(933,5,21,49,'2011-03-10 10:49:36','2011-03-10 10:52:16',NULL,1),(934,5,21,50,'2011-03-10 10:49:36','2011-03-10 10:52:16',NULL,1),(935,5,21,51,'2011-03-10 10:49:36','2011-03-10 10:52:16',NULL,1),(936,5,21,52,'2011-03-10 10:49:36','2011-03-10 10:52:16',NULL,1),(937,5,21,53,'2011-03-10 10:49:36','2011-03-10 10:52:16',NULL,1),(938,5,21,54,'2011-03-10 10:49:36','2011-03-10 10:52:16',NULL,1),(939,5,21,55,'2011-03-10 10:49:36','2011-03-10 10:52:16',NULL,1),(940,5,21,56,'2011-03-10 10:49:36','2011-03-10 10:52:16',NULL,1),(941,5,21,57,'2011-03-10 10:52:17','2011-03-10 10:53:40',NULL,3),(942,5,21,58,'2011-03-10 10:52:17','2011-03-10 10:53:40',NULL,4),(943,5,21,59,'2011-03-10 10:52:17','2011-03-10 10:53:40',NULL,0),(944,5,21,60,'2011-03-10 10:52:17','2011-03-10 10:53:40',NULL,2),(945,5,21,61,'2011-03-10 10:52:17','2011-03-10 10:53:40',NULL,0),(946,5,21,62,'2011-03-10 10:52:17','2011-03-10 10:53:40',NULL,0),(947,5,21,63,'2011-03-10 10:52:17','2011-03-10 10:53:40',NULL,0),(948,5,21,64,'2011-03-10 10:52:17','2011-03-10 10:53:40',NULL,0),(949,5,21,65,'2011-03-10 10:52:17','2011-03-10 10:53:40',NULL,0),(950,5,21,66,'2011-03-10 10:52:17','2011-03-10 10:53:40',NULL,0),(951,5,21,67,'2011-03-10 10:52:17','2011-03-10 10:53:40',NULL,0),(952,5,21,68,'2011-03-10 10:52:17','2011-03-10 10:53:40',NULL,0),(953,5,21,69,'2011-03-10 10:53:41','2011-03-10 11:06:05',NULL,0),(954,5,21,70,'2011-03-10 10:53:41','2011-03-10 11:06:05',NULL,1),(955,5,21,71,'2011-03-10 10:53:41','2011-03-10 11:06:05',NULL,1),(956,5,21,72,'2011-03-10 10:53:41','2011-03-10 11:06:05',NULL,1),(957,5,21,73,'2011-03-10 10:53:41','2011-03-10 11:06:05',NULL,0),(958,5,21,74,'2011-03-10 10:53:41','2011-03-10 11:06:05',NULL,1),(959,5,21,75,'2011-03-10 10:53:41','2011-03-10 11:06:05',NULL,1),(960,5,21,76,'2011-03-10 10:53:41','2011-03-10 11:06:05',NULL,1),(961,5,21,77,'2011-03-10 10:53:41','2011-03-10 11:06:05',NULL,1),(962,5,21,78,'2011-03-10 10:53:41','2011-03-10 11:06:05',NULL,1),(963,5,21,79,'2011-03-10 10:53:41','2011-03-10 11:06:05',NULL,1),(964,5,21,80,'2011-03-10 10:53:41','2011-03-10 11:06:05',NULL,3),(965,5,21,81,'2011-03-10 10:53:41','2011-03-10 11:06:05',NULL,1),(966,5,21,82,'2011-03-10 10:53:41','2011-03-10 11:06:05',NULL,1),(967,5,21,83,'2011-03-10 10:53:41','2011-03-10 11:06:05',NULL,1),(968,5,21,84,'2011-03-10 10:53:41','2011-03-10 11:06:05',NULL,1),(969,5,21,85,'2011-03-10 10:53:41','2011-03-10 11:06:05',NULL,1),(970,5,21,86,'2011-03-10 10:53:41','2011-03-10 11:06:05',NULL,1),(971,5,21,87,'2011-03-10 10:53:41','2011-03-10 11:06:05',NULL,1),(972,5,21,88,'2011-03-10 10:53:41','2011-03-10 11:06:05',NULL,1),(973,5,21,89,'2011-03-10 10:53:41','2011-03-10 11:06:05',NULL,1),(974,5,21,90,'2011-03-10 10:53:41','2011-03-10 11:06:05',NULL,1),(975,5,21,91,'2011-03-10 10:53:41','2011-03-10 11:06:05',NULL,0),(976,5,21,92,'2011-03-10 10:53:41','2011-03-10 11:06:05',NULL,1),(977,5,21,93,'2011-03-10 10:53:41','2011-03-10 11:06:05',NULL,1),(978,5,21,94,'2011-03-10 10:53:41','2011-03-10 11:06:05',NULL,1),(979,5,21,95,'2011-03-10 10:53:41','2011-03-10 11:06:06',NULL,1),(980,5,21,96,'2011-03-10 10:53:41','2011-03-10 11:06:06',NULL,1),(981,5,21,97,'2011-03-10 10:53:41','2011-03-10 11:06:06',NULL,1),(982,5,21,98,'2011-03-10 10:53:41','2011-03-10 11:06:06',NULL,1),(983,5,21,99,'2011-03-10 10:53:41','2011-03-10 11:06:06',NULL,1),(984,5,21,100,'2011-03-10 10:53:41','2011-03-10 11:06:06',NULL,1),(985,5,21,101,'2011-03-10 10:53:41','2011-03-10 11:06:06',NULL,1),(986,5,21,102,'2011-03-10 10:53:41','2011-03-10 11:06:06',NULL,1),(987,5,21,103,'2011-03-10 10:53:41','2011-03-10 11:06:06',NULL,1),(988,5,21,104,'2011-03-10 10:53:41','2011-03-10 11:06:06',NULL,1),(989,5,21,105,'2011-03-10 10:53:41','2011-03-10 11:06:06',NULL,1),(990,5,21,106,'2011-03-10 10:53:41','2011-03-10 11:06:06',NULL,1),(991,5,21,107,'2011-03-10 10:53:41','2011-03-10 11:06:06',NULL,1),(992,5,21,108,'2011-03-10 10:53:41','2011-03-10 11:06:06',NULL,2),(993,5,21,109,'2011-03-10 10:53:41','2011-03-10 11:06:06',NULL,1),(994,5,21,110,'2011-03-10 10:53:41','2011-03-10 11:06:06',NULL,1),(995,5,21,111,'2011-03-10 10:53:41','2011-03-10 11:06:06',NULL,1),(996,5,21,112,'2011-03-10 10:53:41','2011-03-10 11:06:06',NULL,1),(997,5,21,113,'2011-03-10 10:53:41','2011-03-10 11:06:06',0,NULL),(998,5,21,114,'2011-03-10 10:53:41','2011-03-10 11:06:06',NULL,2),(999,5,21,115,'2011-03-10 10:53:41','2011-03-10 11:06:06',NULL,2),(1000,5,21,116,'2011-03-10 10:53:41','2011-03-10 11:06:06',NULL,2),(1001,5,21,117,'2011-03-10 10:53:41','2011-03-10 11:06:06',NULL,1),(1002,5,21,118,'2011-03-10 10:53:41','2011-03-10 11:06:06',NULL,1),(1003,5,21,119,'2011-03-10 10:53:41','2011-03-10 11:06:06',NULL,2),(1004,5,21,120,'2011-03-10 10:53:41','2011-03-10 11:06:06',NULL,2),(1005,5,21,121,'2011-03-10 10:53:41','2011-03-10 11:06:06',NULL,2),(1006,5,21,122,'2011-03-10 10:53:41','2011-03-10 11:06:06',NULL,1),(1007,5,21,123,'2011-03-10 10:53:41','2011-03-10 11:06:06',NULL,1),(1008,5,21,124,'2011-03-10 10:53:41','2011-03-10 11:06:06',NULL,1),(1009,5,21,125,'2011-03-10 10:53:41','2011-03-10 11:06:06',NULL,1),(1010,5,21,126,'2011-03-10 10:53:41','2011-03-10 11:06:06',NULL,1),(1011,5,21,127,'2011-03-10 10:53:41','2011-03-10 11:06:06',NULL,1),(1012,5,21,128,'2011-03-10 10:53:41','2011-03-10 11:06:06',NULL,1),(1013,5,21,129,'2011-03-10 10:53:41','2011-03-10 11:06:06',NULL,1),(1014,5,21,130,'2011-03-10 10:53:41','2011-03-10 11:06:06',NULL,1),(1015,5,21,131,'2011-03-10 11:06:06','2011-03-10 11:19:41',NULL,6),(1016,5,21,132,'2011-03-10 11:06:06','2011-03-10 11:19:41',NULL,2),(1017,5,21,133,'2011-03-10 11:06:06','2011-03-10 11:19:41',NULL,2),(1018,5,21,134,'2011-03-10 11:06:06','2011-03-10 11:19:41',NULL,2),(1019,5,21,135,'2011-03-10 11:06:06','2011-03-10 11:19:41',NULL,1),(1020,5,21,136,'2011-03-10 11:06:06','2011-03-10 11:19:41',NULL,1),(1021,5,21,138,'2011-03-10 11:06:06','2011-03-10 11:19:41',NULL,3),(1022,5,21,139,'2011-03-10 11:06:06','2011-03-10 11:19:41',NULL,2),(1023,5,21,140,'2011-03-10 11:06:06','2011-03-10 11:19:41',NULL,1),(1024,5,21,141,'2011-03-10 11:06:06','2011-03-10 11:19:41',NULL,0),(1025,5,21,142,'2011-03-10 11:06:06','2011-03-10 11:19:41',NULL,0),(1026,5,21,144,'2011-03-10 11:06:06','2011-03-10 11:19:41',NULL,1),(1027,5,21,145,'2011-03-10 11:06:06','2011-03-10 11:19:41',NULL,3),(1028,5,21,147,'2011-03-10 11:06:06','2011-03-10 11:19:41',NULL,0),(1029,5,21,148,'2011-03-10 11:06:06','2011-03-10 11:19:41',NULL,2),(1030,5,21,150,'2011-03-10 11:06:06','2011-03-10 11:19:41',NULL,0),(1031,5,21,151,'2011-03-10 11:06:06','2011-03-10 11:19:41',NULL,1),(1032,5,21,153,'2011-03-10 11:06:06','2011-03-10 11:19:41',NULL,2),(1033,5,21,154,'2011-03-10 11:06:06','2011-03-10 11:19:41',NULL,3),(1034,5,21,155,'2011-03-10 11:06:06','2011-03-10 11:19:41',NULL,10),(1035,5,21,156,'2011-03-10 11:06:06','2011-03-10 11:19:41',NULL,2),(1036,5,21,157,'2011-03-10 11:06:06','2011-03-10 11:19:41',NULL,2),(1037,5,21,158,'2011-03-10 11:06:06','2011-03-10 11:19:41',NULL,0),(1038,5,21,159,'2011-03-10 11:06:06','2011-03-10 11:19:41',NULL,2),(1039,5,21,160,'2011-03-10 11:06:06','2011-03-10 11:19:41',NULL,1),(1040,5,21,161,'2011-03-10 11:06:06','2011-03-10 11:19:41',NULL,1),(1041,5,21,162,'2011-03-10 11:06:06','2011-03-10 11:19:41',NULL,2),(1042,5,21,163,'2011-03-10 11:06:06','2011-03-10 11:19:41',NULL,1),(1043,5,21,164,'2011-03-10 11:06:06','2011-03-10 11:19:41',NULL,0),(1044,5,21,165,'2011-03-10 11:06:06','2011-03-10 11:19:41',NULL,0),(1045,5,21,166,'2011-03-10 11:06:06','2011-03-10 11:19:41',NULL,0),(1046,5,21,167,'2011-03-10 11:06:06','2011-03-10 11:19:41',NULL,0),(1047,5,21,168,'2011-03-10 11:06:06','2011-03-10 11:19:41',NULL,1),(1048,5,21,169,'2011-03-10 11:06:06','2011-03-10 11:19:41',NULL,1),(1049,5,21,170,'2011-03-10 11:06:06','2011-03-10 11:19:41',NULL,1),(1050,5,21,171,'2011-03-10 11:06:06','2011-03-10 11:19:41',NULL,2),(1051,5,21,172,'2011-03-10 11:06:06','2011-03-10 11:19:41',NULL,1),(1052,5,21,173,'2011-03-10 11:06:06','2011-03-10 11:19:41',NULL,1),(1053,5,21,174,'2011-03-10 11:06:06','2011-03-10 11:19:41',NULL,2),(1054,5,21,175,'2011-03-10 11:06:06','2011-03-10 11:19:41',NULL,0),(1055,5,21,176,'2011-03-10 11:06:06','2011-03-10 11:19:41',NULL,0),(1056,5,21,177,'2011-03-10 11:06:06','2011-03-10 11:19:41',NULL,1),(1057,5,21,178,'2011-03-10 11:06:06','2011-03-10 11:19:41',NULL,1),(1058,5,21,179,'2011-03-10 11:06:06','2011-03-10 11:19:41',NULL,1),(1059,5,21,180,'2011-03-10 11:06:06','2011-03-10 11:19:41',NULL,1),(1060,5,22,1,'2011-03-10 11:19:41','2011-03-10 12:50:03',NULL,1),(1061,5,22,2,'2011-03-10 11:19:41','2011-03-10 12:50:03',NULL,1),(1062,5,22,3,'2011-03-10 11:19:41','2011-03-10 12:50:03',NULL,0),(1063,5,22,4,'2011-03-10 11:19:41','2011-03-10 12:50:03',NULL,0),(1064,5,22,5,'2011-03-10 11:19:41','2011-03-10 12:50:03',NULL,1),(1065,5,22,6,'2011-03-10 11:19:41','2011-03-10 12:50:03',NULL,1),(1066,5,22,7,'2011-03-10 11:19:41','2011-03-10 12:50:03',3,NULL),(1067,5,22,8,'2011-03-10 11:19:41','2011-03-10 12:50:03',NULL,1),(1068,5,22,9,'2011-03-10 11:19:41','2011-03-10 12:50:03',NULL,1),(1069,5,22,10,'2011-03-10 11:19:41','2011-03-10 12:50:03',NULL,1),(1070,5,22,11,'2011-03-10 11:19:41','2011-03-10 12:50:03',1,NULL),(1071,5,22,12,'2011-03-10 11:19:41','2011-03-10 12:50:03',NULL,1),(1072,5,22,13,'2011-03-10 11:19:41','2011-03-10 12:50:03',NULL,1),(1073,5,22,14,'2011-03-10 11:19:41','2011-03-10 12:50:03',NULL,1),(1074,5,22,15,'2011-03-10 11:19:41','2011-03-10 12:50:03',NULL,0),(1075,5,22,16,'2011-03-10 11:19:41','2011-03-10 12:50:03',NULL,1),(1076,5,22,17,'2011-03-10 11:19:41','2011-03-10 12:50:03',NULL,1),(1077,5,22,18,'2011-03-10 12:50:04','2011-03-10 12:53:46',NULL,0),(1078,5,22,19,'2011-03-10 12:50:04','2011-03-10 12:53:46',NULL,1),(1079,5,22,20,'2011-03-10 12:50:04','2011-03-10 12:53:46',NULL,4),(1080,5,22,21,'2011-03-10 12:50:04','2011-03-10 12:53:46',NULL,1),(1081,5,22,22,'2011-03-10 12:50:04','2011-03-10 12:53:46',NULL,3),(1082,5,22,23,'2011-03-10 12:50:04','2011-03-10 12:53:46',NULL,1),(1083,5,22,24,'2011-03-10 12:50:04','2011-03-10 12:53:46',NULL,9),(1084,5,22,25,'2011-03-10 12:50:04','2011-03-10 12:53:46',NULL,2),(1085,5,22,26,'2011-03-10 12:50:04','2011-03-10 12:53:46',NULL,0),(1086,5,22,27,'2011-03-10 12:50:04','2011-03-10 12:53:46',NULL,0),(1087,5,22,28,'2011-03-10 12:50:04','2011-03-10 12:53:46',0,NULL),(1088,5,22,29,'2011-03-10 12:50:04','2011-03-10 12:53:46',NULL,1),(1089,5,22,30,'2011-03-10 12:50:04','2011-03-10 12:53:46',NULL,1),(1090,5,22,31,'2011-03-10 12:50:04','2011-03-10 12:53:46',NULL,7),(1091,5,22,32,'2011-03-10 12:53:46','2011-03-10 12:54:08',NULL,0),(1092,5,22,33,'2011-03-10 12:53:46','2011-03-10 12:54:08',NULL,2),(1093,5,22,34,'2011-03-10 12:53:46','2011-03-10 12:54:08',NULL,3),(1094,5,22,35,'2011-03-10 12:54:08','2011-03-10 12:57:45',NULL,2),(1095,5,22,36,'2011-03-10 12:54:08','2011-03-10 12:57:45',NULL,2),(1096,5,22,37,'2011-03-10 12:54:08','2011-03-10 12:57:45',NULL,0),(1097,5,22,38,'2011-03-10 12:54:08','2011-03-10 12:57:45',NULL,2),(1098,5,22,39,'2011-03-10 12:54:08','2011-03-10 12:57:45',NULL,0),(1099,5,22,40,'2011-03-10 12:54:08','2011-03-10 12:57:45',NULL,1),(1100,5,22,41,'2011-03-10 12:54:08','2011-03-10 12:57:45',NULL,1),(1101,5,22,42,'2011-03-10 12:54:08','2011-03-10 12:57:45',NULL,1),(1102,5,22,43,'2011-03-10 12:54:08','2011-03-10 12:57:45',NULL,0),(1103,5,22,44,'2011-03-10 12:54:08','2011-03-10 12:57:45',NULL,1),(1104,5,22,45,'2011-03-10 12:54:08','2011-03-10 12:57:45',NULL,0),(1105,5,22,46,'2011-03-10 12:54:08','2011-03-10 12:57:45',NULL,1),(1106,5,22,47,'2011-03-10 12:54:08','2011-03-10 12:57:45',NULL,1),(1107,5,22,48,'2011-03-10 12:54:08','2011-03-10 12:57:45',NULL,1),(1108,5,22,49,'2011-03-10 12:54:08','2011-03-10 12:57:45',NULL,1),(1109,5,22,50,'2011-03-10 12:54:08','2011-03-10 12:57:45',NULL,1),(1110,5,22,51,'2011-03-10 12:54:08','2011-03-10 12:57:45',NULL,1),(1111,5,22,52,'2011-03-10 12:54:08','2011-03-10 12:57:45',NULL,1),(1112,5,22,53,'2011-03-10 12:54:08','2011-03-10 12:57:45',NULL,1),(1113,5,22,54,'2011-03-10 12:54:08','2011-03-10 12:57:45',NULL,1),(1114,5,22,55,'2011-03-10 12:54:08','2011-03-10 12:57:45',NULL,1),(1115,5,22,56,'2011-03-10 12:54:08','2011-03-10 12:57:45',NULL,1),(1116,5,22,57,'2011-03-10 12:57:46','2011-03-10 12:59:15',NULL,3),(1117,5,22,58,'2011-03-10 12:57:46','2011-03-10 12:59:15',NULL,0),(1118,5,22,59,'2011-03-10 12:57:46','2011-03-10 12:59:15',NULL,1),(1119,5,22,60,'2011-03-10 12:57:46','2011-03-10 12:59:15',NULL,2),(1120,5,22,61,'2011-03-10 12:57:46','2011-03-10 12:59:15',NULL,0),(1121,5,22,62,'2011-03-10 12:57:46','2011-03-10 12:59:15',NULL,0),(1122,5,22,63,'2011-03-10 12:57:46','2011-03-10 12:59:15',NULL,0),(1123,5,22,64,'2011-03-10 12:57:46','2011-03-10 12:59:15',NULL,0),(1124,5,22,65,'2011-03-10 12:57:46','2011-03-10 12:59:15',NULL,0),(1125,5,22,66,'2011-03-10 12:57:46','2011-03-10 12:59:15',NULL,0),(1126,5,22,67,'2011-03-10 12:57:46','2011-03-10 12:59:15',NULL,0),(1127,5,22,68,'2011-03-10 12:57:46','2011-03-10 12:59:15',NULL,0),(1128,5,22,69,'2011-03-10 12:59:15','2011-03-10 13:09:03',NULL,1),(1129,5,22,70,'2011-03-10 12:59:15','2011-03-10 13:09:03',NULL,1),(1130,5,22,71,'2011-03-10 12:59:15','2011-03-10 13:09:03',NULL,0),(1131,5,22,72,'2011-03-10 12:59:15','2011-03-10 13:09:03',NULL,1),(1132,5,22,73,'2011-03-10 12:59:15','2011-03-10 13:09:03',NULL,1),(1133,5,22,74,'2011-03-10 12:59:15','2011-03-10 13:09:03',3,NULL),(1134,5,22,75,'2011-03-10 12:59:15','2011-03-10 13:09:03',3,NULL),(1135,5,22,76,'2011-03-10 12:59:15','2011-03-10 13:09:03',3,NULL),(1136,5,22,77,'2011-03-10 12:59:15','2011-03-10 13:09:03',3,NULL),(1137,5,22,78,'2011-03-10 12:59:15','2011-03-10 13:09:03',NULL,1),(1138,5,22,79,'2011-03-10 12:59:15','2011-03-10 13:09:03',NULL,0),(1139,5,22,80,'2011-03-10 12:59:15','2011-03-10 13:09:03',NULL,2),(1140,5,22,81,'2011-03-10 12:59:15','2011-03-10 13:09:03',NULL,1),(1141,5,22,82,'2011-03-10 12:59:15','2011-03-10 13:09:03',NULL,1),(1142,5,22,83,'2011-03-10 12:59:15','2011-03-10 13:09:03',NULL,1),(1143,5,22,84,'2011-03-10 12:59:15','2011-03-10 13:09:03',3,NULL),(1144,5,22,85,'2011-03-10 12:59:15','2011-03-10 13:09:03',NULL,1),(1145,5,22,86,'2011-03-10 12:59:15','2011-03-10 13:09:03',3,NULL),(1146,5,22,87,'2011-03-10 12:59:15','2011-03-10 13:09:03',3,NULL),(1147,5,22,88,'2011-03-10 12:59:15','2011-03-10 13:09:03',NULL,1),(1148,5,22,89,'2011-03-10 12:59:15','2011-03-10 13:09:03',3,NULL),(1149,5,22,90,'2011-03-10 12:59:15','2011-03-10 13:09:03',3,NULL),(1150,5,22,91,'2011-03-10 12:59:15','2011-03-10 13:09:03',NULL,0),(1151,5,22,92,'2011-03-10 12:59:15','2011-03-10 13:09:03',NULL,1),(1152,5,22,93,'2011-03-10 12:59:15','2011-03-10 13:09:03',NULL,1),(1153,5,22,94,'2011-03-10 12:59:15','2011-03-10 13:09:03',NULL,1),(1154,5,22,95,'2011-03-10 12:59:15','2011-03-10 13:09:03',NULL,1),(1155,5,22,96,'2011-03-10 12:59:15','2011-03-10 13:09:03',NULL,0),(1156,5,22,97,'2011-03-10 12:59:15','2011-03-10 13:09:03',3,NULL),(1157,5,22,98,'2011-03-10 12:59:15','2011-03-10 13:09:03',3,NULL),(1158,5,22,99,'2011-03-10 12:59:15','2011-03-10 13:09:03',3,NULL),(1159,5,22,100,'2011-03-10 12:59:15','2011-03-10 13:09:03',NULL,1),(1160,5,22,101,'2011-03-10 12:59:15','2011-03-10 13:09:03',NULL,1),(1161,5,22,102,'2011-03-10 12:59:15','2011-03-10 13:09:03',NULL,1),(1162,5,22,103,'2011-03-10 12:59:15','2011-03-10 13:09:03',NULL,1),(1163,5,22,104,'2011-03-10 12:59:15','2011-03-10 13:09:03',NULL,1),(1164,5,22,105,'2011-03-10 12:59:15','2011-03-10 13:09:03',NULL,1),(1165,5,22,106,'2011-03-10 12:59:15','2011-03-10 13:09:03',NULL,1),(1166,5,22,107,'2011-03-10 12:59:15','2011-03-10 13:09:03',NULL,1),(1167,5,22,108,'2011-03-10 12:59:15','2011-03-10 13:09:03',NULL,0),(1168,5,22,109,'2011-03-10 12:59:15','2011-03-10 13:09:03',NULL,1),(1169,5,22,110,'2011-03-10 12:59:15','2011-03-10 13:09:03',NULL,1),(1170,5,22,111,'2011-03-10 12:59:15','2011-03-10 13:09:03',NULL,0),(1171,5,22,112,'2011-03-10 12:59:15','2011-03-10 13:09:03',NULL,1),(1172,5,22,113,'2011-03-10 12:59:15','2011-03-10 13:09:03',3,NULL),(1173,5,22,114,'2011-03-10 12:59:15','2011-03-10 13:09:03',3,NULL),(1174,5,22,115,'2011-03-10 12:59:15','2011-03-10 13:09:03',3,NULL),(1175,5,22,116,'2011-03-10 12:59:15','2011-03-10 13:09:03',NULL,2),(1176,5,22,117,'2011-03-10 12:59:15','2011-03-10 13:09:03',NULL,1),(1177,5,22,118,'2011-03-10 12:59:15','2011-03-10 13:09:03',3,NULL),(1178,5,22,119,'2011-03-10 12:59:15','2011-03-10 13:09:03',NULL,2),(1179,5,22,120,'2011-03-10 12:59:15','2011-03-10 13:09:03',NULL,2),(1180,5,22,121,'2011-03-10 12:59:15','2011-03-10 13:09:03',NULL,2),(1181,5,22,122,'2011-03-10 12:59:15','2011-03-10 13:09:03',NULL,1),(1182,5,22,123,'2011-03-10 12:59:15','2011-03-10 13:09:03',NULL,1),(1183,5,22,124,'2011-03-10 12:59:15','2011-03-10 13:09:03',NULL,1),(1184,5,22,125,'2011-03-10 12:59:15','2011-03-10 13:09:03',NULL,1),(1185,5,22,126,'2011-03-10 12:59:15','2011-03-10 13:09:03',NULL,1),(1186,5,22,127,'2011-03-10 12:59:15','2011-03-10 13:09:03',NULL,1),(1187,5,22,128,'2011-03-10 12:59:15','2011-03-10 13:09:03',NULL,1),(1188,5,22,129,'2011-03-10 12:59:15','2011-03-10 13:09:03',NULL,1),(1189,5,22,130,'2011-03-10 12:59:15','2011-03-10 13:09:03',NULL,1),(1190,5,22,131,'2011-03-10 13:09:03','2011-03-10 15:21:22',NULL,7),(1191,5,22,132,'2011-03-10 13:09:03','2011-03-10 15:21:22',NULL,1),(1192,5,22,133,'2011-03-10 13:09:03','2011-03-10 15:21:22',NULL,2),(1193,5,22,134,'2011-03-10 13:09:03','2011-03-10 15:21:22',NULL,2),(1194,5,22,135,'2011-03-10 13:09:03','2011-03-10 15:21:22',NULL,2),(1195,5,22,136,'2011-03-10 13:09:03','2011-03-10 15:21:22',NULL,2),(1196,5,22,138,'2011-03-10 13:09:03','2011-03-10 15:21:22',NULL,5),(1197,5,22,139,'2011-03-10 13:09:03','2011-03-10 15:21:22',NULL,4),(1198,5,22,140,'2011-03-10 13:09:03','2011-03-10 15:21:22',NULL,1),(1199,5,22,141,'2011-03-10 13:09:03','2011-03-10 15:21:22',NULL,0),(1200,5,22,142,'2011-03-10 13:09:03','2011-03-10 15:21:22',NULL,1),(1201,5,22,144,'2011-03-10 13:09:03','2011-03-10 15:21:22',NULL,0),(1202,5,22,145,'2011-03-10 13:09:03','2011-03-10 15:21:22',NULL,1),(1203,5,22,147,'2011-03-10 13:09:03','2011-03-10 15:21:22',NULL,0),(1204,5,22,148,'2011-03-10 13:09:03','2011-03-10 15:21:22',NULL,1),(1205,5,22,150,'2011-03-10 13:09:03','2011-03-10 15:21:22',NULL,0),(1206,5,22,151,'2011-03-10 13:09:03','2011-03-10 15:21:22',NULL,3),(1207,5,22,153,'2011-03-10 13:09:03','2011-03-10 15:21:22',NULL,1),(1208,5,22,154,'2011-03-10 13:09:03','2011-03-10 15:21:22',3,NULL),(1209,5,22,155,'2011-03-10 13:09:03','2011-03-10 15:21:22',NULL,0),(1210,5,22,156,'2011-03-10 13:09:03','2011-03-10 15:21:22',NULL,2),(1211,5,22,157,'2011-03-10 13:09:03','2011-03-10 15:21:22',NULL,1),(1212,5,22,158,'2011-03-10 13:09:03','2011-03-10 15:21:22',NULL,0),(1213,5,22,159,'2011-03-10 13:09:03','2011-03-10 15:21:22',NULL,2),(1214,5,22,160,'2011-03-10 13:09:03','2011-03-10 15:21:22',3,NULL),(1215,5,22,161,'2011-03-10 13:09:03','2011-03-10 15:21:22',NULL,1),(1216,5,22,162,'2011-03-10 13:09:03','2011-03-10 15:21:22',NULL,2),(1217,5,22,163,'2011-03-10 13:09:03','2011-03-10 15:21:22',NULL,1),(1218,5,22,164,'2011-03-10 13:09:03','2011-03-10 15:21:22',NULL,0),(1219,5,22,165,'2011-03-10 13:09:03','2011-03-10 15:21:22',NULL,0),(1220,5,22,166,'2011-03-10 13:09:03','2011-03-10 15:21:22',3,NULL),(1221,5,22,167,'2011-03-10 13:09:03','2011-03-10 15:21:22',NULL,0),(1222,5,22,168,'2011-03-10 13:09:03','2011-03-10 15:21:22',NULL,0),(1223,5,22,169,'2011-03-10 13:09:03','2011-03-10 15:21:22',3,NULL),(1224,5,22,170,'2011-03-10 13:09:03','2011-03-10 15:21:22',NULL,1),(1225,5,22,171,'2011-03-10 13:09:03','2011-03-10 15:21:22',NULL,2),(1226,5,22,172,'2011-03-10 13:09:03','2011-03-10 15:21:22',NULL,1),(1227,5,22,173,'2011-03-10 13:09:03','2011-03-10 15:21:22',NULL,1),(1228,5,22,174,'2011-03-10 13:09:03','2011-03-10 15:21:22',NULL,2),(1229,5,22,175,'2011-03-10 13:09:03','2011-03-10 15:21:22',NULL,2),(1230,5,22,176,'2011-03-10 13:09:03','2011-03-10 15:21:22',NULL,1),(1231,5,22,177,'2011-03-10 13:09:03','2011-03-10 15:21:22',3,NULL),(1232,5,22,178,'2011-03-10 13:09:03','2011-03-10 15:21:22',3,NULL),(1233,5,22,179,'2011-03-10 13:09:03','2011-03-10 15:21:22',NULL,2),(1234,5,22,180,'2011-03-10 13:09:03','2011-03-10 15:21:22',NULL,1),(1235,5,23,1,'2011-03-10 15:21:22','2011-03-10 15:23:45',NULL,0),(1236,5,23,2,'2011-03-10 15:21:22','2011-03-10 15:23:45',NULL,4),(1237,5,23,3,'2011-03-10 15:21:22','2011-03-10 15:23:45',NULL,2),(1238,5,23,4,'2011-03-10 15:21:22','2011-03-10 15:23:45',NULL,6),(1239,5,23,5,'2011-03-10 15:21:22','2011-03-10 15:23:45',NULL,1),(1240,5,23,6,'2011-03-10 15:21:22','2011-03-10 15:23:45',NULL,1),(1241,5,23,7,'2011-03-10 15:21:22','2011-03-10 15:23:45',NULL,1),(1242,5,23,8,'2011-03-10 15:21:22','2011-03-10 15:23:45',NULL,1),(1243,5,23,9,'2011-03-10 15:21:22','2011-03-10 15:23:45',NULL,1),(1244,5,23,10,'2011-03-10 15:21:22','2011-03-10 15:23:45',NULL,1),(1245,5,23,11,'2011-03-10 15:21:22','2011-03-10 15:23:45',NULL,1),(1246,5,23,12,'2011-03-10 15:21:22','2011-03-10 15:23:45',NULL,1),(1247,5,23,13,'2011-03-10 15:21:22','2011-03-10 15:23:45',NULL,1),(1248,5,23,14,'2011-03-10 15:21:22','2011-03-10 15:23:45',NULL,1),(1249,5,23,15,'2011-03-10 15:21:22','2011-03-10 15:23:45',NULL,2),(1250,5,23,16,'2011-03-10 15:21:22','2011-03-10 15:23:45',NULL,1),(1251,5,23,17,'2011-03-10 15:21:22','2011-03-10 15:23:45',NULL,1),(1252,5,23,18,'2011-03-10 15:23:45','2011-03-10 15:26:04',NULL,0),(1253,5,23,19,'2011-03-10 15:23:45','2011-03-10 15:26:04',NULL,1),(1254,5,23,20,'2011-03-10 15:23:45','2011-03-10 15:26:04',NULL,4),(1255,5,23,21,'2011-03-10 15:23:45','2011-03-10 15:26:04',NULL,1),(1256,5,23,22,'2011-03-10 15:23:45','2011-03-10 15:26:04',NULL,3),(1257,5,23,23,'2011-03-10 15:23:45','2011-03-10 15:26:04',NULL,2),(1258,5,23,24,'2011-03-10 15:23:45','2011-03-10 15:26:04',NULL,9),(1259,5,23,25,'2011-03-10 15:23:45','2011-03-10 15:26:04',NULL,0),(1260,5,23,26,'2011-03-10 15:23:45','2011-03-10 15:26:04',NULL,2),(1261,5,23,27,'2011-03-10 15:23:45','2011-03-10 15:26:04',NULL,1),(1262,5,23,28,'2011-03-10 15:23:45','2011-03-10 15:26:04',NULL,3),(1263,5,23,29,'2011-03-10 15:23:45','2011-03-10 15:26:04',NULL,3),(1264,5,23,30,'2011-03-10 15:23:45','2011-03-10 15:26:04',NULL,1),(1265,5,23,31,'2011-03-10 15:23:45','2011-03-10 15:26:04',NULL,7),(1266,5,23,32,'2011-03-10 15:26:04','2011-03-10 15:26:27',NULL,0),(1267,5,23,33,'2011-03-10 15:26:04','2011-03-10 15:26:27',NULL,2),(1268,5,23,34,'2011-03-10 15:26:04','2011-03-10 15:26:27',NULL,3),(1269,5,23,35,'2011-03-10 15:26:27','2011-03-10 15:28:29',NULL,2),(1270,5,23,36,'2011-03-10 15:26:27','2011-03-10 15:28:29',NULL,2),(1271,5,23,37,'2011-03-10 15:26:27','2011-03-10 15:28:29',NULL,1),(1272,5,23,38,'2011-03-10 15:26:27','2011-03-10 15:28:29',NULL,2),(1273,5,23,39,'2011-03-10 15:26:27','2011-03-10 15:28:29',NULL,1),(1274,5,23,40,'2011-03-10 15:26:27','2011-03-10 15:28:29',NULL,1),(1275,5,23,41,'2011-03-10 15:26:27','2011-03-10 15:28:29',2,NULL),(1276,5,23,42,'2011-03-10 15:26:27','2011-03-10 15:28:29',NULL,0),(1277,5,23,43,'2011-03-10 15:26:27','2011-03-10 15:28:29',NULL,0),(1278,5,23,44,'2011-03-10 15:26:27','2011-03-10 15:28:29',NULL,1),(1279,5,23,45,'2011-03-10 15:26:27','2011-03-10 15:28:29',NULL,1),(1280,5,23,46,'2011-03-10 15:26:27','2011-03-10 15:28:29',NULL,1),(1281,5,23,47,'2011-03-10 15:26:27','2011-03-10 15:28:29',NULL,1),(1282,5,23,48,'2011-03-10 15:26:27','2011-03-10 15:28:29',NULL,0),(1283,5,23,49,'2011-03-10 15:26:27','2011-03-10 15:28:29',NULL,1),(1284,5,23,50,'2011-03-10 15:26:27','2011-03-10 15:28:29',NULL,1),(1285,5,23,51,'2011-03-10 15:26:27','2011-03-10 15:28:29',NULL,1),(1286,5,23,52,'2011-03-10 15:26:27','2011-03-10 15:28:29',NULL,1),(1287,5,23,53,'2011-03-10 15:26:27','2011-03-10 15:28:29',NULL,1),(1288,5,23,54,'2011-03-10 15:26:27','2011-03-10 15:28:29',NULL,1),(1289,5,23,55,'2011-03-10 15:26:27','2011-03-10 15:28:29',NULL,1),(1290,5,23,56,'2011-03-10 15:26:27','2011-03-10 15:28:29',NULL,1),(1291,5,23,57,'2011-03-10 15:28:29','2011-03-10 15:29:18',NULL,3),(1292,5,23,58,'2011-03-10 15:28:29','2011-03-10 15:29:18',NULL,4),(1293,5,23,59,'2011-03-10 15:28:29','2011-03-10 15:29:18',NULL,0),(1294,5,23,60,'2011-03-10 15:28:29','2011-03-10 15:29:18',NULL,2),(1295,5,23,61,'2011-03-10 15:28:29','2011-03-10 15:29:18',NULL,0),(1296,5,23,62,'2011-03-10 15:28:29','2011-03-10 15:29:18',NULL,0),(1297,5,23,63,'2011-03-10 15:28:29','2011-03-10 15:29:18',NULL,0),(1298,5,23,64,'2011-03-10 15:28:29','2011-03-10 15:29:18',NULL,0),(1299,5,23,65,'2011-03-10 15:28:29','2011-03-10 15:29:18',NULL,0),(1300,5,23,66,'2011-03-10 15:28:29','2011-03-10 15:29:18',NULL,0),(1301,5,23,67,'2011-03-10 15:28:29','2011-03-10 15:29:18',NULL,0),(1302,5,23,68,'2011-03-10 15:28:29','2011-03-10 15:29:18',NULL,0),(1303,5,23,69,'2011-03-10 15:29:18','2011-03-10 15:32:10',NULL,0),(1304,5,23,70,'2011-03-10 15:29:18','2011-03-10 15:32:10',NULL,1),(1305,5,23,71,'2011-03-10 15:29:18','2011-03-10 15:32:10',NULL,1),(1306,5,23,72,'2011-03-10 15:29:18','2011-03-10 15:32:10',NULL,1),(1307,5,23,73,'2011-03-10 15:29:18','2011-03-10 15:32:10',NULL,1),(1308,5,23,74,'2011-03-10 15:29:18','2011-03-10 15:32:10',NULL,1),(1309,5,23,75,'2011-03-10 15:29:18','2011-03-10 15:32:10',NULL,1),(1310,5,23,76,'2011-03-10 15:29:18','2011-03-10 15:32:10',NULL,1),(1311,5,23,77,'2011-03-10 15:29:18','2011-03-10 15:32:10',NULL,1),(1312,5,23,78,'2011-03-10 15:29:18','2011-03-10 15:32:10',NULL,1),(1313,5,23,79,'2011-03-10 15:29:18','2011-03-10 15:32:10',NULL,1),(1314,5,23,80,'2011-03-10 15:29:18','2011-03-10 15:32:10',NULL,3),(1315,5,23,81,'2011-03-10 15:29:18','2011-03-10 15:32:10',NULL,1),(1316,5,23,82,'2011-03-10 15:29:18','2011-03-10 15:32:10',NULL,1),(1317,5,23,83,'2011-03-10 15:29:18','2011-03-10 15:32:10',NULL,1),(1318,5,23,84,'2011-03-10 15:29:18','2011-03-10 15:32:10',NULL,1),(1319,5,23,85,'2011-03-10 15:29:18','2011-03-10 15:32:10',NULL,1),(1320,5,23,86,'2011-03-10 15:29:18','2011-03-10 15:32:10',NULL,1),(1321,5,23,87,'2011-03-10 15:29:18','2011-03-10 15:32:10',NULL,1),(1322,5,23,88,'2011-03-10 15:29:18','2011-03-10 15:32:10',NULL,1),(1323,5,23,89,'2011-03-10 15:29:18','2011-03-10 15:32:10',NULL,1),(1324,5,23,90,'2011-03-10 15:29:18','2011-03-10 15:32:10',NULL,1),(1325,5,23,91,'2011-03-10 15:29:18','2011-03-10 15:32:10',NULL,1),(1326,5,23,92,'2011-03-10 15:29:18','2011-03-10 15:32:10',NULL,1),(1327,5,23,93,'2011-03-10 15:29:18','2011-03-10 15:32:10',NULL,1),(1328,5,23,94,'2011-03-10 15:29:18','2011-03-10 15:32:10',NULL,1),(1329,5,23,95,'2011-03-10 15:29:18','2011-03-10 15:32:10',NULL,1),(1330,5,23,96,'2011-03-10 15:29:18','2011-03-10 15:32:10',NULL,1),(1331,5,23,97,'2011-03-10 15:29:18','2011-03-10 15:32:10',NULL,1),(1332,5,23,98,'2011-03-10 15:29:18','2011-03-10 15:32:10',NULL,1),(1333,5,23,99,'2011-03-10 15:29:18','2011-03-10 15:32:10',NULL,1),(1334,5,23,100,'2011-03-10 15:29:18','2011-03-10 15:32:10',NULL,1),(1335,5,23,101,'2011-03-10 15:29:18','2011-03-10 15:32:10',NULL,1),(1336,5,23,102,'2011-03-10 15:29:18','2011-03-10 15:32:10',NULL,1),(1337,5,23,103,'2011-03-10 15:29:18','2011-03-10 15:32:10',NULL,1),(1338,5,23,104,'2011-03-10 15:29:18','2011-03-10 15:32:10',NULL,1),(1339,5,23,105,'2011-03-10 15:29:18','2011-03-10 15:32:10',NULL,1),(1340,5,23,106,'2011-03-10 15:29:18','2011-03-10 15:32:10',NULL,1),(1341,5,23,107,'2011-03-10 15:29:18','2011-03-10 15:32:10',NULL,1),(1342,5,23,108,'2011-03-10 15:29:18','2011-03-10 15:32:10',NULL,3),(1343,5,23,109,'2011-03-10 15:29:18','2011-03-10 15:32:10',NULL,1),(1344,5,23,110,'2011-03-10 15:29:18','2011-03-10 15:32:10',NULL,1),(1345,5,23,111,'2011-03-10 15:29:18','2011-03-10 15:32:10',NULL,1),(1346,5,23,112,'2011-03-10 15:29:18','2011-03-10 15:32:10',NULL,1),(1347,5,23,113,'2011-03-10 15:29:18','2011-03-10 15:32:10',NULL,2),(1348,5,23,114,'2011-03-10 15:29:18','2011-03-10 15:32:10',NULL,2),(1349,5,23,115,'2011-03-10 15:29:18','2011-03-10 15:32:10',NULL,2),(1350,5,23,116,'2011-03-10 15:29:18','2011-03-10 15:32:10',NULL,2),(1351,5,23,117,'2011-03-10 15:29:18','2011-03-10 15:32:10',NULL,2),(1352,5,23,118,'2011-03-10 15:29:18','2011-03-10 15:32:10',NULL,2),(1353,5,23,119,'2011-03-10 15:29:18','2011-03-10 15:32:10',NULL,2),(1354,5,23,120,'2011-03-10 15:29:18','2011-03-10 15:32:10',NULL,2),(1355,5,23,121,'2011-03-10 15:29:18','2011-03-10 15:32:10',NULL,2),(1356,5,23,122,'2011-03-10 15:29:18','2011-03-10 15:32:10',NULL,1),(1357,5,23,123,'2011-03-10 15:29:18','2011-03-10 15:32:10',NULL,1),(1358,5,23,124,'2011-03-10 15:29:18','2011-03-10 15:32:10',NULL,1),(1359,5,23,125,'2011-03-10 15:29:18','2011-03-10 15:32:10',NULL,1),(1360,5,23,126,'2011-03-10 15:29:18','2011-03-10 15:32:10',NULL,1),(1361,5,23,127,'2011-03-10 15:29:18','2011-03-10 15:32:10',NULL,1),(1362,5,23,128,'2011-03-10 15:29:18','2011-03-10 15:32:10',NULL,1),(1363,5,23,129,'2011-03-10 15:29:18','2011-03-10 15:32:10',NULL,1),(1364,5,23,130,'2011-03-10 15:29:18','2011-03-10 15:32:10',NULL,1),(1365,5,23,131,'2011-03-10 15:32:10','2011-03-10 15:38:30',NULL,7),(1366,5,23,132,'2011-03-10 15:32:10','2011-03-10 15:38:30',NULL,2),(1367,5,23,133,'2011-03-10 15:32:10','2011-03-10 15:38:30',NULL,1),(1368,5,23,134,'2011-03-10 15:32:10','2011-03-10 15:38:30',NULL,2),(1369,5,23,135,'2011-03-10 15:32:10','2011-03-10 15:38:30',NULL,1),(1370,5,23,136,'2011-03-10 15:32:10','2011-03-10 15:38:30',NULL,1),(1371,5,23,138,'2011-03-10 15:32:10','2011-03-10 15:38:30',NULL,1),(1372,5,23,139,'2011-03-10 15:32:10','2011-03-10 15:38:30',NULL,1),(1373,5,23,140,'2011-03-10 15:32:10','2011-03-10 15:38:30',NULL,1),(1374,5,23,141,'2011-03-10 15:32:10','2011-03-10 15:38:30',NULL,1),(1375,5,23,142,'2011-03-10 15:32:10','2011-03-10 15:38:30',NULL,0),(1376,5,23,144,'2011-03-10 15:32:10','2011-03-10 15:38:30',NULL,2),(1377,5,23,145,'2011-03-10 15:32:10','2011-03-10 15:38:30',NULL,3),(1378,5,23,147,'2011-03-10 15:32:10','2011-03-10 15:38:30',NULL,0),(1379,5,23,148,'2011-03-10 15:32:10','2011-03-10 15:38:30',NULL,2),(1380,5,23,150,'2011-03-10 15:32:10','2011-03-10 15:38:30',NULL,1),(1381,5,23,151,'2011-03-10 15:32:10','2011-03-10 15:38:30',NULL,0),(1382,5,23,153,'2011-03-10 15:32:10','2011-03-10 15:38:30',NULL,2),(1383,5,23,154,'2011-03-10 15:32:10','2011-03-10 15:38:30',NULL,3),(1384,5,23,155,'2011-03-10 15:32:10','2011-03-10 15:38:30',NULL,0),(1385,5,23,156,'2011-03-10 15:32:10','2011-03-10 15:38:30',NULL,2),(1386,5,23,157,'2011-03-10 15:32:10','2011-03-10 15:38:30',NULL,2),(1387,5,23,158,'2011-03-10 15:32:10','2011-03-10 15:38:30',NULL,0),(1388,5,23,159,'2011-03-10 15:32:10','2011-03-10 15:38:30',NULL,2),(1389,5,23,160,'2011-03-10 15:32:10','2011-03-10 15:38:30',NULL,1),(1390,5,23,161,'2011-03-10 15:32:10','2011-03-10 15:38:30',NULL,1),(1391,5,23,162,'2011-03-10 15:32:10','2011-03-10 15:38:30',NULL,2),(1392,5,23,163,'2011-03-10 15:32:10','2011-03-10 15:38:30',NULL,1),(1393,5,23,164,'2011-03-10 15:32:10','2011-03-10 15:38:30',NULL,0),(1394,5,23,165,'2011-03-10 15:32:10','2011-03-10 15:38:30',NULL,0),(1395,5,23,166,'2011-03-10 15:32:10','2011-03-10 15:38:30',NULL,0),(1396,5,23,167,'2011-03-10 15:32:10','2011-03-10 15:38:30',NULL,0),(1397,5,23,168,'2011-03-10 15:32:10','2011-03-10 15:38:30',NULL,0),(1398,5,23,169,'2011-03-10 15:32:10','2011-03-10 15:38:30',2,NULL),(1399,5,23,170,'2011-03-10 15:32:10','2011-03-10 15:38:30',NULL,1),(1400,5,23,171,'2011-03-10 15:32:10','2011-03-10 15:38:30',NULL,2),(1401,5,23,172,'2011-03-10 15:32:10','2011-03-10 15:38:30',NULL,1),(1402,5,23,173,'2011-03-10 15:32:10','2011-03-10 15:38:30',NULL,1),(1403,5,23,174,'2011-03-10 15:32:10','2011-03-10 15:38:30',NULL,2),(1404,5,23,175,'2011-03-10 15:32:10','2011-03-10 15:38:30',NULL,2),(1405,5,23,176,'2011-03-10 15:32:10','2011-03-10 15:38:30',NULL,1),(1406,5,23,177,'2011-03-10 15:32:10','2011-03-10 15:38:30',NULL,2),(1407,5,23,178,'2011-03-10 15:32:10','2011-03-10 15:38:30',NULL,1),(1408,5,23,179,'2011-03-10 15:32:10','2011-03-10 15:38:30',NULL,1),(1409,5,23,180,'2011-03-10 15:32:10','2011-03-10 15:38:30',NULL,2),(1410,5,24,1,'2011-03-10 15:38:30','2011-03-10 15:42:22',NULL,1),(1411,5,24,2,'2011-03-10 15:38:30','2011-03-10 15:42:22',NULL,4),(1412,5,24,3,'2011-03-10 15:38:30','2011-03-10 15:42:22',NULL,2),(1413,5,24,4,'2011-03-10 15:38:30','2011-03-10 15:42:22',NULL,6),(1414,5,24,5,'2011-03-10 15:38:30','2011-03-10 15:42:22',NULL,1),(1415,5,24,6,'2011-03-10 15:38:30','2011-03-10 15:42:22',NULL,1),(1416,5,24,7,'2011-03-10 15:38:30','2011-03-10 15:42:22',NULL,1),(1417,5,24,8,'2011-03-10 15:38:30','2011-03-10 15:42:22',NULL,1),(1418,5,24,9,'2011-03-10 15:38:30','2011-03-10 15:42:22',NULL,1),(1419,5,24,10,'2011-03-10 15:38:30','2011-03-10 15:42:22',NULL,1),(1420,5,24,11,'2011-03-10 15:38:30','2011-03-10 15:42:22',NULL,1),(1421,5,24,12,'2011-03-10 15:38:30','2011-03-10 15:42:22',NULL,1),(1422,5,24,13,'2011-03-10 15:38:30','2011-03-10 15:42:22',NULL,1),(1423,5,24,14,'2011-03-10 15:38:30','2011-03-10 15:42:22',NULL,1),(1424,5,24,15,'2011-03-10 15:38:30','2011-03-10 15:42:22',NULL,0),(1425,5,24,16,'2011-03-10 15:38:30','2011-03-10 15:42:22',NULL,1),(1426,5,24,17,'2011-03-10 15:38:30','2011-03-10 15:42:22',NULL,1),(1427,5,24,18,'2011-03-10 15:42:22','2011-03-10 15:43:43',NULL,0),(1428,5,24,19,'2011-03-10 15:42:22','2011-03-10 15:43:43',NULL,1),(1429,5,24,20,'2011-03-10 15:42:22','2011-03-10 15:43:43',NULL,4),(1430,5,24,21,'2011-03-10 15:42:22','2011-03-10 15:43:43',NULL,1),(1431,5,24,22,'2011-03-10 15:42:22','2011-03-10 15:43:43',NULL,3),(1432,5,24,23,'2011-03-10 15:42:22','2011-03-10 15:43:43',NULL,2),(1433,5,24,24,'2011-03-10 15:42:22','2011-03-10 15:43:43',NULL,9),(1434,5,24,25,'2011-03-10 15:42:22','2011-03-10 15:43:43',NULL,0),(1435,5,24,26,'2011-03-10 15:42:22','2011-03-10 15:43:43',NULL,2),(1436,5,24,27,'2011-03-10 15:42:22','2011-03-10 15:43:43',NULL,1),(1437,5,24,28,'2011-03-10 15:42:22','2011-03-10 15:43:43',NULL,3),(1438,5,24,29,'2011-03-10 15:42:22','2011-03-10 15:43:44',NULL,3),(1439,5,24,30,'2011-03-10 15:42:22','2011-03-10 15:43:44',NULL,1),(1440,5,24,31,'2011-03-10 15:42:22','2011-03-10 15:43:44',NULL,7),(1441,5,24,32,'2011-03-10 15:43:44','2011-03-10 15:43:55',NULL,0),(1442,5,24,33,'2011-03-10 15:43:44','2011-03-10 15:43:55',NULL,2),(1443,5,24,34,'2011-03-10 15:43:44','2011-03-10 15:43:55',NULL,3),(1444,5,24,35,'2011-03-10 15:43:55','2011-03-10 15:49:01',NULL,2),(1445,5,24,36,'2011-03-10 15:43:55','2011-03-10 15:49:01',NULL,2),(1446,5,24,37,'2011-03-10 15:43:55','2011-03-10 15:49:01',NULL,0),(1447,5,24,38,'2011-03-10 15:43:55','2011-03-10 15:49:01',NULL,8),(1448,5,24,39,'2011-03-10 15:43:55','2011-03-10 15:49:01',NULL,2),(1449,5,24,40,'2011-03-10 15:43:55','2011-03-10 15:49:01',NULL,1),(1450,5,24,41,'2011-03-10 15:43:55','2011-03-10 15:49:01',NULL,0),(1451,5,24,42,'2011-03-10 15:43:55','2011-03-10 15:49:01',NULL,0),(1452,5,24,43,'2011-03-10 15:43:55','2011-03-10 15:49:01',NULL,0),(1453,5,24,44,'2011-03-10 15:43:55','2011-03-10 15:49:01',NULL,1),(1454,5,24,45,'2011-03-10 15:43:55','2011-03-10 15:49:01',NULL,1),(1455,5,24,46,'2011-03-10 15:43:55','2011-03-10 15:49:01',NULL,1),(1456,5,24,47,'2011-03-10 15:43:55','2011-03-10 15:49:01',NULL,1),(1457,5,24,48,'2011-03-10 15:43:55','2011-03-10 15:49:01',NULL,0),(1458,5,24,49,'2011-03-10 15:43:55','2011-03-10 15:49:01',NULL,1),(1459,5,24,50,'2011-03-10 15:43:55','2011-03-10 15:49:01',NULL,1),(1460,5,24,51,'2011-03-10 15:43:55','2011-03-10 15:49:01',NULL,1),(1461,5,24,52,'2011-03-10 15:43:55','2011-03-10 15:49:01',NULL,1),(1462,5,24,53,'2011-03-10 15:43:55','2011-03-10 15:49:01',NULL,1),(1463,5,24,54,'2011-03-10 15:43:55','2011-03-10 15:49:01',NULL,1),(1464,5,24,55,'2011-03-10 15:43:55','2011-03-10 15:49:01',NULL,1),(1465,5,24,56,'2011-03-10 15:43:55','2011-03-10 15:49:01',NULL,1),(1466,5,24,57,'2011-03-10 15:49:01','2011-03-10 15:49:39',NULL,3),(1467,5,24,58,'2011-03-10 15:49:01','2011-03-10 15:49:39',NULL,0),(1468,5,24,59,'2011-03-10 15:49:01','2011-03-10 15:49:39',NULL,2),(1469,5,24,60,'2011-03-10 15:49:01','2011-03-10 15:49:39',NULL,2),(1470,5,24,61,'2011-03-10 15:49:01','2011-03-10 15:49:39',NULL,0),(1471,5,24,62,'2011-03-10 15:49:01','2011-03-10 15:49:39',NULL,0),(1472,5,24,63,'2011-03-10 15:49:01','2011-03-10 15:49:39',NULL,0),(1473,5,24,64,'2011-03-10 15:49:01','2011-03-10 15:49:39',NULL,0),(1474,5,24,65,'2011-03-10 15:49:01','2011-03-10 15:49:39',NULL,0),(1475,5,24,66,'2011-03-10 15:49:01','2011-03-10 15:49:39',NULL,0),(1476,5,24,67,'2011-03-10 15:49:01','2011-03-10 15:49:39',NULL,0),(1477,5,24,68,'2011-03-10 15:49:01','2011-03-10 15:49:39',NULL,0),(1478,5,24,69,'2011-03-10 15:49:39','2011-03-10 16:50:29',NULL,0),(1479,5,24,70,'2011-03-10 15:49:39','2011-03-10 16:50:29',NULL,1),(1480,5,24,71,'2011-03-10 15:49:39','2011-03-10 16:50:29',NULL,1),(1481,5,24,72,'2011-03-10 15:49:39','2011-03-10 16:50:29',NULL,1),(1482,5,24,73,'2011-03-10 15:49:39','2011-03-10 16:50:29',NULL,1),(1483,5,24,74,'2011-03-10 15:49:39','2011-03-10 16:50:29',NULL,1),(1484,5,24,75,'2011-03-10 15:49:39','2011-03-10 16:50:29',NULL,1),(1485,5,24,76,'2011-03-10 15:49:39','2011-03-10 16:50:29',NULL,1),(1486,5,24,77,'2011-03-10 15:49:39','2011-03-10 16:50:29',NULL,1),(1487,5,24,78,'2011-03-10 15:49:39','2011-03-10 16:50:29',NULL,1),(1488,5,24,79,'2011-03-10 15:49:39','2011-03-10 16:50:29',NULL,1),(1489,5,24,80,'2011-03-10 15:49:39','2011-03-10 16:50:29',NULL,3),(1490,5,24,81,'2011-03-10 15:49:39','2011-03-10 16:50:29',NULL,1),(1491,5,24,82,'2011-03-10 15:49:39','2011-03-10 16:50:29',NULL,1),(1492,5,24,83,'2011-03-10 15:49:39','2011-03-10 16:50:29',NULL,1),(1493,5,24,84,'2011-03-10 15:49:39','2011-03-10 16:50:29',NULL,1),(1494,5,24,85,'2011-03-10 15:49:39','2011-03-10 16:50:29',NULL,1),(1495,5,24,86,'2011-03-10 15:49:39','2011-03-10 16:50:29',NULL,1),(1496,5,24,87,'2011-03-10 15:49:39','2011-03-10 16:50:29',NULL,1),(1497,5,24,88,'2011-03-10 15:49:39','2011-03-10 16:50:29',NULL,1),(1498,5,24,89,'2011-03-10 15:49:39','2011-03-10 16:50:29',NULL,1),(1499,5,24,90,'2011-03-10 15:49:39','2011-03-10 16:50:29',NULL,1),(1500,5,24,91,'2011-03-10 15:49:39','2011-03-10 16:50:29',NULL,1),(1501,5,24,92,'2011-03-10 15:49:40','2011-03-10 16:50:29',NULL,1),(1502,5,24,93,'2011-03-10 15:49:40','2011-03-10 16:50:29',NULL,1),(1503,5,24,94,'2011-03-10 15:49:40','2011-03-10 16:50:29',NULL,1),(1504,5,24,95,'2011-03-10 15:49:40','2011-03-10 16:50:29',NULL,1),(1505,5,24,96,'2011-03-10 15:49:40','2011-03-10 16:50:29',NULL,1),(1506,5,24,97,'2011-03-10 15:49:40','2011-03-10 16:50:29',NULL,1),(1507,5,24,98,'2011-03-10 15:49:40','2011-03-10 16:50:29',NULL,1),(1508,5,24,99,'2011-03-10 15:49:40','2011-03-10 16:50:29',NULL,1),(1509,5,24,100,'2011-03-10 15:49:40','2011-03-10 16:50:29',NULL,1),(1510,5,24,101,'2011-03-10 15:49:40','2011-03-10 16:50:29',NULL,1),(1511,5,24,102,'2011-03-10 15:49:40','2011-03-10 16:50:29',NULL,1),(1512,5,24,103,'2011-03-10 15:49:40','2011-03-10 16:50:29',NULL,1),(1513,5,24,104,'2011-03-10 15:49:40','2011-03-10 16:50:29',NULL,1),(1514,5,24,105,'2011-03-10 15:49:40','2011-03-10 16:50:29',NULL,1),(1515,5,24,106,'2011-03-10 15:49:40','2011-03-10 16:50:29',NULL,1),(1516,5,24,107,'2011-03-10 15:49:40','2011-03-10 16:50:29',NULL,1),(1517,5,24,108,'2011-03-10 15:49:40','2011-03-10 16:50:29',NULL,2),(1518,5,24,109,'2011-03-10 15:49:40','2011-03-10 16:50:29',NULL,1),(1519,5,24,110,'2011-03-10 15:49:40','2011-03-10 16:50:29',NULL,1),(1520,5,24,111,'2011-03-10 15:49:40','2011-03-10 16:50:29',NULL,1),(1521,5,24,112,'2011-03-10 15:49:40','2011-03-10 16:50:29',NULL,1),(1522,5,24,113,'2011-03-10 15:49:40','2011-03-10 16:50:29',NULL,2),(1523,5,24,114,'2011-03-10 15:49:40','2011-03-10 16:50:29',NULL,2),(1524,5,24,115,'2011-03-10 15:49:40','2011-03-10 16:50:29',NULL,2),(1525,5,24,116,'2011-03-10 15:49:40','2011-03-10 16:50:29',NULL,2),(1526,5,24,117,'2011-03-10 15:49:40','2011-03-10 16:50:29',NULL,2),(1527,5,24,118,'2011-03-10 15:49:40','2011-03-10 16:50:29',NULL,2),(1528,5,24,119,'2011-03-10 15:49:40','2011-03-10 16:50:29',NULL,2),(1529,5,24,120,'2011-03-10 15:49:40','2011-03-10 16:50:29',NULL,2),(1530,5,24,121,'2011-03-10 15:49:40','2011-03-10 16:50:29',NULL,2),(1531,5,24,122,'2011-03-10 15:49:40','2011-03-10 16:50:29',NULL,1),(1532,5,24,123,'2011-03-10 15:49:40','2011-03-10 16:50:29',NULL,1),(1533,5,24,124,'2011-03-10 15:49:40','2011-03-10 16:50:29',NULL,1),(1534,5,24,125,'2011-03-10 15:49:40','2011-03-10 16:50:29',NULL,1),(1535,5,24,126,'2011-03-10 15:49:40','2011-03-10 16:50:30',NULL,1),(1536,5,24,127,'2011-03-10 15:49:40','2011-03-10 16:50:30',NULL,1),(1537,5,24,128,'2011-03-10 15:49:40','2011-03-10 16:50:30',NULL,1),(1538,5,24,129,'2011-03-10 15:49:40','2011-03-10 16:50:30',NULL,1),(1539,5,24,130,'2011-03-10 15:49:40','2011-03-10 16:50:30',NULL,1),(1540,5,24,131,'2011-03-10 16:50:30','2011-03-10 16:57:03',NULL,10),(1541,5,24,132,'2011-03-10 16:50:30','2011-03-10 16:57:03',NULL,2),(1542,5,24,133,'2011-03-10 16:50:30','2011-03-10 16:57:03',NULL,1),(1543,5,24,134,'2011-03-10 16:50:30','2011-03-10 16:57:03',NULL,2),(1544,5,24,135,'2011-03-10 16:50:30','2011-03-10 16:57:03',NULL,0),(1545,5,24,136,'2011-03-10 16:50:30','2011-03-10 16:57:03',NULL,0),(1546,5,24,138,'2011-03-10 16:50:30','2011-03-10 16:57:03',NULL,2),(1547,5,24,139,'2011-03-10 16:50:30','2011-03-10 16:57:03',NULL,2),(1548,5,24,140,'2011-03-10 16:50:30','2011-03-10 16:57:03',NULL,1),(1549,5,24,141,'2011-03-10 16:50:30','2011-03-10 16:57:03',NULL,0),(1550,5,24,142,'2011-03-10 16:50:30','2011-03-10 16:57:03',NULL,0),(1551,5,24,144,'2011-03-10 16:50:30','2011-03-10 16:57:03',NULL,2),(1552,5,24,145,'2011-03-10 16:50:30','2011-03-10 16:57:03',NULL,1),(1553,5,24,147,'2011-03-10 16:50:30','2011-03-10 16:57:03',NULL,1),(1554,5,24,148,'2011-03-10 16:50:30','2011-03-10 16:57:03',NULL,2),(1555,5,24,150,'2011-03-10 16:50:30','2011-03-10 16:57:03',NULL,1),(1556,5,24,151,'2011-03-10 16:50:30','2011-03-10 16:57:03',NULL,0),(1557,5,24,153,'2011-03-10 16:50:30','2011-03-10 16:57:03',NULL,1),(1558,5,24,154,'2011-03-10 16:50:30','2011-03-10 16:57:03',NULL,3),(1559,5,24,155,'2011-03-10 16:50:30','2011-03-10 16:57:03',NULL,0),(1560,5,24,156,'2011-03-10 16:50:30','2011-03-10 16:57:03',NULL,2),(1561,5,24,157,'2011-03-10 16:50:30','2011-03-10 16:57:03',NULL,2),(1562,5,24,158,'2011-03-10 16:50:30','2011-03-10 16:57:03',NULL,0),(1563,5,24,159,'2011-03-10 16:50:30','2011-03-10 16:57:03',NULL,2),(1564,5,24,160,'2011-03-10 16:50:30','2011-03-10 16:57:03',NULL,1),(1565,5,24,161,'2011-03-10 16:50:30','2011-03-10 16:57:03',NULL,1),(1566,5,24,162,'2011-03-10 16:50:30','2011-03-10 16:57:03',NULL,2),(1567,5,24,163,'2011-03-10 16:50:30','2011-03-10 16:57:03',NULL,1),(1568,5,24,164,'2011-03-10 16:50:30','2011-03-10 16:57:03',NULL,0),(1569,5,24,165,'2011-03-10 16:50:30','2011-03-10 16:57:03',NULL,0),(1570,5,24,166,'2011-03-10 16:50:30','2011-03-10 16:57:03',NULL,5),(1571,5,24,167,'2011-03-10 16:50:30','2011-03-10 16:57:03',NULL,0),(1572,5,24,168,'2011-03-10 16:50:30','2011-03-10 16:57:03',NULL,0),(1573,5,24,169,'2011-03-10 16:50:30','2011-03-10 16:57:03',2,NULL),(1574,5,24,170,'2011-03-10 16:50:30','2011-03-10 16:57:03',NULL,1),(1575,5,24,171,'2011-03-10 16:50:30','2011-03-10 16:57:03',NULL,2),(1576,5,24,172,'2011-03-10 16:50:30','2011-03-10 16:57:03',NULL,1),(1577,5,24,173,'2011-03-10 16:50:30','2011-03-10 16:57:03',NULL,1),(1578,5,24,174,'2011-03-10 16:50:30','2011-03-10 16:57:03',NULL,2),(1579,5,24,175,'2011-03-10 16:50:30','2011-03-10 16:57:03',NULL,2),(1580,5,24,176,'2011-03-10 16:50:30','2011-03-10 16:57:03',NULL,1),(1581,5,24,177,'2011-03-10 16:50:30','2011-03-10 16:57:03',NULL,2),(1582,5,24,178,'2011-03-10 16:50:30','2011-03-10 16:57:03',NULL,1),(1583,5,24,179,'2011-03-10 16:50:30','2011-03-10 16:57:03',NULL,0),(1584,5,24,180,'2011-03-10 16:50:30','2011-03-10 16:57:03',NULL,2),(1585,5,25,1,'2011-03-10 16:57:03','2011-03-10 16:57:03',NULL,NULL),(1586,5,25,2,'2011-03-10 16:57:03','2011-03-10 16:57:03',NULL,NULL),(1587,5,25,3,'2011-03-10 16:57:03','2011-03-10 16:57:03',NULL,NULL),(1588,5,25,4,'2011-03-10 16:57:03','2011-03-10 16:57:03',NULL,NULL),(1589,5,25,5,'2011-03-10 16:57:03','2011-03-10 16:57:03',NULL,NULL),(1590,5,25,6,'2011-03-10 16:57:03','2011-03-10 16:57:03',NULL,NULL),(1591,5,25,7,'2011-03-10 16:57:03','2011-03-10 16:57:03',NULL,NULL),(1592,5,25,8,'2011-03-10 16:57:03','2011-03-10 16:57:03',NULL,NULL),(1593,5,25,9,'2011-03-10 16:57:03','2011-03-10 16:57:03',NULL,NULL),(1594,5,25,10,'2011-03-10 16:57:03','2011-03-10 16:57:03',NULL,NULL),(1595,5,25,11,'2011-03-10 16:57:03','2011-03-10 16:57:03',NULL,NULL),(1596,5,25,12,'2011-03-10 16:57:03','2011-03-10 16:57:03',NULL,NULL),(1597,5,25,13,'2011-03-10 16:57:03','2011-03-10 16:57:03',NULL,NULL),(1598,5,25,14,'2011-03-10 16:57:03','2011-03-10 16:57:03',NULL,NULL),(1599,5,25,15,'2011-03-10 16:57:03','2011-03-10 16:57:03',NULL,NULL),(1600,5,25,16,'2011-03-10 16:57:03','2011-03-10 16:57:03',NULL,NULL),(1601,5,25,17,'2011-03-10 16:57:03','2011-03-10 16:57:03',NULL,NULL),(1602,4,21,32,'2011-03-21 12:53:04','2011-03-21 12:53:59',NULL,0),(1603,4,21,33,'2011-03-21 12:53:04','2011-03-21 12:53:59',NULL,2),(1604,4,21,34,'2011-03-21 12:53:04','2011-03-21 12:53:59',NULL,3),(1605,4,21,35,'2011-03-21 12:53:59','2011-03-21 12:55:34',NULL,2),(1606,4,21,36,'2011-03-21 12:53:59','2011-03-21 12:55:34',NULL,1),(1607,4,21,37,'2011-03-21 12:53:59','2011-03-21 12:55:34',NULL,0),(1608,4,21,38,'2011-03-21 12:53:59','2011-03-21 12:55:34',NULL,4),(1609,4,21,39,'2011-03-21 12:53:59','2011-03-21 12:55:34',NULL,1),(1610,4,21,40,'2011-03-21 12:53:59','2011-03-21 12:55:34',NULL,1),(1611,4,21,41,'2011-03-21 12:53:59','2011-03-21 12:55:34',NULL,0),(1612,4,21,42,'2011-03-21 12:53:59','2011-03-21 12:55:34',NULL,0),(1613,4,21,43,'2011-03-21 12:53:59','2011-03-21 12:55:34',NULL,0),(1614,4,21,44,'2011-03-21 12:53:59','2011-03-21 12:55:34',NULL,1),(1615,4,21,45,'2011-03-21 12:53:59','2011-03-21 12:55:34',NULL,0),(1616,4,21,46,'2011-03-21 12:53:59','2011-03-21 12:55:34',NULL,1),(1617,4,21,47,'2011-03-21 12:53:59','2011-03-21 12:55:34',NULL,1),(1618,4,21,48,'2011-03-21 12:53:59','2011-03-21 12:55:34',NULL,0),(1619,4,21,49,'2011-03-21 12:53:59','2011-03-21 12:55:34',NULL,1),(1620,4,21,50,'2011-03-21 12:53:59','2011-03-21 12:55:34',NULL,1),(1621,4,21,51,'2011-03-21 12:53:59','2011-03-21 12:55:34',NULL,1),(1622,4,21,52,'2011-03-21 12:53:59','2011-03-21 12:55:34',NULL,1),(1623,4,21,53,'2011-03-21 12:53:59','2011-03-21 12:55:34',NULL,1),(1624,4,21,54,'2011-03-21 12:53:59','2011-03-21 12:55:34',NULL,1),(1625,4,21,55,'2011-03-21 12:53:59','2011-03-21 12:55:34',NULL,1),(1626,4,21,56,'2011-03-21 12:53:59','2011-03-21 12:55:34',NULL,1),(1627,4,21,57,'2011-03-21 12:55:35','2011-03-21 12:56:20',NULL,3),(1628,4,21,58,'2011-03-21 12:55:35','2011-03-21 12:56:20',NULL,4),(1629,4,21,59,'2011-03-21 12:55:35','2011-03-21 12:56:20',NULL,0),(1630,4,21,60,'2011-03-21 12:55:35','2011-03-21 12:56:20',NULL,2),(1631,4,21,61,'2011-03-21 12:55:35','2011-03-21 12:56:20',NULL,0),(1632,4,21,62,'2011-03-21 12:55:35','2011-03-21 12:56:20',NULL,0),(1633,4,21,63,'2011-03-21 12:55:35','2011-03-21 12:56:20',NULL,0),(1634,4,21,64,'2011-03-21 12:55:35','2011-03-21 12:56:20',NULL,0),(1635,4,21,65,'2011-03-21 12:55:35','2011-03-21 12:56:20',NULL,0),(1636,4,21,66,'2011-03-21 12:55:35','2011-03-21 12:56:20',NULL,0),(1637,4,21,67,'2011-03-21 12:55:35','2011-03-21 12:56:20',NULL,0),(1638,4,21,68,'2011-03-21 12:55:35','2011-03-21 12:56:20',NULL,0),(1639,4,21,69,'2011-03-21 12:56:20','2011-03-21 12:59:24',NULL,0),(1640,4,21,70,'2011-03-21 12:56:20','2011-03-21 12:59:24',NULL,1),(1641,4,21,71,'2011-03-21 12:56:20','2011-03-21 12:59:24',NULL,0),(1642,4,21,72,'2011-03-21 12:56:20','2011-03-21 12:59:24',NULL,1),(1643,4,21,73,'2011-03-21 12:56:20','2011-03-21 12:59:24',NULL,1),(1644,4,21,74,'2011-03-21 12:56:20','2011-03-21 12:59:24',NULL,1),(1645,4,21,75,'2011-03-21 12:56:20','2011-03-21 12:59:24',NULL,1),(1646,4,21,76,'2011-03-21 12:56:20','2011-03-21 12:59:24',NULL,1),(1647,4,21,77,'2011-03-21 12:56:20','2011-03-21 12:59:24',NULL,1),(1648,4,21,78,'2011-03-21 12:56:20','2011-03-21 12:59:24',NULL,1),(1649,4,21,79,'2011-03-21 12:56:20','2011-03-21 12:59:24',NULL,1),(1650,4,21,80,'2011-03-21 12:56:20','2011-03-21 12:59:24',NULL,3),(1651,4,21,81,'2011-03-21 12:56:20','2011-03-21 12:59:24',NULL,1),(1652,4,21,82,'2011-03-21 12:56:20','2011-03-21 12:59:24',NULL,1),(1653,4,21,83,'2011-03-21 12:56:20','2011-03-21 12:59:24',NULL,1),(1654,4,21,84,'2011-03-21 12:56:20','2011-03-21 12:59:24',NULL,1),(1655,4,21,85,'2011-03-21 12:56:20','2011-03-21 12:59:24',NULL,1),(1656,4,21,86,'2011-03-21 12:56:20','2011-03-21 12:59:24',NULL,1),(1657,4,21,87,'2011-03-21 12:56:20','2011-03-21 12:59:24',NULL,1),(1658,4,21,88,'2011-03-21 12:56:20','2011-03-21 12:59:24',NULL,1),(1659,4,21,89,'2011-03-21 12:56:20','2011-03-21 12:59:24',NULL,1),(1660,4,21,90,'2011-03-21 12:56:20','2011-03-21 12:59:24',NULL,1),(1661,4,21,91,'2011-03-21 12:56:20','2011-03-21 12:59:24',NULL,0),(1662,4,21,92,'2011-03-21 12:56:20','2011-03-21 12:59:24',NULL,1),(1663,4,21,93,'2011-03-21 12:56:20','2011-03-21 12:59:24',NULL,1),(1664,4,21,94,'2011-03-21 12:56:20','2011-03-21 12:59:24',NULL,1),(1665,4,21,95,'2011-03-21 12:56:20','2011-03-21 12:59:24',NULL,1),(1666,4,21,96,'2011-03-21 12:56:20','2011-03-21 12:59:24',NULL,1),(1667,4,21,97,'2011-03-21 12:56:20','2011-03-21 12:59:24',NULL,1),(1668,4,21,98,'2011-03-21 12:56:20','2011-03-21 12:59:24',NULL,1),(1669,4,21,99,'2011-03-21 12:56:20','2011-03-21 12:59:24',NULL,1),(1670,4,21,100,'2011-03-21 12:56:20','2011-03-21 12:59:24',NULL,1),(1671,4,21,101,'2011-03-21 12:56:20','2011-03-21 12:59:24',NULL,1),(1672,4,21,102,'2011-03-21 12:56:20','2011-03-21 12:59:24',NULL,1),(1673,4,21,103,'2011-03-21 12:56:20','2011-03-21 12:59:24',NULL,1),(1674,4,21,104,'2011-03-21 12:56:20','2011-03-21 12:59:24',NULL,1),(1675,4,21,105,'2011-03-21 12:56:20','2011-03-21 12:59:24',NULL,1),(1676,4,21,106,'2011-03-21 12:56:20','2011-03-21 12:59:24',NULL,1),(1677,4,21,107,'2011-03-21 12:56:20','2011-03-21 12:59:24',NULL,1),(1678,4,21,108,'2011-03-21 12:56:20','2011-03-21 12:59:24',NULL,2),(1679,4,21,109,'2011-03-21 12:56:20','2011-03-21 12:59:24',NULL,1),(1680,4,21,110,'2011-03-21 12:56:20','2011-03-21 12:59:24',NULL,1),(1681,4,21,111,'2011-03-21 12:56:20','2011-03-21 12:59:24',NULL,1),(1682,4,21,112,'2011-03-21 12:56:20','2011-03-21 12:59:24',NULL,1),(1683,4,21,113,'2011-03-21 12:56:20','2011-03-21 12:59:24',NULL,2),(1684,4,21,114,'2011-03-21 12:56:20','2011-03-21 12:59:24',NULL,2),(1685,4,21,115,'2011-03-21 12:56:20','2011-03-21 12:59:24',NULL,2),(1686,4,21,116,'2011-03-21 12:56:20','2011-03-21 12:59:25',NULL,2),(1687,4,21,117,'2011-03-21 12:56:20','2011-03-21 12:59:25',NULL,1),(1688,4,21,118,'2011-03-21 12:56:20','2011-03-21 12:59:25',NULL,1),(1689,4,21,119,'2011-03-21 12:56:20','2011-03-21 12:59:25',NULL,2),(1690,4,21,120,'2011-03-21 12:56:20','2011-03-21 12:59:25',NULL,2),(1691,4,21,121,'2011-03-21 12:56:20','2011-03-21 12:59:25',NULL,2),(1692,4,21,122,'2011-03-21 12:56:20','2011-03-21 12:59:25',NULL,1),(1693,4,21,123,'2011-03-21 12:56:20','2011-03-21 12:59:25',NULL,1),(1694,4,21,124,'2011-03-21 12:56:20','2011-03-21 12:59:25',NULL,1),(1695,4,21,125,'2011-03-21 12:56:20','2011-03-21 12:59:25',NULL,1),(1696,4,21,126,'2011-03-21 12:56:20','2011-03-21 12:59:25',NULL,1),(1697,4,21,127,'2011-03-21 12:56:20','2011-03-21 12:59:25',NULL,1),(1698,4,21,128,'2011-03-21 12:56:20','2011-03-21 12:59:25',NULL,1),(1699,4,21,129,'2011-03-21 12:56:20','2011-03-21 12:59:25',NULL,1),(1700,4,21,130,'2011-03-21 12:56:20','2011-03-21 12:59:25',NULL,1),(1701,4,21,131,'2011-03-21 12:59:25','2011-03-21 13:20:11',NULL,6),(1702,4,21,132,'2011-03-21 12:59:25','2011-03-21 13:20:11',NULL,3),(1703,4,21,133,'2011-03-21 12:59:25','2011-03-21 13:20:11',NULL,2),(1704,4,21,134,'2011-03-21 12:59:25','2011-03-21 13:20:11',NULL,2),(1705,4,21,135,'2011-03-21 12:59:25','2011-03-21 13:20:11',NULL,1),(1706,4,21,136,'2011-03-21 12:59:25','2011-03-21 13:20:11',NULL,2),(1707,4,21,138,'2011-03-21 12:59:25','2011-03-21 13:20:11',NULL,5),(1708,4,21,139,'2011-03-21 12:59:25','2011-03-21 13:20:11',NULL,0),(1709,4,21,140,'2011-03-21 12:59:25','2011-03-21 13:20:11',NULL,1),(1710,4,21,141,'2011-03-21 12:59:25','2011-03-21 13:20:12',NULL,0),(1711,4,21,142,'2011-03-21 12:59:25','2011-03-21 13:20:12',NULL,0),(1712,4,21,144,'2011-03-21 12:59:25','2011-03-21 13:20:12',NULL,1),(1713,4,21,145,'2011-03-21 12:59:25','2011-03-21 13:20:12',NULL,2),(1714,4,21,147,'2011-03-21 12:59:25','2011-03-21 13:20:12',NULL,1),(1715,4,21,148,'2011-03-21 12:59:25','2011-03-21 13:20:12',NULL,2),(1716,4,21,150,'2011-03-21 12:59:25','2011-03-21 13:20:12',NULL,0),(1717,4,21,151,'2011-03-21 12:59:25','2011-03-21 13:20:12',NULL,1),(1718,4,21,153,'2011-03-21 12:59:25','2011-03-21 13:20:12',NULL,2),(1719,4,21,154,'2011-03-21 12:59:25','2011-03-21 13:20:12',NULL,3),(1720,4,21,155,'2011-03-21 12:59:25','2011-03-21 13:20:12',NULL,0),(1721,4,21,156,'2011-03-21 12:59:25','2011-03-21 13:20:12',NULL,2),(1722,4,21,157,'2011-03-21 12:59:25','2011-03-21 13:20:12',NULL,2),(1723,4,21,158,'2011-03-21 12:59:25','2011-03-21 13:20:12',NULL,0),(1724,4,21,159,'2011-03-21 12:59:25','2011-03-21 13:20:12',NULL,2),(1725,4,21,160,'2011-03-21 12:59:25','2011-03-21 13:20:12',NULL,1),(1726,4,21,161,'2011-03-21 12:59:25','2011-03-21 13:20:12',NULL,1),(1727,4,21,162,'2011-03-21 12:59:25','2011-03-21 13:20:12',NULL,2),(1728,4,21,163,'2011-03-21 12:59:25','2011-03-21 13:20:12',NULL,1),(1729,4,21,164,'2011-03-21 12:59:25','2011-03-21 13:20:12',NULL,1),(1730,4,21,165,'2011-03-21 12:59:25','2011-03-21 13:20:12',NULL,0),(1731,4,21,166,'2011-03-21 12:59:25','2011-03-21 13:20:12',NULL,0),(1732,4,21,167,'2011-03-21 12:59:25','2011-03-21 13:20:12',NULL,0),(1733,4,21,168,'2011-03-21 12:59:25','2011-03-21 13:20:12',NULL,1),(1734,4,21,169,'2011-03-21 12:59:25','2011-03-21 13:20:12',NULL,1),(1735,4,21,170,'2011-03-21 12:59:25','2011-03-21 13:20:12',NULL,1),(1736,4,21,171,'2011-03-21 12:59:25','2011-03-21 13:20:12',NULL,2),(1737,4,21,172,'2011-03-21 12:59:25','2011-03-21 13:20:12',NULL,1),(1738,4,21,173,'2011-03-21 12:59:25','2011-03-21 13:20:12',NULL,1),(1739,4,21,174,'2011-03-21 12:59:25','2011-03-21 13:20:12',NULL,2),(1740,4,21,175,'2011-03-21 12:59:25','2011-03-21 13:20:12',NULL,2),(1741,4,21,176,'2011-03-21 12:59:25','2011-03-21 13:20:12',NULL,1),(1742,4,21,177,'2011-03-21 12:59:25','2011-03-21 13:20:12',NULL,2),(1743,4,21,178,'2011-03-21 12:59:25','2011-03-21 13:20:12',NULL,1),(1744,4,21,179,'2011-03-21 12:59:25','2011-03-21 13:20:12',NULL,1),(1745,4,21,180,'2011-03-21 12:59:25','2011-03-21 13:20:12',NULL,2),(1746,4,22,18,'2011-03-21 13:23:08','2011-03-21 13:26:19',NULL,0),(1747,4,22,19,'2011-03-21 13:23:08','2011-03-21 13:26:19',NULL,1),(1748,4,22,20,'2011-03-21 13:23:08','2011-03-21 13:26:19',NULL,4),(1749,4,22,21,'2011-03-21 13:23:08','2011-03-21 13:26:19',NULL,1),(1750,4,22,22,'2011-03-21 13:23:08','2011-03-21 13:26:19',NULL,3),(1751,4,22,23,'2011-03-21 13:23:08','2011-03-21 13:26:19',NULL,2),(1752,4,22,24,'2011-03-21 13:23:08','2011-03-21 13:26:19',NULL,9),(1753,4,22,25,'2011-03-21 13:23:08','2011-03-21 13:26:19',NULL,0),(1754,4,22,26,'2011-03-21 13:23:08','2011-03-21 13:26:19',NULL,0),(1755,4,22,27,'2011-03-21 13:23:08','2011-03-21 13:26:19',NULL,0),(1756,4,22,28,'2011-03-21 13:23:08','2011-03-21 13:26:19',1,NULL),(1757,4,22,29,'2011-03-21 13:23:08','2011-03-21 13:26:19',NULL,2),(1758,4,22,30,'2011-03-21 13:23:08','2011-03-21 13:26:19',NULL,1),(1759,4,22,31,'2011-03-21 13:23:08','2011-03-21 13:26:19',NULL,7),(1760,4,22,32,'2011-03-21 13:26:20','2011-03-21 13:26:27',NULL,0),(1761,4,22,33,'2011-03-21 13:26:20','2011-03-21 13:26:27',NULL,2),(1762,4,22,34,'2011-03-21 13:26:20','2011-03-21 13:26:27',NULL,3),(1763,4,22,35,'2011-03-21 13:26:27','2011-03-21 13:28:45',NULL,2),(1764,4,22,36,'2011-03-21 13:26:27','2011-03-21 13:28:45',NULL,1),(1765,4,22,37,'2011-03-21 13:26:27','2011-03-21 13:28:45',NULL,0),(1766,4,22,38,'2011-03-21 13:26:27','2011-03-21 13:28:45',NULL,4),(1767,4,22,39,'2011-03-21 13:26:27','2011-03-21 13:28:45',NULL,2),(1768,4,22,40,'2011-03-21 13:26:27','2011-03-21 13:28:45',NULL,1),(1769,4,22,41,'2011-03-21 13:26:27','2011-03-21 13:28:45',NULL,0),(1770,4,22,42,'2011-03-21 13:26:27','2011-03-21 13:28:45',NULL,1),(1771,4,22,43,'2011-03-21 13:26:27','2011-03-21 13:28:45',NULL,0),(1772,4,22,44,'2011-03-21 13:26:27','2011-03-21 13:28:45',NULL,1),(1773,4,22,45,'2011-03-21 13:26:27','2011-03-21 13:28:45',NULL,0),(1774,4,22,46,'2011-03-21 13:26:27','2011-03-21 13:28:45',NULL,1),(1775,4,22,47,'2011-03-21 13:26:27','2011-03-21 13:28:45',NULL,1),(1776,4,22,48,'2011-03-21 13:26:27','2011-03-21 13:28:45',NULL,1),(1777,4,22,49,'2011-03-21 13:26:27','2011-03-21 13:28:45',NULL,0),(1778,4,22,50,'2011-03-21 13:26:27','2011-03-21 13:28:45',NULL,1),(1779,4,22,51,'2011-03-21 13:26:27','2011-03-21 13:28:45',NULL,1),(1780,4,22,52,'2011-03-21 13:26:27','2011-03-21 13:28:45',NULL,1),(1781,4,22,53,'2011-03-21 13:26:27','2011-03-21 13:28:45',NULL,1),(1782,4,22,54,'2011-03-21 13:26:27','2011-03-21 13:28:45',NULL,1),(1783,4,22,55,'2011-03-21 13:26:27','2011-03-21 13:28:45',NULL,1),(1784,4,22,56,'2011-03-21 13:26:27','2011-03-21 13:28:45',NULL,1),(1785,4,22,57,'2011-03-21 13:28:45','2011-03-21 13:29:54',NULL,3),(1786,4,22,58,'2011-03-21 13:28:45','2011-03-21 13:29:54',NULL,2),(1787,4,22,59,'2011-03-21 13:28:45','2011-03-21 13:29:54',NULL,1),(1788,4,22,60,'2011-03-21 13:28:45','2011-03-21 13:29:54',NULL,2),(1789,4,22,61,'2011-03-21 13:28:45','2011-03-21 13:29:54',NULL,0),(1790,4,22,62,'2011-03-21 13:28:45','2011-03-21 13:29:54',NULL,0),(1791,4,22,63,'2011-03-21 13:28:45','2011-03-21 13:29:54',NULL,0),(1792,4,22,64,'2011-03-21 13:28:45','2011-03-21 13:29:54',NULL,0),(1793,4,22,65,'2011-03-21 13:28:45','2011-03-21 13:29:54',NULL,0),(1794,4,22,66,'2011-03-21 13:28:45','2011-03-21 13:29:54',NULL,0),(1795,4,22,67,'2011-03-21 13:28:45','2011-03-21 13:29:54',NULL,0),(1796,4,22,68,'2011-03-21 13:28:45','2011-03-21 13:29:54',NULL,0),(1797,4,22,69,'2011-03-21 13:29:55','2011-03-21 13:33:20',NULL,1),(1798,4,22,70,'2011-03-21 13:29:55','2011-03-21 13:33:20',NULL,1),(1799,4,22,71,'2011-03-21 13:29:55','2011-03-21 13:33:20',NULL,1),(1800,4,22,72,'2011-03-21 13:29:55','2011-03-21 13:33:20',NULL,1),(1801,4,22,73,'2011-03-21 13:29:55','2011-03-21 13:33:20',NULL,0),(1802,4,22,74,'2011-03-21 13:29:55','2011-03-21 13:33:20',NULL,1),(1803,4,22,75,'2011-03-21 13:29:55','2011-03-21 13:33:20',NULL,1),(1804,4,22,76,'2011-03-21 13:29:55','2011-03-21 13:33:20',NULL,1),(1805,4,22,77,'2011-03-21 13:29:55','2011-03-21 13:33:20',NULL,1),(1806,4,22,78,'2011-03-21 13:29:55','2011-03-21 13:33:20',NULL,0),(1807,4,22,79,'2011-03-21 13:29:55','2011-03-21 13:33:20',NULL,1),(1808,4,22,80,'2011-03-21 13:29:55','2011-03-21 13:33:20',NULL,0),(1809,4,22,81,'2011-03-21 13:29:55','2011-03-21 13:33:20',NULL,1),(1810,4,22,82,'2011-03-21 13:29:55','2011-03-21 13:33:20',NULL,1),(1811,4,22,83,'2011-03-21 13:29:55','2011-03-21 13:33:20',NULL,1),(1812,4,22,84,'2011-03-21 13:29:55','2011-03-21 13:33:20',NULL,1),(1813,4,22,85,'2011-03-21 13:29:55','2011-03-21 13:33:20',NULL,1),(1814,4,22,86,'2011-03-21 13:29:55','2011-03-21 13:33:20',NULL,1),(1815,4,22,87,'2011-03-21 13:29:55','2011-03-21 13:33:20',NULL,1),(1816,4,22,88,'2011-03-21 13:29:55','2011-03-21 13:33:20',NULL,1),(1817,4,22,89,'2011-03-21 13:29:55','2011-03-21 13:33:20',NULL,0),(1818,4,22,90,'2011-03-21 13:29:55','2011-03-21 13:33:20',NULL,1),(1819,4,22,91,'2011-03-21 13:29:55','2011-03-21 13:33:20',NULL,0),(1820,4,22,92,'2011-03-21 13:29:55','2011-03-21 13:33:20',NULL,1),(1821,4,22,93,'2011-03-21 13:29:55','2011-03-21 13:33:20',NULL,1),(1822,4,22,94,'2011-03-21 13:29:55','2011-03-21 13:33:20',NULL,1),(1823,4,22,95,'2011-03-21 13:29:55','2011-03-21 13:33:20',NULL,1),(1824,4,22,96,'2011-03-21 13:29:55','2011-03-21 13:33:20',NULL,1),(1825,4,22,97,'2011-03-21 13:29:55','2011-03-21 13:33:20',NULL,1),(1826,4,22,98,'2011-03-21 13:29:55','2011-03-21 13:33:20',NULL,1),(1827,4,22,99,'2011-03-21 13:29:55','2011-03-21 13:33:21',NULL,1),(1828,4,22,100,'2011-03-21 13:29:55','2011-03-21 13:33:21',NULL,1),(1829,4,22,101,'2011-03-21 13:29:55','2011-03-21 13:33:21',NULL,1),(1830,4,22,102,'2011-03-21 13:29:55','2011-03-21 13:33:21',NULL,1),(1831,4,22,103,'2011-03-21 13:29:55','2011-03-21 13:33:21',NULL,1),(1832,4,22,104,'2011-03-21 13:29:55','2011-03-21 13:33:21',NULL,1),(1833,4,22,105,'2011-03-21 13:29:55','2011-03-21 13:33:21',NULL,1),(1834,4,22,106,'2011-03-21 13:29:55','2011-03-21 13:33:21',NULL,1),(1835,4,22,107,'2011-03-21 13:29:55','2011-03-21 13:33:21',NULL,1),(1836,4,22,108,'2011-03-21 13:29:55','2011-03-21 13:33:21',NULL,0),(1837,4,22,109,'2011-03-21 13:29:55','2011-03-21 13:33:21',NULL,1),(1838,4,22,110,'2011-03-21 13:29:55','2011-03-21 13:33:21',NULL,1),(1839,4,22,111,'2011-03-21 13:29:55','2011-03-21 13:33:21',NULL,1),(1840,4,22,112,'2011-03-21 13:29:55','2011-03-21 13:33:21',NULL,1),(1841,4,22,113,'2011-03-21 13:29:55','2011-03-21 13:33:21',NULL,2),(1842,4,22,114,'2011-03-21 13:29:55','2011-03-21 13:33:21',NULL,2),(1843,4,22,115,'2011-03-21 13:29:55','2011-03-21 13:33:21',NULL,2),(1844,4,22,116,'2011-03-21 13:29:55','2011-03-21 13:33:21',NULL,2),(1845,4,22,117,'2011-03-21 13:29:55','2011-03-21 13:33:21',NULL,2),(1846,4,22,118,'2011-03-21 13:29:55','2011-03-21 13:33:21',NULL,2),(1847,4,22,119,'2011-03-21 13:29:55','2011-03-21 13:33:21',NULL,2),(1848,4,22,120,'2011-03-21 13:29:55','2011-03-21 13:33:21',NULL,2),(1849,4,22,121,'2011-03-21 13:29:55','2011-03-21 13:33:21',NULL,2),(1850,4,22,122,'2011-03-21 13:29:55','2011-03-21 13:33:21',NULL,1),(1851,4,22,123,'2011-03-21 13:29:55','2011-03-21 13:33:21',NULL,1),(1852,4,22,124,'2011-03-21 13:29:55','2011-03-21 13:33:21',NULL,1),(1853,4,22,125,'2011-03-21 13:29:55','2011-03-21 13:33:21',NULL,1),(1854,4,22,126,'2011-03-21 13:29:55','2011-03-21 13:33:21',NULL,1),(1855,4,22,127,'2011-03-21 13:29:55','2011-03-21 13:33:21',NULL,1),(1856,4,22,128,'2011-03-21 13:29:55','2011-03-21 13:33:21',NULL,1),(1857,4,22,129,'2011-03-21 13:29:55','2011-03-21 13:33:21',NULL,1),(1858,4,22,130,'2011-03-21 13:29:55','2011-03-21 13:33:21',NULL,1),(1859,4,22,131,'2011-03-21 13:33:21','2011-03-21 13:39:37',NULL,6),(1860,4,22,132,'2011-03-21 13:33:21','2011-03-21 13:39:37',NULL,1),(1861,4,22,133,'2011-03-21 13:33:21','2011-03-21 13:39:37',NULL,2),(1862,4,22,134,'2011-03-21 13:33:21','2011-03-21 13:39:37',NULL,2),(1863,4,22,135,'2011-03-21 13:33:21','2011-03-21 13:39:37',NULL,2),(1864,4,22,136,'2011-03-21 13:33:21','2011-03-21 13:39:37',NULL,2),(1865,4,22,138,'2011-03-21 13:33:21','2011-03-21 13:39:37',NULL,4),(1866,4,22,139,'2011-03-21 13:33:21','2011-03-21 13:39:37',NULL,0),(1867,4,22,140,'2011-03-21 13:33:21','2011-03-21 13:39:37',NULL,2),(1868,4,22,141,'2011-03-21 13:33:21','2011-03-21 13:39:37',NULL,0),(1869,4,22,142,'2011-03-21 13:33:21','2011-03-21 13:39:37',NULL,1),(1870,4,22,144,'2011-03-21 13:33:21','2011-03-21 13:39:37',NULL,0),(1871,4,22,145,'2011-03-21 13:33:21','2011-03-21 13:39:37',NULL,2),(1872,4,22,147,'2011-03-21 13:33:21','2011-03-21 13:39:37',NULL,1),(1873,4,22,148,'2011-03-21 13:33:21','2011-03-21 13:39:37',NULL,0),(1874,4,22,150,'2011-03-21 13:33:21','2011-03-21 13:39:37',NULL,0),(1875,4,22,151,'2011-03-21 13:33:21','2011-03-21 13:39:37',NULL,3),(1876,4,22,153,'2011-03-21 13:33:21','2011-03-21 13:39:37',NULL,1),(1877,4,22,154,'2011-03-21 13:33:21','2011-03-21 13:39:37',NULL,3),(1878,4,22,155,'2011-03-21 13:33:21','2011-03-21 13:39:37',NULL,1),(1879,4,22,156,'2011-03-21 13:33:21','2011-03-21 13:39:37',NULL,2),(1880,4,22,157,'2011-03-21 13:33:21','2011-03-21 13:39:37',NULL,1),(1881,4,22,158,'2011-03-21 13:33:21','2011-03-21 13:39:37',NULL,0),(1882,4,22,159,'2011-03-21 13:33:21','2011-03-21 13:39:37',NULL,2),(1883,4,22,160,'2011-03-21 13:33:21','2011-03-21 13:39:37',NULL,0),(1884,4,22,161,'2011-03-21 13:33:21','2011-03-21 13:39:37',NULL,1),(1885,4,22,162,'2011-03-21 13:33:21','2011-03-21 13:39:37',NULL,2),(1886,4,22,163,'2011-03-21 13:33:21','2011-03-21 13:39:37',NULL,1),(1887,4,22,164,'2011-03-21 13:33:21','2011-03-21 13:39:37',NULL,0),(1888,4,22,165,'2011-03-21 13:33:21','2011-03-21 13:39:37',NULL,0),(1889,4,22,166,'2011-03-21 13:33:21','2011-03-21 13:39:37',NULL,1),(1890,4,22,167,'2011-03-21 13:33:21','2011-03-21 13:39:37',NULL,0),(1891,4,22,168,'2011-03-21 13:33:21','2011-03-21 13:39:37',NULL,0),(1892,4,22,169,'2011-03-21 13:33:21','2011-03-21 13:39:37',NULL,0),(1893,4,22,170,'2011-03-21 13:33:21','2011-03-21 13:39:37',NULL,1),(1894,4,22,171,'2011-03-21 13:33:21','2011-03-21 13:39:37',NULL,2),(1895,4,22,172,'2011-03-21 13:33:21','2011-03-21 13:39:37',NULL,1),(1896,4,22,173,'2011-03-21 13:33:21','2011-03-21 13:39:37',NULL,1),(1897,4,22,174,'2011-03-21 13:33:21','2011-03-21 13:39:37',NULL,2),(1898,4,22,175,'2011-03-21 13:33:21','2011-03-21 13:39:37',NULL,2),(1899,4,22,176,'2011-03-21 13:33:21','2011-03-21 13:39:37',NULL,1),(1900,4,22,177,'2011-03-21 13:33:21','2011-03-21 13:39:37',NULL,2),(1901,4,22,178,'2011-03-21 13:33:21','2011-03-21 13:39:37',NULL,1),(1902,4,22,179,'2011-03-21 13:33:21','2011-03-21 13:39:37',NULL,1),(1903,4,22,180,'2011-03-21 13:33:21','2011-03-21 13:39:37',NULL,2),(1904,4,23,1,'2011-03-21 13:39:37','2011-03-21 13:42:12',NULL,0),(1905,4,23,2,'2011-03-21 13:39:37','2011-03-21 13:42:12',NULL,4),(1906,4,23,3,'2011-03-21 13:39:37','2011-03-21 13:42:12',NULL,2),(1907,4,23,4,'2011-03-21 13:39:37','2011-03-21 13:42:12',NULL,6),(1908,4,23,5,'2011-03-21 13:39:37','2011-03-21 13:42:12',NULL,1),(1909,4,23,6,'2011-03-21 13:39:37','2011-03-21 13:42:12',NULL,1),(1910,4,23,7,'2011-03-21 13:39:37','2011-03-21 13:42:12',NULL,1),(1911,4,23,8,'2011-03-21 13:39:37','2011-03-21 13:42:12',NULL,1),(1912,4,23,9,'2011-03-21 13:39:37','2011-03-21 13:42:12',NULL,1),(1913,4,23,10,'2011-03-21 13:39:37','2011-03-21 13:42:12',NULL,1),(1914,4,23,11,'2011-03-21 13:39:37','2011-03-21 13:42:12',NULL,1),(1915,4,23,12,'2011-03-21 13:39:37','2011-03-21 13:42:12',NULL,1),(1916,4,23,13,'2011-03-21 13:39:37','2011-03-21 13:42:12',NULL,1),(1917,4,23,14,'2011-03-21 13:39:37','2011-03-21 13:42:12',NULL,1),(1918,4,23,15,'2011-03-21 13:39:37','2011-03-21 13:42:12',NULL,2),(1919,4,23,16,'2011-03-21 13:39:37','2011-03-21 13:42:12',NULL,1),(1920,4,23,17,'2011-03-21 13:39:37','2011-03-21 13:42:12',NULL,1),(1921,4,23,18,'2011-03-21 13:42:12','2011-03-21 13:44:36',NULL,0),(1922,4,23,19,'2011-03-21 13:42:12','2011-03-21 13:44:36',NULL,1),(1923,4,23,20,'2011-03-21 13:42:12','2011-03-21 13:44:36',NULL,4),(1924,4,23,21,'2011-03-21 13:42:12','2011-03-21 13:44:36',NULL,1),(1925,4,23,22,'2011-03-21 13:42:12','2011-03-21 13:44:36',NULL,3),(1926,4,23,23,'2011-03-21 13:42:12','2011-03-21 13:44:36',NULL,1),(1927,4,23,24,'2011-03-21 13:42:12','2011-03-21 13:44:36',NULL,9),(1928,4,23,25,'2011-03-21 13:42:12','2011-03-21 13:44:36',NULL,0),(1929,4,23,26,'2011-03-21 13:42:12','2011-03-21 13:44:36',NULL,2),(1930,4,23,27,'2011-03-21 13:42:12','2011-03-21 13:44:36',NULL,1),(1931,4,23,28,'2011-03-21 13:42:12','2011-03-21 13:44:36',NULL,3),(1932,4,23,29,'2011-03-21 13:42:12','2011-03-21 13:44:36',NULL,1),(1933,4,23,30,'2011-03-21 13:42:12','2011-03-21 13:44:36',NULL,1),(1934,4,23,31,'2011-03-21 13:42:12','2011-03-21 13:44:36',NULL,7),(1935,4,23,32,'2011-03-21 13:44:36','2011-03-21 13:44:44',NULL,0),(1936,4,23,33,'2011-03-21 13:44:36','2011-03-21 13:44:44',NULL,2),(1937,4,23,34,'2011-03-21 13:44:36','2011-03-21 13:44:44',NULL,3),(1938,4,23,35,'2011-03-21 13:44:44','2011-03-21 13:46:06',NULL,1),(1939,4,23,36,'2011-03-21 13:44:44','2011-03-21 13:46:06',NULL,1),(1940,4,23,37,'2011-03-21 13:44:44','2011-03-21 13:46:06',NULL,1),(1941,4,23,38,'2011-03-21 13:44:44','2011-03-21 13:46:06',NULL,2),(1942,4,23,39,'2011-03-21 13:44:44','2011-03-21 13:46:06',NULL,1),(1943,4,23,40,'2011-03-21 13:44:44','2011-03-21 13:46:06',NULL,1),(1944,4,23,41,'2011-03-21 13:44:44','2011-03-21 13:46:06',NULL,1),(1945,4,23,42,'2011-03-21 13:44:44','2011-03-21 13:46:06',NULL,0),(1946,4,23,43,'2011-03-21 13:44:44','2011-03-21 13:46:06',NULL,0),(1947,4,23,44,'2011-03-21 13:44:44','2011-03-21 13:46:06',NULL,1),(1948,4,23,45,'2011-03-21 13:44:44','2011-03-21 13:46:06',NULL,1),(1949,4,23,46,'2011-03-21 13:44:44','2011-03-21 13:46:06',NULL,1),(1950,4,23,47,'2011-03-21 13:44:44','2011-03-21 13:46:06',NULL,1),(1951,4,23,48,'2011-03-21 13:44:44','2011-03-21 13:46:06',NULL,0),(1952,4,23,49,'2011-03-21 13:44:44','2011-03-21 13:46:06',NULL,1),(1953,4,23,50,'2011-03-21 13:44:44','2011-03-21 13:46:06',NULL,1),(1954,4,23,51,'2011-03-21 13:44:44','2011-03-21 13:46:06',NULL,1),(1955,4,23,52,'2011-03-21 13:44:44','2011-03-21 13:46:06',NULL,1),(1956,4,23,53,'2011-03-21 13:44:44','2011-03-21 13:46:06',NULL,1),(1957,4,23,54,'2011-03-21 13:44:44','2011-03-21 13:46:06',NULL,1),(1958,4,23,55,'2011-03-21 13:44:44','2011-03-21 13:46:06',NULL,1),(1959,4,23,56,'2011-03-21 13:44:44','2011-03-21 13:46:06',NULL,1),(1960,4,23,57,'2011-03-21 13:46:07','2011-03-21 13:46:58',NULL,3),(1961,4,23,58,'2011-03-21 13:46:07','2011-03-21 13:46:58',NULL,4),(1962,4,23,59,'2011-03-21 13:46:07','2011-03-21 13:46:58',NULL,0),(1963,4,23,60,'2011-03-21 13:46:07','2011-03-21 13:46:58',NULL,2),(1964,4,23,61,'2011-03-21 13:46:07','2011-03-21 13:46:58',NULL,0),(1965,4,23,62,'2011-03-21 13:46:07','2011-03-21 13:46:58',NULL,0),(1966,4,23,63,'2011-03-21 13:46:07','2011-03-21 13:46:58',NULL,0),(1967,4,23,64,'2011-03-21 13:46:07','2011-03-21 13:46:58',NULL,0),(1968,4,23,65,'2011-03-21 13:46:07','2011-03-21 13:46:58',NULL,0),(1969,4,23,66,'2011-03-21 13:46:07','2011-03-21 13:46:58',NULL,0),(1970,4,23,67,'2011-03-21 13:46:07','2011-03-21 13:46:58',NULL,0),(1971,4,23,68,'2011-03-21 13:46:07','2011-03-21 13:46:58',NULL,0),(1972,4,23,69,'2011-03-21 13:46:59','2011-03-21 13:49:04',NULL,0),(1973,4,23,70,'2011-03-21 13:46:59','2011-03-21 13:49:04',NULL,1),(1974,4,23,71,'2011-03-21 13:46:59','2011-03-21 13:49:04',NULL,1),(1975,4,23,72,'2011-03-21 13:46:59','2011-03-21 13:49:04',NULL,1),(1976,4,23,73,'2011-03-21 13:46:59','2011-03-21 13:49:04',NULL,1),(1977,4,23,74,'2011-03-21 13:46:59','2011-03-21 13:49:04',NULL,1),(1978,4,23,75,'2011-03-21 13:46:59','2011-03-21 13:49:04',NULL,1),(1979,4,23,76,'2011-03-21 13:46:59','2011-03-21 13:49:04',NULL,1),(1980,4,23,77,'2011-03-21 13:46:59','2011-03-21 13:49:04',NULL,1),(1981,4,23,78,'2011-03-21 13:46:59','2011-03-21 13:49:04',NULL,1),(1982,4,23,79,'2011-03-21 13:46:59','2011-03-21 13:49:04',NULL,1),(1983,4,23,80,'2011-03-21 13:46:59','2011-03-21 13:49:04',NULL,3),(1984,4,23,81,'2011-03-21 13:46:59','2011-03-21 13:49:04',NULL,1),(1985,4,23,82,'2011-03-21 13:46:59','2011-03-21 13:49:04',NULL,1),(1986,4,23,83,'2011-03-21 13:46:59','2011-03-21 13:49:04',NULL,1),(1987,4,23,84,'2011-03-21 13:46:59','2011-03-21 13:49:04',NULL,1),(1988,4,23,85,'2011-03-21 13:46:59','2011-03-21 13:49:04',NULL,1),(1989,4,23,86,'2011-03-21 13:46:59','2011-03-21 13:49:04',NULL,1),(1990,4,23,87,'2011-03-21 13:46:59','2011-03-21 13:49:04',NULL,1),(1991,4,23,88,'2011-03-21 13:46:59','2011-03-21 13:49:04',NULL,1),(1992,4,23,89,'2011-03-21 13:46:59','2011-03-21 13:49:04',NULL,1),(1993,4,23,90,'2011-03-21 13:46:59','2011-03-21 13:49:04',NULL,1),(1994,4,23,91,'2011-03-21 13:46:59','2011-03-21 13:49:04',NULL,1),(1995,4,23,92,'2011-03-21 13:46:59','2011-03-21 13:49:04',NULL,1),(1996,4,23,93,'2011-03-21 13:46:59','2011-03-21 13:49:04',NULL,1),(1997,4,23,94,'2011-03-21 13:46:59','2011-03-21 13:49:04',NULL,1),(1998,4,23,95,'2011-03-21 13:46:59','2011-03-21 13:49:04',NULL,1),(1999,4,23,96,'2011-03-21 13:46:59','2011-03-21 13:49:04',NULL,1),(2000,4,23,97,'2011-03-21 13:46:59','2011-03-21 13:49:04',NULL,1),(2001,4,23,98,'2011-03-21 13:46:59','2011-03-21 13:49:04',NULL,1),(2002,4,23,99,'2011-03-21 13:46:59','2011-03-21 13:49:04',NULL,1),(2003,4,23,100,'2011-03-21 13:46:59','2011-03-21 13:49:04',NULL,1),(2004,4,23,101,'2011-03-21 13:46:59','2011-03-21 13:49:04',NULL,1),(2005,4,23,102,'2011-03-21 13:46:59','2011-03-21 13:49:04',NULL,1),(2006,4,23,103,'2011-03-21 13:46:59','2011-03-21 13:49:04',NULL,1),(2007,4,23,104,'2011-03-21 13:46:59','2011-03-21 13:49:04',NULL,1),(2008,4,23,105,'2011-03-21 13:46:59','2011-03-21 13:49:04',NULL,1),(2009,4,23,106,'2011-03-21 13:46:59','2011-03-21 13:49:04',NULL,0),(2010,4,23,107,'2011-03-21 13:46:59','2011-03-21 13:49:04',NULL,1),(2011,4,23,108,'2011-03-21 13:46:59','2011-03-21 13:49:04',NULL,3),(2012,4,23,109,'2011-03-21 13:46:59','2011-03-21 13:49:04',NULL,1),(2013,4,23,110,'2011-03-21 13:46:59','2011-03-21 13:49:04',NULL,1),(2014,4,23,111,'2011-03-21 13:46:59','2011-03-21 13:49:04',NULL,1),(2015,4,23,112,'2011-03-21 13:46:59','2011-03-21 13:49:04',NULL,1),(2016,4,23,113,'2011-03-21 13:46:59','2011-03-21 13:49:04',NULL,2),(2017,4,23,114,'2011-03-21 13:46:59','2011-03-21 13:49:04',NULL,2),(2018,4,23,115,'2011-03-21 13:46:59','2011-03-21 13:49:04',NULL,2),(2019,4,23,116,'2011-03-21 13:46:59','2011-03-21 13:49:04',NULL,2),(2020,4,23,117,'2011-03-21 13:46:59','2011-03-21 13:49:04',NULL,2),(2021,4,23,118,'2011-03-21 13:46:59','2011-03-21 13:49:04',NULL,2),(2022,4,23,119,'2011-03-21 13:46:59','2011-03-21 13:49:04',NULL,2),(2023,4,23,120,'2011-03-21 13:46:59','2011-03-21 13:49:04',NULL,2),(2024,4,23,121,'2011-03-21 13:46:59','2011-03-21 13:49:04',NULL,2),(2025,4,23,122,'2011-03-21 13:46:59','2011-03-21 13:49:04',NULL,1),(2026,4,23,123,'2011-03-21 13:46:59','2011-03-21 13:49:04',NULL,1),(2027,4,23,124,'2011-03-21 13:46:59','2011-03-21 13:49:04',NULL,1),(2028,4,23,125,'2011-03-21 13:46:59','2011-03-21 13:49:04',NULL,1),(2029,4,23,126,'2011-03-21 13:46:59','2011-03-21 13:49:04',NULL,1),(2030,4,23,127,'2011-03-21 13:46:59','2011-03-21 13:49:04',NULL,1),(2031,4,23,128,'2011-03-21 13:46:59','2011-03-21 13:49:04',NULL,1),(2032,4,23,129,'2011-03-21 13:46:59','2011-03-21 13:49:04',NULL,1),(2033,4,23,130,'2011-03-21 13:46:59','2011-03-21 13:49:04',NULL,1),(2034,4,23,131,'2011-03-21 13:49:05','2011-03-21 13:53:43',NULL,5),(2035,4,23,132,'2011-03-21 13:49:05','2011-03-21 13:53:43',NULL,2),(2036,4,23,133,'2011-03-21 13:49:05','2011-03-21 13:53:43',NULL,1),(2037,4,23,134,'2011-03-21 13:49:05','2011-03-21 13:53:43',NULL,2),(2038,4,23,135,'2011-03-21 13:49:05','2011-03-21 13:53:43',NULL,1),(2039,4,23,136,'2011-03-21 13:49:05','2011-03-21 13:53:43',NULL,1),(2040,4,23,138,'2011-03-21 13:49:05','2011-03-21 13:53:43',NULL,2),(2041,4,23,139,'2011-03-21 13:49:05','2011-03-21 13:53:43',NULL,0),(2042,4,23,140,'2011-03-21 13:49:05','2011-03-21 13:53:44',NULL,1),(2043,4,23,141,'2011-03-21 13:49:05','2011-03-21 13:53:44',NULL,1),(2044,4,23,142,'2011-03-21 13:49:05','2011-03-21 13:53:44',NULL,0),(2045,4,23,144,'2011-03-21 13:49:05','2011-03-21 13:53:44',NULL,2),(2046,4,23,145,'2011-03-21 13:49:05','2011-03-21 13:53:44',NULL,1),(2047,4,23,147,'2011-03-21 13:49:05','2011-03-21 13:53:44',NULL,1),(2048,4,23,148,'2011-03-21 13:49:05','2011-03-21 13:53:44',NULL,2),(2049,4,23,150,'2011-03-21 13:49:05','2011-03-21 13:53:44',NULL,0),(2050,4,23,151,'2011-03-21 13:49:05','2011-03-21 13:53:44',NULL,0),(2051,4,23,153,'2011-03-21 13:49:05','2011-03-21 13:53:44',NULL,2),(2052,4,23,154,'2011-03-21 13:49:05','2011-03-21 13:53:44',NULL,3),(2053,4,23,155,'2011-03-21 13:49:05','2011-03-21 13:53:44',NULL,0),(2054,4,23,156,'2011-03-21 13:49:05','2011-03-21 13:53:44',NULL,2),(2055,4,23,157,'2011-03-21 13:49:05','2011-03-21 13:53:44',NULL,2),(2056,4,23,158,'2011-03-21 13:49:05','2011-03-21 13:53:44',NULL,0),(2057,4,23,159,'2011-03-21 13:49:05','2011-03-21 13:53:44',NULL,2),(2058,4,23,160,'2011-03-21 13:49:05','2011-03-21 13:53:44',NULL,1),(2059,4,23,161,'2011-03-21 13:49:05','2011-03-21 13:53:44',NULL,1),(2060,4,23,162,'2011-03-21 13:49:05','2011-03-21 13:53:44',NULL,2),(2061,4,23,163,'2011-03-21 13:49:05','2011-03-21 13:53:44',NULL,1),(2062,4,23,164,'2011-03-21 13:49:05','2011-03-21 13:53:44',NULL,1),(2063,4,23,165,'2011-03-21 13:49:05','2011-03-21 13:53:44',NULL,0),(2064,4,23,166,'2011-03-21 13:49:05','2011-03-21 13:53:44',NULL,0),(2065,4,23,167,'2011-03-21 13:49:05','2011-03-21 13:53:44',NULL,0),(2066,4,23,168,'2011-03-21 13:49:05','2011-03-21 13:53:44',NULL,0),(2067,4,23,169,'2011-03-21 13:49:05','2011-03-21 13:53:44',NULL,1),(2068,4,23,170,'2011-03-21 13:49:05','2011-03-21 13:53:44',NULL,1),(2069,4,23,171,'2011-03-21 13:49:05','2011-03-21 13:53:44',NULL,2),(2070,4,23,172,'2011-03-21 13:49:05','2011-03-21 13:53:44',NULL,1),(2071,4,23,173,'2011-03-21 13:49:05','2011-03-21 13:53:44',NULL,1),(2072,4,23,174,'2011-03-21 13:49:05','2011-03-21 13:53:44',NULL,2),(2073,4,23,175,'2011-03-21 13:49:05','2011-03-21 13:53:44',NULL,2),(2074,4,23,176,'2011-03-21 13:49:05','2011-03-21 13:53:44',NULL,1),(2075,4,23,177,'2011-03-21 13:49:05','2011-03-21 13:53:44',NULL,2),(2076,4,23,178,'2011-03-21 13:49:05','2011-03-21 13:53:44',NULL,1),(2077,4,23,179,'2011-03-21 13:49:05','2011-03-21 13:53:44',NULL,2),(2078,4,23,180,'2011-03-21 13:49:05','2011-03-21 13:53:44',NULL,2),(2079,4,24,1,'2011-03-21 13:53:44','2011-03-21 13:56:20',NULL,1),(2080,4,24,2,'2011-03-21 13:53:44','2011-03-21 13:56:20',NULL,4),(2081,4,24,3,'2011-03-21 13:53:44','2011-03-21 13:56:20',NULL,2),(2082,4,24,4,'2011-03-21 13:53:44','2011-03-21 13:56:20',NULL,6),(2083,4,24,5,'2011-03-21 13:53:44','2011-03-21 13:56:20',NULL,1),(2084,4,24,6,'2011-03-21 13:53:44','2011-03-21 13:56:20',NULL,1),(2085,4,24,7,'2011-03-21 13:53:44','2011-03-21 13:56:20',NULL,1),(2086,4,24,8,'2011-03-21 13:53:44','2011-03-21 13:56:20',NULL,1),(2087,4,24,9,'2011-03-21 13:53:44','2011-03-21 13:56:20',NULL,1),(2088,4,24,10,'2011-03-21 13:53:44','2011-03-21 13:56:20',NULL,1),(2089,4,24,11,'2011-03-21 13:53:44','2011-03-21 13:56:20',NULL,1),(2090,4,24,12,'2011-03-21 13:53:44','2011-03-21 13:56:20',NULL,1),(2091,4,24,13,'2011-03-21 13:53:44','2011-03-21 13:56:20',NULL,1),(2092,4,24,14,'2011-03-21 13:53:44','2011-03-21 13:56:20',NULL,1),(2093,4,24,15,'2011-03-21 13:53:44','2011-03-21 13:56:20',NULL,0),(2094,4,24,16,'2011-03-21 13:53:44','2011-03-21 13:56:20',NULL,1),(2095,4,24,17,'2011-03-21 13:53:44','2011-03-21 13:56:20',NULL,1),(2096,4,24,18,'2011-03-21 13:56:20','2011-03-21 13:57:28',NULL,0),(2097,4,24,19,'2011-03-21 13:56:20','2011-03-21 13:57:28',NULL,1),(2098,4,24,20,'2011-03-21 13:56:20','2011-03-21 13:57:28',NULL,4),(2099,4,24,21,'2011-03-21 13:56:20','2011-03-21 13:57:28',NULL,1),(2100,4,24,22,'2011-03-21 13:56:20','2011-03-21 13:57:28',NULL,3),(2101,4,24,23,'2011-03-21 13:56:20','2011-03-21 13:57:28',NULL,1),(2102,4,24,24,'2011-03-21 13:56:20','2011-03-21 13:57:28',NULL,9),(2103,4,24,25,'2011-03-21 13:56:20','2011-03-21 13:57:28',NULL,0),(2104,4,24,26,'2011-03-21 13:56:20','2011-03-21 13:57:28',NULL,0),(2105,4,24,27,'2011-03-21 13:56:20','2011-03-21 13:57:28',NULL,1),(2106,4,24,28,'2011-03-21 13:56:20','2011-03-21 13:57:28',NULL,3),(2107,4,24,29,'2011-03-21 13:56:20','2011-03-21 13:57:28',NULL,3),(2108,4,24,30,'2011-03-21 13:56:20','2011-03-21 13:57:28',NULL,1),(2109,4,24,31,'2011-03-21 13:56:20','2011-03-21 13:57:28',NULL,7),(2110,4,24,32,'2011-03-21 13:57:28','2011-03-21 13:57:35',NULL,0),(2111,4,24,33,'2011-03-21 13:57:28','2011-03-21 13:57:35',NULL,2),(2112,4,24,34,'2011-03-21 13:57:28','2011-03-21 13:57:35',NULL,3),(2113,4,24,35,'2011-03-21 13:57:35','2011-03-21 13:59:39',NULL,2),(2114,4,24,36,'2011-03-21 13:57:35','2011-03-21 13:59:39',NULL,1),(2115,4,24,37,'2011-03-21 13:57:35','2011-03-21 13:59:39',NULL,0),(2116,4,24,38,'2011-03-21 13:57:35','2011-03-21 13:59:39',NULL,8),(2117,4,24,39,'2011-03-21 13:57:35','2011-03-21 13:59:39',NULL,1),(2118,4,24,40,'2011-03-21 13:57:35','2011-03-21 13:59:39',NULL,1),(2119,4,24,41,'2011-03-21 13:57:35','2011-03-21 13:59:39',NULL,0),(2120,4,24,42,'2011-03-21 13:57:35','2011-03-21 13:59:39',NULL,0),(2121,4,24,43,'2011-03-21 13:57:35','2011-03-21 13:59:39',NULL,0),(2122,4,24,44,'2011-03-21 13:57:35','2011-03-21 13:59:39',NULL,1),(2123,4,24,45,'2011-03-21 13:57:35','2011-03-21 13:59:39',NULL,1),(2124,4,24,46,'2011-03-21 13:57:35','2011-03-21 13:59:39',NULL,1),(2125,4,24,47,'2011-03-21 13:57:35','2011-03-21 13:59:39',NULL,1),(2126,4,24,48,'2011-03-21 13:57:36','2011-03-21 13:59:39',NULL,0),(2127,4,24,49,'2011-03-21 13:57:36','2011-03-21 13:59:39',NULL,1),(2128,4,24,50,'2011-03-21 13:57:36','2011-03-21 13:59:39',NULL,1),(2129,4,24,51,'2011-03-21 13:57:36','2011-03-21 13:59:39',NULL,1),(2130,4,24,52,'2011-03-21 13:57:36','2011-03-21 13:59:39',NULL,1),(2131,4,24,53,'2011-03-21 13:57:36','2011-03-21 13:59:39',NULL,1),(2132,4,24,54,'2011-03-21 13:57:36','2011-03-21 13:59:39',NULL,1),(2133,4,24,55,'2011-03-21 13:57:36','2011-03-21 13:59:39',NULL,1),(2134,4,24,56,'2011-03-21 13:57:36','2011-03-21 13:59:39',NULL,1),(2135,4,24,57,'2011-03-21 13:59:40','2011-03-21 14:00:29',NULL,3),(2136,4,24,58,'2011-03-21 13:59:40','2011-03-21 14:00:29',NULL,0),(2137,4,24,59,'2011-03-21 13:59:40','2011-03-21 14:00:29',NULL,2),(2138,4,24,60,'2011-03-21 13:59:40','2011-03-21 14:00:29',NULL,2),(2139,4,24,61,'2011-03-21 13:59:40','2011-03-21 14:00:29',NULL,0),(2140,4,24,62,'2011-03-21 13:59:40','2011-03-21 14:00:29',NULL,0),(2141,4,24,63,'2011-03-21 13:59:40','2011-03-21 14:00:29',NULL,0),(2142,4,24,64,'2011-03-21 13:59:40','2011-03-21 14:00:29',NULL,0),(2143,4,24,65,'2011-03-21 13:59:40','2011-03-21 14:00:29',NULL,0),(2144,4,24,66,'2011-03-21 13:59:40','2011-03-21 14:00:29',NULL,0),(2145,4,24,67,'2011-03-21 13:59:40','2011-03-21 14:00:29',NULL,0),(2146,4,24,68,'2011-03-21 13:59:40','2011-03-21 14:00:29',NULL,0),(2147,4,24,69,'2011-03-21 14:00:29','2011-03-21 14:02:29',NULL,0),(2148,4,24,70,'2011-03-21 14:00:29','2011-03-21 14:02:29',NULL,1),(2149,4,24,71,'2011-03-21 14:00:29','2011-03-21 14:02:29',NULL,1),(2150,4,24,72,'2011-03-21 14:00:29','2011-03-21 14:02:29',NULL,1),(2151,4,24,73,'2011-03-21 14:00:29','2011-03-21 14:02:29',NULL,1),(2152,4,24,74,'2011-03-21 14:00:29','2011-03-21 14:02:29',NULL,1),(2153,4,24,75,'2011-03-21 14:00:29','2011-03-21 14:02:29',NULL,1),(2154,4,24,76,'2011-03-21 14:00:29','2011-03-21 14:02:29',NULL,1),(2155,4,24,77,'2011-03-21 14:00:29','2011-03-21 14:02:29',NULL,1),(2156,4,24,78,'2011-03-21 14:00:29','2011-03-21 14:02:29',NULL,1),(2157,4,24,79,'2011-03-21 14:00:29','2011-03-21 14:02:29',NULL,1),(2158,4,24,80,'2011-03-21 14:00:29','2011-03-21 14:02:29',NULL,3),(2159,4,24,81,'2011-03-21 14:00:29','2011-03-21 14:02:29',NULL,1),(2160,4,24,82,'2011-03-21 14:00:29','2011-03-21 14:02:29',NULL,1),(2161,4,24,83,'2011-03-21 14:00:29','2011-03-21 14:02:29',NULL,1),(2162,4,24,84,'2011-03-21 14:00:29','2011-03-21 14:02:29',NULL,1),(2163,4,24,85,'2011-03-21 14:00:29','2011-03-21 14:02:29',NULL,1),(2164,4,24,86,'2011-03-21 14:00:29','2011-03-21 14:02:29',NULL,1),(2165,4,24,87,'2011-03-21 14:00:29','2011-03-21 14:02:29',NULL,1),(2166,4,24,88,'2011-03-21 14:00:29','2011-03-21 14:02:29',NULL,1),(2167,4,24,89,'2011-03-21 14:00:29','2011-03-21 14:02:29',NULL,1),(2168,4,24,90,'2011-03-21 14:00:29','2011-03-21 14:02:29',NULL,1),(2169,4,24,91,'2011-03-21 14:00:29','2011-03-21 14:02:29',NULL,1),(2170,4,24,92,'2011-03-21 14:00:29','2011-03-21 14:02:29',NULL,1),(2171,4,24,93,'2011-03-21 14:00:29','2011-03-21 14:02:29',NULL,1),(2172,4,24,94,'2011-03-21 14:00:29','2011-03-21 14:02:29',NULL,1),(2173,4,24,95,'2011-03-21 14:00:29','2011-03-21 14:02:29',NULL,1),(2174,4,24,96,'2011-03-21 14:00:29','2011-03-21 14:02:29',NULL,1),(2175,4,24,97,'2011-03-21 14:00:29','2011-03-21 14:02:29',NULL,1),(2176,4,24,98,'2011-03-21 14:00:29','2011-03-21 14:02:29',NULL,1),(2177,4,24,99,'2011-03-21 14:00:29','2011-03-21 14:02:29',NULL,1),(2178,4,24,100,'2011-03-21 14:00:29','2011-03-21 14:02:29',NULL,1),(2179,4,24,101,'2011-03-21 14:00:29','2011-03-21 14:02:29',NULL,1),(2180,4,24,102,'2011-03-21 14:00:29','2011-03-21 14:02:29',NULL,1),(2181,4,24,103,'2011-03-21 14:00:29','2011-03-21 14:02:29',NULL,1),(2182,4,24,104,'2011-03-21 14:00:29','2011-03-21 14:02:29',NULL,1),(2183,4,24,105,'2011-03-21 14:00:29','2011-03-21 14:02:29',NULL,1),(2184,4,24,106,'2011-03-21 14:00:29','2011-03-21 14:02:29',NULL,1),(2185,4,24,107,'2011-03-21 14:00:29','2011-03-21 14:02:29',NULL,1),(2186,4,24,108,'2011-03-21 14:00:29','2011-03-21 14:02:29',NULL,2),(2187,4,24,109,'2011-03-21 14:00:29','2011-03-21 14:02:29',NULL,1),(2188,4,24,110,'2011-03-21 14:00:29','2011-03-21 14:02:29',NULL,1),(2189,4,24,111,'2011-03-21 14:00:29','2011-03-21 14:02:29',NULL,1),(2190,4,24,112,'2011-03-21 14:00:29','2011-03-21 14:02:29',NULL,1),(2191,4,24,113,'2011-03-21 14:00:29','2011-03-21 14:02:29',NULL,2),(2192,4,24,114,'2011-03-21 14:00:29','2011-03-21 14:02:29',NULL,2),(2193,4,24,115,'2011-03-21 14:00:29','2011-03-21 14:02:29',NULL,2),(2194,4,24,116,'2011-03-21 14:00:29','2011-03-21 14:02:29',NULL,2),(2195,4,24,117,'2011-03-21 14:00:29','2011-03-21 14:02:29',NULL,2),(2196,4,24,118,'2011-03-21 14:00:29','2011-03-21 14:02:29',NULL,2),(2197,4,24,119,'2011-03-21 14:00:29','2011-03-21 14:02:29',NULL,2),(2198,4,24,120,'2011-03-21 14:00:29','2011-03-21 14:02:29',NULL,2),(2199,4,24,121,'2011-03-21 14:00:29','2011-03-21 14:02:29',NULL,2),(2200,4,24,122,'2011-03-21 14:00:29','2011-03-21 14:02:29',NULL,1),(2201,4,24,123,'2011-03-21 14:00:29','2011-03-21 14:02:29',NULL,1),(2202,4,24,124,'2011-03-21 14:00:29','2011-03-21 14:02:29',NULL,1),(2203,4,24,125,'2011-03-21 14:00:29','2011-03-21 14:02:29',NULL,1),(2204,4,24,126,'2011-03-21 14:00:29','2011-03-21 14:02:29',NULL,1),(2205,4,24,127,'2011-03-21 14:00:29','2011-03-21 14:02:29',NULL,1),(2206,4,24,128,'2011-03-21 14:00:29','2011-03-21 14:02:29',NULL,1),(2207,4,24,129,'2011-03-21 14:00:29','2011-03-21 14:02:29',NULL,1),(2208,4,24,130,'2011-03-21 14:00:29','2011-03-21 14:02:29',NULL,1),(2209,4,24,131,'2011-03-21 14:02:30','2011-03-21 14:06:19',NULL,10),(2210,4,24,132,'2011-03-21 14:02:30','2011-03-21 14:06:19',NULL,2),(2211,4,24,133,'2011-03-21 14:02:30','2011-03-21 14:06:19',NULL,1),(2212,4,24,134,'2011-03-21 14:02:30','2011-03-21 14:06:19',NULL,2),(2213,4,24,135,'2011-03-21 14:02:30','2011-03-21 14:06:19',NULL,0),(2214,4,24,136,'2011-03-21 14:02:30','2011-03-21 14:06:19',NULL,0),(2215,4,24,138,'2011-03-21 14:02:30','2011-03-21 14:06:19',NULL,2),(2216,4,24,139,'2011-03-21 14:02:30','2011-03-21 14:06:19',NULL,0),(2217,4,24,140,'2011-03-21 14:02:30','2011-03-21 14:06:19',NULL,1),(2218,4,24,141,'2011-03-21 14:02:30','2011-03-21 14:06:19',NULL,0),(2219,4,24,142,'2011-03-21 14:02:30','2011-03-21 14:06:19',NULL,0),(2220,4,24,144,'2011-03-21 14:02:30','2011-03-21 14:06:19',NULL,2),(2221,4,24,145,'2011-03-21 14:02:30','2011-03-21 14:06:19',NULL,1),(2222,4,24,147,'2011-03-21 14:02:30','2011-03-21 14:06:19',NULL,1),(2223,4,24,148,'2011-03-21 14:02:30','2011-03-21 14:06:19',NULL,2),(2224,4,24,150,'2011-03-21 14:02:30','2011-03-21 14:06:19',NULL,1),(2225,4,24,151,'2011-03-21 14:02:30','2011-03-21 14:06:19',NULL,0),(2226,4,24,153,'2011-03-21 14:02:30','2011-03-21 14:06:19',NULL,2),(2227,4,24,154,'2011-03-21 14:02:30','2011-03-21 14:06:19',NULL,3),(2228,4,24,155,'2011-03-21 14:02:30','2011-03-21 14:06:19',NULL,0),(2229,4,24,156,'2011-03-21 14:02:30','2011-03-21 14:06:19',NULL,2),(2230,4,24,157,'2011-03-21 14:02:30','2011-03-21 14:06:19',NULL,2),(2231,4,24,158,'2011-03-21 14:02:30','2011-03-21 14:06:19',NULL,0),(2232,4,24,159,'2011-03-21 14:02:30','2011-03-21 14:06:19',NULL,2),(2233,4,24,160,'2011-03-21 14:02:30','2011-03-21 14:06:19',NULL,1),(2234,4,24,161,'2011-03-21 14:02:30','2011-03-21 14:06:19',NULL,1),(2235,4,24,162,'2011-03-21 14:02:30','2011-03-21 14:06:19',NULL,2),(2236,4,24,163,'2011-03-21 14:02:30','2011-03-21 14:06:20',NULL,1),(2237,4,24,164,'2011-03-21 14:02:30','2011-03-21 14:06:20',NULL,1),(2238,4,24,165,'2011-03-21 14:02:30','2011-03-21 14:06:20',NULL,0),(2239,4,24,166,'2011-03-21 14:02:30','2011-03-21 14:06:20',NULL,0),(2240,4,24,167,'2011-03-21 14:02:30','2011-03-21 14:06:20',NULL,0),(2241,4,24,168,'2011-03-21 14:02:30','2011-03-21 14:06:20',NULL,0),(2242,4,24,169,'2011-03-21 14:02:30','2011-03-21 14:06:20',NULL,1),(2243,4,24,170,'2011-03-21 14:02:30','2011-03-21 14:06:20',NULL,1),(2244,4,24,171,'2011-03-21 14:02:30','2011-03-21 14:06:20',NULL,2),(2245,4,24,172,'2011-03-21 14:02:30','2011-03-21 14:06:20',NULL,1),(2246,4,24,173,'2011-03-21 14:02:30','2011-03-21 14:06:20',NULL,1),(2247,4,24,174,'2011-03-21 14:02:30','2011-03-21 14:06:20',NULL,2),(2248,4,24,175,'2011-03-21 14:02:30','2011-03-21 14:06:20',NULL,2),(2249,4,24,176,'2011-03-21 14:02:30','2011-03-21 14:06:20',NULL,1),(2250,4,24,177,'2011-03-21 14:02:30','2011-03-21 14:06:20',NULL,2),(2251,4,24,178,'2011-03-21 14:02:30','2011-03-21 14:06:20',NULL,1),(2252,4,24,179,'2011-03-21 14:02:30','2011-03-21 14:06:20',NULL,1),(2253,4,24,180,'2011-03-21 14:02:30','2011-03-21 14:06:20',NULL,2),(2254,4,25,1,'2011-03-21 14:06:20','2011-03-21 14:08:53',NULL,1),(2255,4,25,2,'2011-03-21 14:06:20','2011-03-21 14:08:53',NULL,1),(2256,4,25,3,'2011-03-21 14:06:20','2011-03-21 14:08:53',NULL,2),(2257,4,25,4,'2011-03-21 14:06:20','2011-03-21 14:08:53',NULL,6),(2258,4,25,5,'2011-03-21 14:06:20','2011-03-21 14:08:53',NULL,1),(2259,4,25,6,'2011-03-21 14:06:20','2011-03-21 14:08:53',NULL,1),(2260,4,25,7,'2011-03-21 14:06:20','2011-03-21 14:08:53',NULL,1),(2261,4,25,8,'2011-03-21 14:06:20','2011-03-21 14:08:53',NULL,1),(2262,4,25,9,'2011-03-21 14:06:20','2011-03-21 14:08:53',NULL,1),(2263,4,25,10,'2011-03-21 14:06:20','2011-03-21 14:08:53',NULL,1),(2264,4,25,11,'2011-03-21 14:06:20','2011-03-21 14:08:53',NULL,1),(2265,4,25,12,'2011-03-21 14:06:20','2011-03-21 14:08:53',NULL,1),(2266,4,25,13,'2011-03-21 14:06:20','2011-03-21 14:08:53',NULL,1),(2267,4,25,14,'2011-03-21 14:06:20','2011-03-21 14:08:53',NULL,1),(2268,4,25,15,'2011-03-21 14:06:20','2011-03-21 14:08:53',NULL,1),(2269,4,25,16,'2011-03-21 14:06:20','2011-03-21 14:08:53',NULL,1),(2270,4,25,17,'2011-03-21 14:06:20','2011-03-21 14:08:53',NULL,1),(2271,4,25,18,'2011-03-21 14:08:53','2011-03-21 14:10:19',NULL,0),(2272,4,25,19,'2011-03-21 14:08:53','2011-03-21 14:10:19',NULL,1),(2273,4,25,20,'2011-03-21 14:08:53','2011-03-21 14:10:19',NULL,5),(2274,4,25,21,'2011-03-21 14:08:53','2011-03-21 14:10:19',NULL,1),(2275,4,25,22,'2011-03-21 14:08:53','2011-03-21 14:10:19',NULL,3),(2276,4,25,23,'2011-03-21 14:08:53','2011-03-21 14:10:19',NULL,2),(2277,4,25,24,'2011-03-21 14:08:53','2011-03-21 14:10:19',NULL,9),(2278,4,25,25,'2011-03-21 14:08:53','2011-03-21 14:10:19',NULL,0),(2279,4,25,26,'2011-03-21 14:08:53','2011-03-21 14:10:19',NULL,0),(2280,4,25,27,'2011-03-21 14:08:53','2011-03-21 14:10:19',NULL,1),(2281,4,25,28,'2011-03-21 14:08:53','2011-03-21 14:10:19',NULL,3),(2282,4,25,29,'2011-03-21 14:08:53','2011-03-21 14:10:19',NULL,3),(2283,4,25,30,'2011-03-21 14:08:53','2011-03-21 14:10:19',NULL,1),(2284,4,25,31,'2011-03-21 14:08:53','2011-03-21 14:10:19',NULL,7),(2285,4,25,32,'2011-03-21 14:10:20','2011-03-21 14:10:26',NULL,0),(2286,4,25,33,'2011-03-21 14:10:20','2011-03-21 14:10:26',NULL,2),(2287,4,25,34,'2011-03-21 14:10:20','2011-03-21 14:10:26',NULL,3),(2288,4,25,35,'2011-03-21 14:10:26','2011-03-21 14:12:51',NULL,2),(2289,4,25,36,'2011-03-21 14:10:26','2011-03-21 14:12:51',NULL,1),(2290,4,25,37,'2011-03-21 14:10:26','2011-03-21 14:12:51',NULL,0),(2291,4,25,38,'2011-03-21 14:10:26','2011-03-21 14:12:51',NULL,2),(2292,4,25,39,'2011-03-21 14:10:26','2011-03-21 14:12:51',NULL,1),(2293,4,25,40,'2011-03-21 14:10:26','2011-03-21 14:12:51',NULL,1),(2294,4,25,41,'2011-03-21 14:10:26','2011-03-21 14:12:51',NULL,1),(2295,4,25,42,'2011-03-21 14:10:26','2011-03-21 14:12:51',NULL,0),(2296,4,25,43,'2011-03-21 14:10:26','2011-03-21 14:12:51',NULL,0),(2297,4,25,44,'2011-03-21 14:10:26','2011-03-21 14:12:51',NULL,1),(2298,4,25,45,'2011-03-21 14:10:26','2011-03-21 14:12:51',NULL,0),(2299,4,25,46,'2011-03-21 14:10:26','2011-03-21 14:12:51',NULL,0),(2300,4,25,47,'2011-03-21 14:10:26','2011-03-21 14:12:51',NULL,1),(2301,4,25,48,'2011-03-21 14:10:26','2011-03-21 14:12:51',NULL,0),(2302,4,25,49,'2011-03-21 14:10:26','2011-03-21 14:12:51',NULL,1),(2303,4,25,50,'2011-03-21 14:10:26','2011-03-21 14:12:51',NULL,1),(2304,4,25,51,'2011-03-21 14:10:26','2011-03-21 14:12:51',NULL,1),(2305,4,25,52,'2011-03-21 14:10:26','2011-03-21 14:12:51',NULL,1),(2306,4,25,53,'2011-03-21 14:10:26','2011-03-21 14:12:51',NULL,1),(2307,4,25,54,'2011-03-21 14:10:26','2011-03-21 14:12:51',NULL,1),(2308,4,25,55,'2011-03-21 14:10:26','2011-03-21 14:12:51',NULL,1),(2309,4,25,56,'2011-03-21 14:10:26','2011-03-21 14:12:51',NULL,1),(2310,4,25,57,'2011-03-21 14:12:51','2011-03-21 14:13:35',NULL,3),(2311,4,25,58,'2011-03-21 14:12:51','2011-03-21 14:13:35',NULL,0),(2312,4,25,59,'2011-03-21 14:12:51','2011-03-21 14:13:35',NULL,2),(2313,4,25,60,'2011-03-21 14:12:51','2011-03-21 14:13:35',NULL,2),(2314,4,25,61,'2011-03-21 14:12:51','2011-03-21 14:13:35',NULL,0),(2315,4,25,62,'2011-03-21 14:12:51','2011-03-21 14:13:35',NULL,0),(2316,4,25,63,'2011-03-21 14:12:51','2011-03-21 14:13:35',NULL,0),(2317,4,25,64,'2011-03-21 14:12:51','2011-03-21 14:13:35',NULL,0),(2318,4,25,65,'2011-03-21 14:12:51','2011-03-21 14:13:35',NULL,0),(2319,4,25,66,'2011-03-21 14:12:51','2011-03-21 14:13:35',NULL,0),(2320,4,25,67,'2011-03-21 14:12:52','2011-03-21 14:13:35',NULL,0),(2321,4,25,68,'2011-03-21 14:12:52','2011-03-21 14:13:35',NULL,0),(2322,4,25,69,'2011-03-21 14:13:37','2011-03-21 14:15:38',NULL,0),(2323,4,25,70,'2011-03-21 14:13:37','2011-03-21 14:15:38',NULL,1),(2324,4,25,71,'2011-03-21 14:13:37','2011-03-21 14:15:38',NULL,1),(2325,4,25,72,'2011-03-21 14:13:37','2011-03-21 14:15:38',NULL,1),(2326,4,25,73,'2011-03-21 14:13:37','2011-03-21 14:15:38',NULL,1),(2327,4,25,74,'2011-03-21 14:13:37','2011-03-21 14:15:38',NULL,1),(2328,4,25,75,'2011-03-21 14:13:37','2011-03-21 14:15:38',NULL,1),(2329,4,25,76,'2011-03-21 14:13:37','2011-03-21 14:15:38',NULL,1),(2330,4,25,77,'2011-03-21 14:13:37','2011-03-21 14:15:38',NULL,1),(2331,4,25,78,'2011-03-21 14:13:37','2011-03-21 14:15:38',NULL,1),(2332,4,25,79,'2011-03-21 14:13:37','2011-03-21 14:15:38',NULL,1),(2333,4,25,80,'2011-03-21 14:13:37','2011-03-21 14:15:38',NULL,3),(2334,4,25,81,'2011-03-21 14:13:37','2011-03-21 14:15:38',NULL,1),(2335,4,25,82,'2011-03-21 14:13:37','2011-03-21 14:15:38',NULL,1),(2336,4,25,83,'2011-03-21 14:13:37','2011-03-21 14:15:38',NULL,1),(2337,4,25,84,'2011-03-21 14:13:37','2011-03-21 14:15:38',NULL,1),(2338,4,25,85,'2011-03-21 14:13:37','2011-03-21 14:15:38',NULL,1),(2339,4,25,86,'2011-03-21 14:13:37','2011-03-21 14:15:38',NULL,1),(2340,4,25,87,'2011-03-21 14:13:37','2011-03-21 14:15:38',NULL,1),(2341,4,25,88,'2011-03-21 14:13:37','2011-03-21 14:15:38',NULL,1),(2342,4,25,89,'2011-03-21 14:13:37','2011-03-21 14:15:38',NULL,1),(2343,4,25,90,'2011-03-21 14:13:37','2011-03-21 14:15:38',NULL,1),(2344,4,25,91,'2011-03-21 14:13:37','2011-03-21 14:15:38',NULL,1),(2345,4,25,92,'2011-03-21 14:13:37','2011-03-21 14:15:38',NULL,1),(2346,4,25,93,'2011-03-21 14:13:37','2011-03-21 14:15:38',NULL,1),(2347,4,25,94,'2011-03-21 14:13:37','2011-03-21 14:15:38',NULL,1),(2348,4,25,95,'2011-03-21 14:13:37','2011-03-21 14:15:38',NULL,1),(2349,4,25,96,'2011-03-21 14:13:37','2011-03-21 14:15:38',NULL,1),(2350,4,25,97,'2011-03-21 14:13:37','2011-03-21 14:15:38',NULL,1),(2351,4,25,98,'2011-03-21 14:13:37','2011-03-21 14:15:38',NULL,1),(2352,4,25,99,'2011-03-21 14:13:37','2011-03-21 14:15:38',NULL,1),(2353,4,25,100,'2011-03-21 14:13:37','2011-03-21 14:15:38',NULL,1),(2354,4,25,101,'2011-03-21 14:13:37','2011-03-21 14:15:38',NULL,1),(2355,4,25,102,'2011-03-21 14:13:37','2011-03-21 14:15:38',NULL,1),(2356,4,25,103,'2011-03-21 14:13:37','2011-03-21 14:15:38',NULL,1),(2357,4,25,104,'2011-03-21 14:13:37','2011-03-21 14:15:38',NULL,1),(2358,4,25,105,'2011-03-21 14:13:37','2011-03-21 14:15:38',NULL,1),(2359,4,25,106,'2011-03-21 14:13:37','2011-03-21 14:15:38',NULL,1),(2360,4,25,107,'2011-03-21 14:13:37','2011-03-21 14:15:38',NULL,1),(2361,4,25,108,'2011-03-21 14:13:37','2011-03-21 14:15:38',NULL,3),(2362,4,25,109,'2011-03-21 14:13:37','2011-03-21 14:15:38',NULL,1),(2363,4,25,110,'2011-03-21 14:13:37','2011-03-21 14:15:38',NULL,1),(2364,4,25,111,'2011-03-21 14:13:37','2011-03-21 14:15:38',NULL,1),(2365,4,25,112,'2011-03-21 14:13:37','2011-03-21 14:15:38',NULL,1),(2366,4,25,113,'2011-03-21 14:13:37','2011-03-21 14:15:38',NULL,2),(2367,4,25,114,'2011-03-21 14:13:37','2011-03-21 14:15:38',NULL,2),(2368,4,25,115,'2011-03-21 14:13:37','2011-03-21 14:15:38',NULL,2),(2369,4,25,116,'2011-03-21 14:13:37','2011-03-21 14:15:38',NULL,2),(2370,4,25,117,'2011-03-21 14:13:37','2011-03-21 14:15:38',NULL,2),(2371,4,25,118,'2011-03-21 14:13:37','2011-03-21 14:15:38',NULL,2),(2372,4,25,119,'2011-03-21 14:13:37','2011-03-21 14:15:38',NULL,2),(2373,4,25,120,'2011-03-21 14:13:37','2011-03-21 14:15:38',NULL,2),(2374,4,25,121,'2011-03-21 14:13:37','2011-03-21 14:15:38',NULL,2),(2375,4,25,122,'2011-03-21 14:13:37','2011-03-21 14:15:38',NULL,1),(2376,4,25,123,'2011-03-21 14:13:37','2011-03-21 14:15:38',NULL,1),(2377,4,25,124,'2011-03-21 14:13:37','2011-03-21 14:15:38',NULL,1),(2378,4,25,125,'2011-03-21 14:13:37','2011-03-21 14:15:38',NULL,1),(2379,4,25,126,'2011-03-21 14:13:37','2011-03-21 14:15:38',NULL,1),(2380,4,25,127,'2011-03-21 14:13:37','2011-03-21 14:15:38',NULL,1),(2381,4,25,128,'2011-03-21 14:13:37','2011-03-21 14:15:38',NULL,1),(2382,4,25,129,'2011-03-21 14:13:37','2011-03-21 14:15:38',NULL,1),(2383,4,25,130,'2011-03-21 14:13:37','2011-03-21 14:15:38',NULL,1),(2384,4,25,131,'2011-03-21 14:15:39','2011-03-21 14:20:26',NULL,10),(2385,4,25,132,'2011-03-21 14:15:39','2011-03-21 14:20:26',NULL,2),(2386,4,25,133,'2011-03-21 14:15:39','2011-03-21 14:20:26',NULL,1),(2387,4,25,134,'2011-03-21 14:15:39','2011-03-21 14:20:26',NULL,2),(2388,4,25,135,'2011-03-21 14:15:39','2011-03-21 14:20:26',NULL,0),(2389,4,25,136,'2011-03-21 14:15:39','2011-03-21 14:20:26',NULL,2),(2390,4,25,138,'2011-03-21 14:15:39','2011-03-21 14:20:26',NULL,6),(2391,4,25,139,'2011-03-21 14:15:39','2011-03-21 14:20:26',NULL,0),(2392,4,25,140,'2011-03-21 14:15:39','2011-03-21 14:20:26',NULL,1),(2393,4,25,141,'2011-03-21 14:15:39','2011-03-21 14:20:26',NULL,0),(2394,4,25,142,'2011-03-21 14:15:39','2011-03-21 14:20:26',NULL,0),(2395,4,25,144,'2011-03-21 14:15:39','2011-03-21 14:20:26',NULL,1),(2396,4,25,145,'2011-03-21 14:15:39','2011-03-21 14:20:26',NULL,1),(2397,4,25,147,'2011-03-21 14:15:39','2011-03-21 14:20:26',NULL,1),(2398,4,25,148,'2011-03-21 14:15:39','2011-03-21 14:20:26',NULL,2),(2399,4,25,150,'2011-03-21 14:15:39','2011-03-21 14:20:26',NULL,0),(2400,4,25,151,'2011-03-21 14:15:39','2011-03-21 14:20:26',NULL,0),(2401,4,25,153,'2011-03-21 14:15:39','2011-03-21 14:20:26',NULL,2),(2402,4,25,154,'2011-03-21 14:15:39','2011-03-21 14:20:26',NULL,3),(2403,4,25,155,'2011-03-21 14:15:39','2011-03-21 14:20:26',NULL,0),(2404,4,25,156,'2011-03-21 14:15:39','2011-03-21 14:20:26',NULL,2),(2405,4,25,157,'2011-03-21 14:15:39','2011-03-21 14:20:26',NULL,2),(2406,4,25,158,'2011-03-21 14:15:39','2011-03-21 14:20:26',NULL,0),(2407,4,25,159,'2011-03-21 14:15:39','2011-03-21 14:20:26',NULL,2),(2408,4,25,160,'2011-03-21 14:15:39','2011-03-21 14:20:26',NULL,1),(2409,4,25,161,'2011-03-21 14:15:39','2011-03-21 14:20:26',NULL,1),(2410,4,25,162,'2011-03-21 14:15:39','2011-03-21 14:20:26',NULL,2),(2411,4,25,163,'2011-03-21 14:15:39','2011-03-21 14:20:26',NULL,1),(2412,4,25,164,'2011-03-21 14:15:39','2011-03-21 14:20:26',NULL,1),(2413,4,25,165,'2011-03-21 14:15:39','2011-03-21 14:20:26',NULL,0),(2414,4,25,166,'2011-03-21 14:15:39','2011-03-21 14:20:26',NULL,0),(2415,4,25,167,'2011-03-21 14:15:39','2011-03-21 14:20:26',NULL,0),(2416,4,25,168,'2011-03-21 14:15:39','2011-03-21 14:20:26',NULL,1),(2417,4,25,169,'2011-03-21 14:15:39','2011-03-21 14:20:26',NULL,1),(2418,4,25,170,'2011-03-21 14:15:39','2011-03-21 14:20:26',NULL,1),(2419,4,25,171,'2011-03-21 14:15:39','2011-03-21 14:20:26',NULL,2),(2420,4,25,172,'2011-03-21 14:15:39','2011-03-21 14:20:26',NULL,1),(2421,4,25,173,'2011-03-21 14:15:39','2011-03-21 14:20:26',NULL,1),(2422,4,25,174,'2011-03-21 14:15:39','2011-03-21 14:20:26',NULL,2),(2423,4,25,175,'2011-03-21 14:15:39','2011-03-21 14:20:26',NULL,2),(2424,4,25,176,'2011-03-21 14:15:39','2011-03-21 14:20:26',NULL,1),(2425,4,25,177,'2011-03-21 14:15:39','2011-03-21 14:20:26',NULL,2),(2426,4,25,178,'2011-03-21 14:15:39','2011-03-21 14:20:26',NULL,1),(2427,4,25,179,'2011-03-21 14:15:39','2011-03-21 14:20:26',NULL,1),(2428,4,25,180,'2011-03-21 14:15:39','2011-03-21 14:20:26',NULL,2),(2429,7,21,18,'2011-03-23 16:43:41','2011-03-23 17:01:54',NULL,0),(2430,7,21,19,'2011-03-23 16:43:41','2011-03-23 17:01:54',NULL,1),(2431,7,21,20,'2011-03-23 16:43:41','2011-03-23 17:01:54',NULL,4),(2432,7,21,21,'2011-03-23 16:43:41','2011-03-23 17:01:54',NULL,1),(2433,7,21,22,'2011-03-23 16:43:41','2011-03-23 17:01:54',NULL,3),(2434,7,21,23,'2011-03-23 16:43:41','2011-03-23 17:01:54',NULL,2),(2435,7,21,24,'2011-03-23 16:43:41','2011-03-23 17:01:54',NULL,9),(2436,7,21,25,'2011-03-23 16:43:41','2011-03-23 17:01:54',NULL,1),(2437,7,21,26,'2011-03-23 16:43:41','2011-03-23 17:01:54',NULL,0),(2438,7,21,27,'2011-03-23 16:43:41','2011-03-23 17:01:54',NULL,1),(2439,7,21,28,'2011-03-23 16:43:41','2011-03-23 17:01:54',NULL,3),(2440,7,21,29,'2011-03-23 16:43:41','2011-03-23 17:01:54',NULL,3),(2441,7,21,30,'2011-03-23 16:43:41','2011-03-23 17:01:54',NULL,1),(2442,7,21,31,'2011-03-23 16:43:41','2011-03-23 17:01:54',NULL,7),(2443,7,21,32,'2011-03-23 17:01:54','2011-03-23 17:02:52',NULL,0),(2444,7,21,33,'2011-03-23 17:01:54','2011-03-23 17:02:52',NULL,2),(2445,7,21,34,'2011-03-23 17:01:54','2011-03-23 17:02:52',NULL,3),(2446,7,21,35,'2011-03-23 17:02:55','2011-03-23 17:06:20',NULL,2),(2447,7,21,36,'2011-03-23 17:02:55','2011-03-23 17:06:20',NULL,1),(2448,7,21,37,'2011-03-23 17:02:55','2011-03-23 17:06:20',NULL,0),(2449,7,21,38,'2011-03-23 17:02:55','2011-03-23 17:06:20',NULL,4),(2450,7,21,39,'2011-03-23 17:02:55','2011-03-23 17:06:20',NULL,1),(2451,7,21,40,'2011-03-23 17:02:55','2011-03-23 17:06:20',NULL,1),(2452,7,21,41,'2011-03-23 17:02:55','2011-03-23 17:06:20',NULL,1),(2453,7,21,42,'2011-03-23 17:02:55','2011-03-23 17:06:20',NULL,0),(2454,7,21,43,'2011-03-23 17:02:55','2011-03-23 17:06:20',NULL,0),(2455,7,21,44,'2011-03-23 17:02:55','2011-03-23 17:06:20',NULL,1),(2456,7,21,45,'2011-03-23 17:02:55','2011-03-23 17:06:20',NULL,0),(2457,7,21,46,'2011-03-23 17:02:55','2011-03-23 17:06:20',NULL,1),(2458,7,21,47,'2011-03-23 17:02:55','2011-03-23 17:06:20',NULL,1),(2459,7,21,48,'2011-03-23 17:02:55','2011-03-23 17:06:20',NULL,0),(2460,7,21,49,'2011-03-23 17:02:55','2011-03-23 17:06:20',NULL,1),(2461,7,21,50,'2011-03-23 17:02:55','2011-03-23 17:06:20',NULL,1),(2462,7,21,51,'2011-03-23 17:02:55','2011-03-23 17:06:20',NULL,1),(2463,7,21,52,'2011-03-23 17:02:55','2011-03-23 17:06:20',NULL,1),(2464,7,21,53,'2011-03-23 17:02:55','2011-03-23 17:06:20',NULL,1),(2465,7,21,54,'2011-03-23 17:02:55','2011-03-23 17:06:21',NULL,1),(2466,7,21,55,'2011-03-23 17:02:55','2011-03-23 17:06:21',NULL,1),(2467,7,21,56,'2011-03-23 17:02:55','2011-03-23 17:06:21',NULL,1),(2468,7,21,57,'2011-03-23 17:06:21','2011-03-23 17:14:01',NULL,3),(2469,7,21,58,'2011-03-23 17:06:21','2011-03-23 17:14:01',NULL,0),(2470,7,21,59,'2011-03-23 17:06:21','2011-03-23 17:14:01',NULL,0),(2471,7,21,60,'2011-03-23 17:06:21','2011-03-23 17:14:01',NULL,2),(2472,7,21,61,'2011-03-23 17:06:21','2011-03-23 17:14:01',NULL,0),(2473,7,21,62,'2011-03-23 17:06:21','2011-03-23 17:14:01',NULL,0),(2474,7,21,63,'2011-03-23 17:06:21','2011-03-23 17:14:01',NULL,0),(2475,7,21,64,'2011-03-23 17:06:21','2011-03-23 17:14:01',NULL,0),(2476,7,21,65,'2011-03-23 17:06:21','2011-03-23 17:14:01',NULL,0),(2477,7,21,66,'2011-03-23 17:06:21','2011-03-23 17:14:01',NULL,0),(2478,7,21,67,'2011-03-23 17:06:21','2011-03-23 17:14:01',NULL,0),(2479,7,21,68,'2011-03-23 17:06:21','2011-03-23 17:14:01',NULL,0),(2480,7,21,69,'2011-03-23 17:14:02','2011-03-23 17:25:29',NULL,0),(2481,7,21,70,'2011-03-23 17:14:02','2011-03-23 17:25:29',0,NULL),(2482,7,21,71,'2011-03-23 17:14:02','2011-03-23 17:25:29',NULL,0),(2483,7,21,72,'2011-03-23 17:14:02','2011-03-23 17:25:29',NULL,1),(2484,7,21,73,'2011-03-23 17:14:02','2011-03-23 17:25:29',NULL,1),(2485,7,21,74,'2011-03-23 17:14:02','2011-03-23 17:25:29',NULL,1),(2486,7,21,75,'2011-03-23 17:14:02','2011-03-23 17:25:29',NULL,1),(2487,7,21,76,'2011-03-23 17:14:02','2011-03-23 17:25:29',NULL,1),(2488,7,21,77,'2011-03-23 17:14:02','2011-03-23 17:25:29',NULL,1),(2489,7,21,78,'2011-03-23 17:14:02','2011-03-23 17:25:29',NULL,1),(2490,7,21,79,'2011-03-23 17:14:02','2011-03-23 17:25:29',NULL,1),(2491,7,21,80,'2011-03-23 17:14:02','2011-03-23 17:25:29',NULL,3),(2492,7,21,81,'2011-03-23 17:14:02','2011-03-23 17:25:29',NULL,1),(2493,7,21,82,'2011-03-23 17:14:02','2011-03-23 17:25:29',NULL,1),(2494,7,21,83,'2011-03-23 17:14:02','2011-03-23 17:25:29',NULL,1),(2495,7,21,84,'2011-03-23 17:14:02','2011-03-23 17:25:29',NULL,1),(2496,7,21,85,'2011-03-23 17:14:02','2011-03-23 17:25:29',NULL,1),(2497,7,21,86,'2011-03-23 17:14:02','2011-03-23 17:25:29',NULL,1),(2498,7,21,87,'2011-03-23 17:14:02','2011-03-23 17:25:29',NULL,1),(2499,7,21,88,'2011-03-23 17:14:02','2011-03-23 17:25:29',NULL,1),(2500,7,21,89,'2011-03-23 17:14:02','2011-03-23 17:25:29',NULL,1),(2501,7,21,90,'2011-03-23 17:14:02','2011-03-23 17:25:29',NULL,1),(2502,7,21,91,'2011-03-23 17:14:02','2011-03-23 17:25:29',NULL,0),(2503,7,21,92,'2011-03-23 17:14:02','2011-03-23 17:25:29',NULL,1),(2504,7,21,93,'2011-03-23 17:14:02','2011-03-23 17:25:29',NULL,0),(2505,7,21,94,'2011-03-23 17:14:02','2011-03-23 17:25:29',NULL,1),(2506,7,21,95,'2011-03-23 17:14:02','2011-03-23 17:25:29',NULL,1),(2507,7,21,96,'2011-03-23 17:14:02','2011-03-23 17:25:29',NULL,1),(2508,7,21,97,'2011-03-23 17:14:02','2011-03-23 17:25:29',NULL,0),(2509,7,21,98,'2011-03-23 17:14:02','2011-03-23 17:25:29',NULL,1),(2510,7,21,99,'2011-03-23 17:14:02','2011-03-23 17:25:29',NULL,1),(2511,7,21,100,'2011-03-23 17:14:02','2011-03-23 17:25:29',NULL,1),(2512,7,21,101,'2011-03-23 17:14:02','2011-03-23 17:25:29',NULL,1),(2513,7,21,102,'2011-03-23 17:14:02','2011-03-23 17:25:29',NULL,1),(2514,7,21,103,'2011-03-23 17:14:02','2011-03-23 17:25:29',NULL,1),(2515,7,21,104,'2011-03-23 17:14:02','2011-03-23 17:25:29',NULL,1),(2516,7,21,105,'2011-03-23 17:14:02','2011-03-23 17:25:29',NULL,1),(2517,7,21,106,'2011-03-23 17:14:02','2011-03-23 17:25:29',NULL,1),(2518,7,21,107,'2011-03-23 17:14:02','2011-03-23 17:25:29',NULL,1),(2519,7,21,108,'2011-03-23 17:14:02','2011-03-23 17:25:29',NULL,2),(2520,7,21,109,'2011-03-23 17:14:02','2011-03-23 17:25:29',NULL,1),(2521,7,21,110,'2011-03-23 17:14:02','2011-03-23 17:25:29',NULL,1),(2522,7,21,111,'2011-03-23 17:14:02','2011-03-23 17:25:29',NULL,1),(2523,7,21,112,'2011-03-23 17:14:02','2011-03-23 17:25:29',NULL,1),(2524,7,21,113,'2011-03-23 17:14:02','2011-03-23 17:25:29',NULL,2),(2525,7,21,114,'2011-03-23 17:14:02','2011-03-23 17:25:29',NULL,2),(2526,7,21,115,'2011-03-23 17:14:02','2011-03-23 17:25:29',NULL,2),(2527,7,21,116,'2011-03-23 17:14:02','2011-03-23 17:25:29',NULL,2),(2528,7,21,117,'2011-03-23 17:14:02','2011-03-23 17:25:29',NULL,1),(2529,7,21,118,'2011-03-23 17:14:02','2011-03-23 17:25:29',NULL,2),(2530,7,21,119,'2011-03-23 17:14:02','2011-03-23 17:25:29',NULL,2),(2531,7,21,120,'2011-03-23 17:14:02','2011-03-23 17:25:29',NULL,2),(2532,7,21,121,'2011-03-23 17:14:02','2011-03-23 17:25:29',NULL,2),(2533,7,21,122,'2011-03-23 17:14:02','2011-03-23 17:25:29',NULL,1),(2534,7,21,123,'2011-03-23 17:14:02','2011-03-23 17:25:29',NULL,1),(2535,7,21,124,'2011-03-23 17:14:02','2011-03-23 17:25:29',NULL,1),(2536,7,21,125,'2011-03-23 17:14:02','2011-03-23 17:25:29',NULL,1),(2537,7,21,126,'2011-03-23 17:14:02','2011-03-23 17:25:29',NULL,1),(2538,7,21,127,'2011-03-23 17:14:02','2011-03-23 17:25:29',NULL,1),(2539,7,21,128,'2011-03-23 17:14:02','2011-03-23 17:25:29',NULL,1),(2540,7,21,129,'2011-03-23 17:14:02','2011-03-23 17:25:29',NULL,1),(2541,7,21,130,'2011-03-23 17:14:02','2011-03-23 17:25:29',NULL,1),(2542,7,21,131,'2011-03-23 17:25:29','2011-03-23 17:51:10',NULL,7),(2543,7,21,132,'2011-03-23 17:25:29','2011-03-23 17:51:10',NULL,2),(2544,7,21,133,'2011-03-23 17:25:29','2011-03-23 17:51:11',NULL,2),(2545,7,21,134,'2011-03-23 17:25:29','2011-03-23 17:51:11',NULL,2),(2546,7,21,135,'2011-03-23 17:25:29','2011-03-23 17:51:11',NULL,2),(2547,7,21,136,'2011-03-23 17:25:29','2011-03-23 17:51:11',NULL,2),(2548,7,21,138,'2011-03-23 17:25:29','2011-03-23 17:51:11',NULL,5),(2549,7,21,139,'2011-03-23 17:25:29','2011-03-23 17:51:11',NULL,3),(2550,7,21,140,'2011-03-23 17:25:29','2011-03-23 17:51:11',NULL,1),(2551,7,21,141,'2011-03-23 17:25:29','2011-03-23 17:51:11',NULL,0),(2552,7,21,142,'2011-03-23 17:25:29','2011-03-23 17:51:11',NULL,1),(2553,7,21,144,'2011-03-23 17:25:29','2011-03-23 17:51:11',NULL,1),(2554,7,21,145,'2011-03-23 17:25:29','2011-03-23 17:51:11',NULL,1),(2555,7,21,147,'2011-03-23 17:25:29','2011-03-23 17:51:11',NULL,1),(2556,7,21,148,'2011-03-23 17:25:29','2011-03-23 17:51:11',NULL,1),(2557,7,21,150,'2011-03-23 17:25:29','2011-03-23 17:51:11',NULL,0),(2558,7,21,151,'2011-03-23 17:25:29','2011-03-23 17:51:11',NULL,1),(2559,7,21,153,'2011-03-23 17:25:29','2011-03-23 17:51:11',NULL,2),(2560,7,21,154,'2011-03-23 17:25:29','2011-03-23 17:51:11',NULL,3),(2561,7,21,155,'2011-03-23 17:25:29','2011-03-23 17:51:11',NULL,1),(2562,7,21,156,'2011-03-23 17:25:29','2011-03-23 17:51:11',NULL,2),(2563,7,21,157,'2011-03-23 17:25:29','2011-03-23 17:51:11',NULL,2),(2564,7,21,158,'2011-03-23 17:25:29','2011-03-23 17:51:11',NULL,0),(2565,7,21,159,'2011-03-23 17:25:29','2011-03-23 17:51:11',NULL,2),(2566,7,21,160,'2011-03-23 17:25:29','2011-03-23 17:51:11',NULL,1),(2567,7,21,161,'2011-03-23 17:25:29','2011-03-23 17:51:11',NULL,1),(2568,7,21,162,'2011-03-23 17:25:29','2011-03-23 17:51:11',NULL,2),(2569,7,21,163,'2011-03-23 17:25:29','2011-03-23 17:51:11',NULL,1),(2570,7,21,164,'2011-03-23 17:25:29','2011-03-23 17:51:11',NULL,1),(2571,7,21,165,'2011-03-23 17:25:29','2011-03-23 17:51:11',NULL,0),(2572,7,21,166,'2011-03-23 17:25:29','2011-03-23 17:51:11',NULL,0),(2573,7,21,167,'2011-03-23 17:25:29','2011-03-23 17:51:11',NULL,0),(2574,7,21,168,'2011-03-23 17:25:29','2011-03-23 17:51:11',NULL,1),(2575,7,21,169,'2011-03-23 17:25:29','2011-03-23 17:51:11',NULL,1),(2576,7,21,170,'2011-03-23 17:25:29','2011-03-23 17:51:11',NULL,1),(2577,7,21,171,'2011-03-23 17:25:29','2011-03-23 17:51:11',NULL,2),(2578,7,21,172,'2011-03-23 17:25:29','2011-03-23 17:51:11',NULL,1),(2579,7,21,173,'2011-03-23 17:25:29','2011-03-23 17:51:11',NULL,1),(2580,7,21,174,'2011-03-23 17:25:29','2011-03-23 17:51:11',NULL,2),(2581,7,21,175,'2011-03-23 17:25:29','2011-03-23 17:51:11',NULL,0),(2582,7,21,176,'2011-03-23 17:25:29','2011-03-23 17:51:11',NULL,1),(2583,7,21,177,'2011-03-23 17:25:29','2011-03-23 17:51:11',NULL,1),(2584,7,21,178,'2011-03-23 17:25:29','2011-03-23 17:51:11',NULL,1),(2585,7,21,179,'2011-03-23 17:25:29','2011-03-23 17:51:11',NULL,1),(2586,7,21,180,'2011-03-23 17:25:29','2011-03-23 17:51:11',NULL,1),(2587,7,22,1,'2011-03-23 17:51:11','2011-03-23 17:51:11',NULL,NULL),(2588,7,22,2,'2011-03-23 17:51:11','2011-03-23 17:51:11',NULL,NULL),(2589,7,22,3,'2011-03-23 17:51:11','2011-03-23 17:51:11',NULL,NULL),(2590,7,22,4,'2011-03-23 17:51:11','2011-03-23 17:51:11',NULL,NULL),(2591,7,22,5,'2011-03-23 17:51:11','2011-03-23 17:51:11',NULL,NULL),(2592,7,22,6,'2011-03-23 17:51:11','2011-03-23 17:51:11',NULL,NULL),(2593,7,22,7,'2011-03-23 17:51:11','2011-03-23 17:51:11',NULL,NULL),(2594,7,22,8,'2011-03-23 17:51:11','2011-03-23 17:51:11',NULL,NULL),(2595,7,22,9,'2011-03-23 17:51:11','2011-03-23 17:51:11',NULL,NULL),(2596,7,22,10,'2011-03-23 17:51:11','2011-03-23 17:51:11',NULL,NULL),(2597,7,22,11,'2011-03-23 17:51:11','2011-03-23 17:51:11',NULL,NULL),(2598,7,22,12,'2011-03-23 17:51:11','2011-03-23 17:51:11',NULL,NULL),(2599,7,22,13,'2011-03-23 17:51:11','2011-03-23 17:51:11',NULL,NULL),(2600,7,22,14,'2011-03-23 17:51:11','2011-03-23 17:51:11',NULL,NULL),(2601,7,22,15,'2011-03-23 17:51:11','2011-03-23 17:51:11',NULL,NULL),(2602,7,22,16,'2011-03-23 17:51:11','2011-03-23 17:51:11',NULL,NULL),(2603,7,22,17,'2011-03-23 17:51:11','2011-03-23 17:51:11',NULL,NULL);
/*!40000 ALTER TABLE `ratestreets_categoryrating` ENABLE KEYS */;
UNLOCK TABLES;

--
-- Table structure for table `ratestreets_countrating`
--

DROP TABLE IF EXISTS `ratestreets_countrating`;
/*!40101 SET @saved_cs_client     = @@character_set_client */;
/*!40101 SET character_set_client = utf8 */;
CREATE TABLE `ratestreets_countrating` (
  `id` int(11) NOT NULL AUTO_INCREMENT,
  `user_id` int(11) NOT NULL,
  `segment_id` int(11) NOT NULL,
  `item_id` int(11) NOT NULL,
  `created_at` datetime NOT NULL,
  `updated_at` datetime NOT NULL,
  `impediment` int(10) unsigned DEFAULT NULL,
  `rating` int(10) unsigned DEFAULT NULL,
  PRIMARY KEY (`id`),
  UNIQUE KEY `user_id` (`user_id`,`segment_id`,`item_id`),
  KEY `ratestreets_countrating_fbfc09f1` (`user_id`),
  KEY `ratestreets_countrating_c29afce8` (`segment_id`),
  KEY `ratestreets_countrating_67b70d25` (`item_id`)
) ENGINE=MyISAM AUTO_INCREMENT=71 DEFAULT CHARSET=latin1;
/*!40101 SET character_set_client = @saved_cs_client */;

--
-- Dumping data for table `ratestreets_countrating`
--

LOCK TABLES `ratestreets_countrating` WRITE;
/*!40000 ALTER TABLE `ratestreets_countrating` DISABLE KEYS */;
INSERT INTO `ratestreets_countrating` VALUES (1,2,4,137,'2011-03-02 14:41:58','2011-03-02 14:46:04',NULL,20),(2,2,4,143,'2011-03-02 14:41:58','2011-03-02 14:46:04',NULL,75),(3,2,4,146,'2011-03-02 14:41:58','2011-03-02 14:46:04',NULL,50),(4,2,4,149,'2011-03-02 14:41:58','2011-03-02 14:46:04',NULL,50),(5,2,4,152,'2011-03-02 14:41:58','2011-03-02 14:46:04',NULL,25),(6,2,3,137,'2011-03-02 15:40:22','2011-03-02 15:44:14',NULL,100),(7,2,3,143,'2011-03-02 15:40:22','2011-03-02 15:44:14',NULL,40),(8,2,3,146,'2011-03-02 15:40:22','2011-03-02 15:44:14',NULL,35),(9,2,3,149,'2011-03-02 15:40:22','2011-03-02 15:44:14',NULL,0),(10,2,3,152,'2011-03-02 15:40:22','2011-03-02 15:44:14',NULL,0),(11,2,1,137,'2011-03-02 17:45:49','2011-03-02 17:45:49',NULL,NULL),(12,2,1,143,'2011-03-02 17:45:49','2011-03-02 17:45:49',NULL,NULL),(13,2,1,146,'2011-03-02 17:45:49','2011-03-02 17:45:49',NULL,NULL),(14,2,1,149,'2011-03-02 17:45:49','2011-03-02 17:45:49',NULL,NULL),(15,2,1,152,'2011-03-02 17:45:49','2011-03-02 17:45:49',NULL,NULL),(16,2,5,137,'2011-03-02 17:45:59','2011-03-03 13:10:49',NULL,100),(17,2,5,143,'2011-03-02 17:45:59','2011-03-03 13:10:49',NULL,50),(18,2,5,146,'2011-03-02 17:45:59','2011-03-03 13:10:49',NULL,75),(19,2,5,149,'2011-03-02 17:45:59','2011-03-03 13:10:49',NULL,50),(20,2,5,152,'2011-03-02 17:45:59','2011-03-03 13:10:49',NULL,50),(21,5,21,137,'2011-03-10 11:06:06','2011-03-10 11:19:41',0,NULL),(22,5,21,143,'2011-03-10 11:06:06','2011-03-10 11:19:41',NULL,10),(23,5,21,146,'2011-03-10 11:06:06','2011-03-10 11:19:41',NULL,75),(24,5,21,149,'2011-03-10 11:06:06','2011-03-10 11:19:41',NULL,25),(25,5,21,152,'2011-03-10 11:06:06','2011-03-10 11:19:41',NULL,10),(26,5,22,137,'2011-03-10 13:09:03','2011-03-10 15:21:22',0,NULL),(27,5,22,143,'2011-03-10 13:09:03','2011-03-10 15:21:22',NULL,50),(28,5,22,146,'2011-03-10 13:09:03','2011-03-10 15:21:22',NULL,33),(29,5,22,149,'2011-03-10 13:09:03','2011-03-10 15:21:22',NULL,75),(30,5,22,152,'2011-03-10 13:09:03','2011-03-10 15:21:22',NULL,75),(31,5,23,137,'2011-03-10 15:32:10','2011-03-10 15:38:30',NULL,0),(32,5,23,143,'2011-03-10 15:32:10','2011-03-10 15:38:30',NULL,0),(33,5,23,146,'2011-03-10 15:32:10','2011-03-10 15:38:30',NULL,100),(34,5,23,149,'2011-03-10 15:32:10','2011-03-10 15:38:30',NULL,0),(35,5,23,152,'2011-03-10 15:32:10','2011-03-10 15:38:30',NULL,0),(36,5,24,137,'2011-03-10 16:50:30','2011-03-10 16:57:03',NULL,0),(37,5,24,143,'2011-03-10 16:50:30','2011-03-10 16:57:03',NULL,0),(38,5,24,146,'2011-03-10 16:50:30','2011-03-10 16:57:03',NULL,100),(39,5,24,149,'2011-03-10 16:50:30','2011-03-10 16:57:03',NULL,0),(40,5,24,152,'2011-03-10 16:50:30','2011-03-10 16:57:03',NULL,0),(41,4,21,137,'2011-03-21 12:59:25','2011-03-21 13:20:12',NULL,0),(42,4,21,143,'2011-03-21 12:59:25','2011-03-21 13:20:12',NULL,10),(43,4,21,146,'2011-03-21 12:59:25','2011-03-21 13:20:12',NULL,40),(44,4,21,149,'2011-03-21 12:59:25','2011-03-21 13:20:12',NULL,10),(45,4,21,152,'2011-03-21 12:59:25','2011-03-21 13:20:12',NULL,20),(46,4,22,137,'2011-03-21 13:33:21','2011-03-21 13:39:37',NULL,25),(47,4,22,143,'2011-03-21 13:33:21','2011-03-21 13:39:37',NULL,60),(48,4,22,146,'2011-03-21 13:33:21','2011-03-21 13:39:37',NULL,35),(49,4,22,149,'2011-03-21 13:33:21','2011-03-21 13:39:37',NULL,30),(50,4,22,152,'2011-03-21 13:33:21','2011-03-21 13:39:37',NULL,30),(51,4,23,137,'2011-03-21 13:49:05','2011-03-21 13:53:44',NULL,0),(52,4,23,143,'2011-03-21 13:49:05','2011-03-21 13:53:44',NULL,0),(53,4,23,146,'2011-03-21 13:49:05','2011-03-21 13:53:44',NULL,50),(54,4,23,149,'2011-03-21 13:49:05','2011-03-21 13:53:44',NULL,20),(55,4,23,152,'2011-03-21 13:49:05','2011-03-21 13:53:44',NULL,0),(56,4,24,137,'2011-03-21 14:02:29','2011-03-21 14:06:20',NULL,0),(57,4,24,143,'2011-03-21 14:02:29','2011-03-21 14:06:20',NULL,0),(58,4,24,146,'2011-03-21 14:02:29','2011-03-21 14:06:20',NULL,50),(59,4,24,149,'2011-03-21 14:02:29','2011-03-21 14:06:20',NULL,20),(60,4,24,152,'2011-03-21 14:02:29','2011-03-21 14:06:20',NULL,0),(61,4,25,137,'2011-03-21 14:15:38','2011-03-21 14:20:26',NULL,0),(62,4,25,143,'2011-03-21 14:15:38','2011-03-21 14:20:26',NULL,0),(63,4,25,146,'2011-03-21 14:15:38','2011-03-21 14:20:27',NULL,50),(64,4,25,149,'2011-03-21 14:15:38','2011-03-21 14:20:27',NULL,40),(65,4,25,152,'2011-03-21 14:15:38','2011-03-21 14:20:27',NULL,0),(66,7,21,137,'2011-03-23 17:25:29','2011-03-23 17:51:11',NULL,50),(67,7,21,143,'2011-03-23 17:25:29','2011-03-23 17:51:11',NULL,55),(68,7,21,146,'2011-03-23 17:25:29','2011-03-23 17:51:11',NULL,10),(69,7,21,149,'2011-03-23 17:25:29','2011-03-23 17:51:11',NULL,25),(70,7,21,152,'2011-03-23 17:25:29','2011-03-23 17:51:11',NULL,50);
/*!40000 ALTER TABLE `ratestreets_countrating` ENABLE KEYS */;
UNLOCK TABLES;

--
-- Table structure for table `ratestreets_freeformrating`
--

DROP TABLE IF EXISTS `ratestreets_freeformrating`;
/*!40101 SET @saved_cs_client     = @@character_set_client */;
/*!40101 SET character_set_client = utf8 */;
CREATE TABLE `ratestreets_freeformrating` (
  `id` int(11) NOT NULL AUTO_INCREMENT,
  `user_id` int(11) NOT NULL,
  `segment_id` int(11) NOT NULL,
  `item_id` int(11) NOT NULL,
  `created_at` datetime NOT NULL,
  `updated_at` datetime NOT NULL,
  `impediment` int(10) unsigned DEFAULT NULL,
  `rating` varchar(1024) DEFAULT NULL,
  PRIMARY KEY (`id`),
  UNIQUE KEY `user_id` (`user_id`,`segment_id`,`item_id`),
  KEY `ratestreets_freeformrating_fbfc09f1` (`user_id`),
  KEY `ratestreets_freeformrating_c29afce8` (`segment_id`),
  KEY `ratestreets_freeformrating_67b70d25` (`item_id`)
) ENGINE=MyISAM DEFAULT CHARSET=latin1;
/*!40101 SET character_set_client = @saved_cs_client */;

--
-- Dumping data for table `ratestreets_freeformrating`
--

LOCK TABLES `ratestreets_freeformrating` WRITE;
/*!40000 ALTER TABLE `ratestreets_freeformrating` DISABLE KEYS */;
/*!40000 ALTER TABLE `ratestreets_freeformrating` ENABLE KEYS */;
UNLOCK TABLES;

--
-- Table structure for table `ratestreets_item`
--

DROP TABLE IF EXISTS `ratestreets_item`;
/*!40101 SET @saved_cs_client     = @@character_set_client */;
/*!40101 SET character_set_client = utf8 */;
CREATE TABLE `ratestreets_item` (
  `id` int(11) NOT NULL AUTO_INCREMENT,
  `name` varchar(32) NOT NULL,
  `description` varchar(256) NOT NULL,
  `instrument` varchar(32) DEFAULT NULL,
  `number` double DEFAULT NULL,
  `category_1` varchar(32) DEFAULT NULL,
  `category_2` varchar(32) DEFAULT NULL,
  `rating_type_id` int(11) NOT NULL,
  `created_at` datetime NOT NULL,
  `updated_at` datetime NOT NULL,
  PRIMARY KEY (`id`),
  KEY `ratestreets_item_25508c81` (`rating_type_id`)
) ENGINE=MyISAM AUTO_INCREMENT=181 DEFAULT CHARSET=latin1;
/*!40101 SET character_set_client = @saved_cs_client */;

--
-- Dumping data for table `ratestreets_item`
--

LOCK TABLES `ratestreets_item` WRITE;
/*!40000 ALTER TABLE `ratestreets_item` DISABLE KEYS */;
INSERT INTO `ratestreets_item` VALUES (1,'PEDS-3','What type of intersection is this?','PEDS',3,'street','intersection',3,'2011-03-02 14:32:08','2011-03-02 14:32:08'),(2,'Minn-Irvine-9','What kind of traffic signal is provided?','Minn-Irvine',9,'traffic control','',4,'2011-03-02 14:32:08','2011-03-02 14:32:08'),(3,'Minn-Irvine-2','Consider the places that are intended for pedestrians to cross the street. Are these places marked for pedestrian crossing?','Minn-Irvine',2,'crosswalk','',5,'2011-03-02 14:32:08','2011-03-02 14:32:08'),(4,'Minn-Irvine-4','How is the road marked at crosswalks?','Minn-Irvine',4,'crosswalk','',6,'2011-03-02 14:32:08','2011-03-02 14:32:08'),(5,'PEDS-23.4','Is there a curb extension?','PEDS',23.4,'crosswalk','',7,'2011-03-02 14:32:08','2011-03-02 14:32:08'),(6,'PEDS-21.5','Is there a chicane or choker?','PEDS',21.5,'street','calming',7,'2011-03-02 14:32:08','2011-03-02 14:32:08'),(7,'PEDS-23.7','Is there a flashing warning sign?','PEDS',23.7,'crosswalk','',7,'2011-03-02 14:32:08','2011-03-02 14:32:08'),(8,'PEDS-23.3','Is there a median/traffic island?','PEDS',23.3,'crosswalk','',7,'2011-03-02 14:32:08','2011-03-02 14:32:08'),(9,'PEDS-23.5','Is there an overpass or underpass?','PEDS',23.5,'crosswalk','',7,'2011-03-02 14:32:08','2011-03-02 14:32:08'),(10,'PEDS-23.6','Is there a pedestrian crossing warning sign?','PEDS',23.6,'crosswalk','',7,'2011-03-02 14:32:08','2011-03-02 14:32:08'),(11,'PEDS-23.2','Is there a pedestrian signal?','PEDS',23.2,'crosswalk','',7,'2011-03-02 14:32:08','2011-03-02 14:32:08'),(12,'PEDS-23.8','Is there a share the road warning sign?','PEDS',23.8,'crosswalk','',7,'2011-03-02 14:32:08','2011-03-02 14:32:08'),(13,'PEDS-23.1','Are there yield to pedestrian paddles?','PEDS',23.1,'crosswalk','',7,'2011-03-02 14:32:08','2011-03-02 14:32:08'),(14,'Minn-Irvine-12','Is there a pedestrian-activated signal?','Minn-Irvine',12,'crosswalk','',7,'2011-03-02 14:32:08','2011-03-02 14:32:08'),(15,'Minn-Irvine-8','Are there curb cuts at all places where crossing is expected to occur?','Minn-Irvine',8,'sidewalk','curb cuts',5,'2011-03-02 14:32:08','2011-03-02 14:32:08'),(16,'Minn-Irvine-146','Is there a speed bump/speed hump/raised crosswalk/dips that is intended to slow down traffic?','Minn-Irvine',146,'traffic control','',7,'2011-03-02 14:32:08','2011-03-02 14:32:08'),(17,'Minn-Irvine-147','Are there rumble strips or bumps that are intended to slow down traffic?','Minn-Irvine',147,'traffic control','',7,'2011-03-02 14:32:08','2011-03-02 14:32:08'),(18,'PEDS-0','What type of segment is this?','PEDS',0,'street','type',8,'2011-03-02 14:32:08','2011-03-02 14:32:08'),(19,'Minn-Irvine-19','Is the street a one-way or two-way street?','Minn-Irvine',19,'street','direction',9,'2011-03-02 14:32:08','2011-03-02 14:32:08'),(20,'Minn-Irvine-21','How many lanes are there for cars (include turning lanes)?','Minn-Irvine',21,'street','lanes',10,'2011-03-02 14:32:08','2011-03-02 14:32:08'),(21,'Minn-Irvine-152','Is there a cul-de-sac or permanent street closing on this segment?','Minn-Irvine',152,'street','',7,'2011-03-02 14:32:08','2011-03-02 14:32:08'),(22,'Minn-Irvine-144','Is there a freeway overpass/underpass connected to this segment?','Minn-Irvine',144,'street','type',11,'2011-03-02 14:32:08','2011-03-02 14:32:08'),(23,'PEDS-14','What is the condition of the road?','PEDS',14,'street','',12,'2011-03-02 14:32:08','2011-03-02 14:32:08'),(24,'PEDS-16','What is the posted speed limit?','PEDS',16,'street','speed',13,'2011-03-02 14:32:08','2011-03-02 14:32:08'),(25,'Minn-Irvine-137','Are driveways visible?','Minn-Irvine',137,'parking/driveways','',14,'2011-03-02 14:32:08','2011-03-02 14:32:08'),(26,'Minn-Irvine-151','What kind of on-street parking is there?','Minn-Irvine',151,'traffic control','',15,'2011-03-02 14:32:08','2011-03-02 14:32:08'),(27,'Minn-Irvine-135','Is a parking structure visible?','Minn-Irvine',135,'parking/driveways','',7,'2011-03-02 14:32:08','2011-03-02 14:32:08'),(28,'Minn-Irvine-136','What is the street level use of the parking structure if any?','Minn-Irvine',136,'parking/driveways','',16,'2011-03-02 14:32:08','2011-03-02 14:32:08'),(29,'PEDS-18','How many off-street parking lot spaces are there?','PEDS',18,'parking/driveways','',17,'2011-03-02 14:32:08','2011-03-02 14:32:08'),(30,'PEDS-19','Do you have to walk through a parking lot to get to most buildings?','PEDS',19,'design','',18,'2011-03-02 14:32:08','2011-03-02 14:32:08'),(31,'Minn-Irvine-110','How is the road marked at mid-block crosswalks, if any?','Minn-Irvine',110,'crosswalk','',19,'2011-03-02 14:32:08','2011-03-02 14:32:08'),(32,'Minn-Irvine-108','Are there bicycle lanes and if so how are they demarcated?','Minn-Irvine',108,'bicycle','bike lane',20,'2011-03-02 14:32:08','2011-03-02 14:32:08'),(33,'Minn-Irvine-123','How many bike racks (bike parking facilities) are on the block?','Minn-Irvine',123,'bicycle','bike parking',14,'2011-03-02 14:32:08','2011-03-02 14:32:08'),(34,'PEDS-24.1','Are there bike route signs or bike crossing warnings on the segment?','PEDS',24.1,'bicycle','bike signs',21,'2011-03-02 14:32:08','2011-03-02 14:32:08'),(35,'PEDS-4.1','What type of pedestrian facility is there?','PEDS',4.1,'sidewalk','surface',22,'2011-03-02 14:32:08','2011-03-02 14:32:08'),(36,'PEDS-5.1','What is the sidewalk or path surface made of?','PEDS',5.1,'sidewalk','surface',23,'2011-03-02 14:32:08','2011-03-02 14:32:08'),(37,'PEDS-12','Is the sidewalk complete/continuous?','PEDS',12,'sidewalk','continuity',24,'2011-03-02 14:32:08','2011-03-02 14:32:08'),(38,'PEDS-13','How many connections does the sidewalk make to other sidewalks or crosswalks?','PEDS',13,'sidewalk','connectivity',25,'2011-03-02 14:32:08','2011-03-02 14:32:08'),(39,'Minn-Irvine-153','Is there a ped access point that lets pedestrians go from one segment to another even tho vehicles may not be able to?','Minn-Irvine',153,'sidewalk','',26,'2011-03-02 14:32:08','2011-03-02 14:32:08'),(40,'Minn-Irvine-107','Are there sidewalk/greenbelts/trails/paths other than the sidewalk along the street?','Minn-Irvine',107,'sidewalk','',7,'2011-03-02 14:32:08','2011-03-02 14:32:08'),(41,'PEDS-6','In what condition is the sidewalk or pedestrian path (paved trail)?','PEDS',6,'sidewalk','condition',27,'2011-03-02 14:32:08','2011-03-02 14:32:08'),(42,'PEDS-10','How wide is the sidewalk?','PEDS',10,'sidewalk','',28,'2011-03-02 14:32:08','2011-03-02 14:32:08'),(43,'PEDS-9','How far is the sidewalk or path from the curb?','PEDS',9,'sidewalk','',29,'2011-03-02 14:32:08','2011-03-02 14:32:08'),(44,'PEDS-8.1','Is there a fence between the road and the path/sidewalk?','PEDS',8.1,'sidewalk','',30,'2011-03-02 14:32:08','2011-03-02 14:32:08'),(45,'PEDS-8.2','Are there trees between the road and the path/sidewalk?','PEDS',8.2,'nature','',30,'2011-03-02 14:32:08','2011-03-02 14:32:08'),(46,'PEDS-8.3','Is there a hedge between the road and the path/sidewalk?','PEDS',8.3,'nature','',30,'2011-03-02 14:32:08','2011-03-02 14:32:08'),(47,'PEDS-8.4','Is there landscaping between the road and the path/sidewalk?','PEDS',8.4,'nature','',30,'2011-03-02 14:32:08','2011-03-02 14:32:08'),(48,'PEDS-8.5','Is there grass between the road and the path/sidewalk?','PEDS',8.5,'sidewalk','',30,'2011-03-02 14:32:08','2011-03-02 14:32:08'),(49,'PEDS-7.1','Do poles or signs obstruct the path?','PEDS',7.1,'sidewalk','',30,'2011-03-02 14:32:08','2011-03-02 14:32:08'),(50,'PEDS-7.2','Do parked cars obstruct the path?','PEDS',7.2,'sidewalk','',30,'2011-03-02 14:32:08','2011-03-02 14:32:08'),(51,'PEDS-7.3','Does greenery obstruct the path?','PEDS',7.3,'sidewalk','',30,'2011-03-02 14:32:08','2011-03-02 14:32:08'),(52,'PEDS-7.4','Do garbage cans obstruct the path?','PEDS',7.4,'sidewalk','',30,'2011-03-02 14:32:08','2011-03-02 14:32:08'),(53,'PEDS-7.5','Does anything else obstruct the path?','PEDS',7.5,'sidewalk','',30,'2011-03-02 14:32:08','2011-03-02 14:32:08'),(54,'Minn-Irvine-103','How much of the sidewalk is covered by arcades?','Minn-Irvine',103,'sidewalk','shading',31,'2011-03-02 14:32:08','2011-03-02 14:32:08'),(55,'Minn-Irvine-104','How much of the sidewalk is covered by awnings?','Minn-Irvine',104,'sidewalk','shading',31,'2011-03-02 14:32:08','2011-03-02 14:32:08'),(56,'Minn-Irvine-105','How much of the sidewalk is covered by some other covering?','Minn-Irvine',105,'sidewalk','shading',31,'2011-03-02 14:32:08','2011-03-02 14:32:08'),(57,'PEDS-35','Is there a bus stop and if so what kind?','PEDS',35,'transit','',32,'2011-03-02 14:32:08','2011-03-02 14:32:08'),(58,'PEDS-25','What kind of lighting is there?','PEDS',25,'lighting','',33,'2011-03-02 14:32:08','2011-03-02 14:32:08'),(59,'Minn-Irvine-142','Is there visible electric wiring overhead?','Minn-Irvine',142,'powerlines','',34,'2011-03-02 14:32:08','2011-03-02 14:32:08'),(60,'Minn-Irvine-159','How many billboards are present?','Minn-Irvine',159,'','',14,'2011-03-02 14:32:08','2011-03-02 14:32:08'),(61,'Minn-Irvine-96','Is a drainage ditch present and is it a barrier to walking?','Minn-Irvine',96,'ped access','',35,'2011-03-02 14:32:08','2011-03-02 14:32:08'),(62,'Minn-Irvine-92','Is a highway (elevated or below ground) present and is it a barrier to walking?','Minn-Irvine',92,'ped access','',35,'2011-03-02 14:32:08','2011-03-02 14:32:08'),(63,'Minn-Irvine-94','Is an impassable land use (e.g. gated community, major industrial complex) present and is it a barrier to walking?','Minn-Irvine',94,'ped access','',35,'2011-03-02 14:32:08','2011-03-02 14:32:08'),(64,'Minn-Irvine-98','Is any other barrier to walking present?','Minn-Irvine',98,'ped access','',35,'2011-03-02 14:32:08','2011-03-02 14:32:08'),(65,'Minn-Irvine-93','Is a railroad track present and is it a barrier to walking?','Minn-Irvine',93,'ped access','',35,'2011-03-02 14:32:08','2011-03-02 14:32:08'),(66,'Minn-Irvine-95','Is a river present and is it a barrier to walking?','Minn-Irvine',95,'ped access','',35,'2011-03-02 14:32:08','2011-03-02 14:32:08'),(67,'Minn-Irvine-97','Is a road with 6+ lanes present and is it a barrier to walking?','Minn-Irvine',97,'ped access','',35,'2011-03-02 14:32:08','2011-03-02 14:32:08'),(68,'Minn-Irvine-178','For an individual on this segment, how convenient (traffic-wise) do you think it is to cross the street from this segment?','Minn-Irvine',178,'ped access','',36,'2011-03-02 14:32:08','2011-03-02 14:32:08'),(69,'Minn-Irvine-24','Are there any single family detached homes?','Minn-Irvine',24,'land use','residential',7,'2011-03-02 14:32:08','2011-03-02 14:32:08'),(70,'Minn-Irvine-25','Are there any single family duplex homes? ','Minn-Irvine',25,'land use','residential',7,'2011-03-02 14:32:08','2011-03-02 14:32:08'),(71,'Minn-Irvine-26','Are there any town home/condo/apartments (3+ units)?','Minn-Irvine',26,'land use','residential',7,'2011-03-02 14:32:08','2011-03-02 14:32:08'),(72,'PEDS-1.3','Are there any mobile homes?','PEDS',1.3,'land use','residential',7,'2011-03-02 14:32:08','2011-03-02 14:32:08'),(73,'Minn-Irvine-28','Is there any other residential land use?','Minn-Irvine',28,'land use','residential',7,'2011-03-02 14:32:08','2011-03-02 14:32:08'),(74,'Minn-Irvine-29','Is there an Elementary or junior hi school?','Minn-Irvine',29,'land use','institutional',7,'2011-03-02 14:32:08','2011-03-02 14:32:08'),(75,'Minn-Irvine-30','Is there a high school?','Minn-Irvine',30,'land use','institutional',7,'2011-03-02 14:32:08','2011-03-02 14:32:08'),(76,'Minn-Irvine-31','Is there a university or college?','Minn-Irvine',31,'land use','institutional',7,'2011-03-02 14:32:08','2011-03-02 14:32:08'),(77,'Minn-Irvine-32','Is there any other kind of school?','Minn-Irvine',32,'land use','institutional',7,'2011-03-02 14:32:08','2011-03-02 14:32:08'),(78,'Minn-Irvine-33','Is there a park or playground?','Minn-Irvine',33,'land use','public space',7,'2011-03-02 14:32:08','2011-03-02 14:32:08'),(79,'Minn-Irvine-34','Is there some other kind of public space?','Minn-Irvine',34,'land use','public space',7,'2011-03-02 14:32:08','2011-03-02 14:32:08'),(80,'Minn-Irvine-73','Is it possible for the general public to use the public space?','Minn-Irvine',73,'ped access','',37,'2011-03-02 14:32:08','2011-03-02 14:32:08'),(81,'Minn-Irvine-35','Is there a gym/fitness center?','Minn-Irvine',35,'land use','service',7,'2011-03-02 14:32:08','2011-03-02 14:32:08'),(82,'Minn-Irvine-36','Is there a movie theater?','Minn-Irvine',36,'land use','retail/consumer',7,'2011-03-02 14:32:08','2011-03-02 14:32:08'),(83,'Minn-Irvine-37','Is there any other kind of recreational land use?','Minn-Irvine',37,'land use','recreation',7,'2011-03-02 14:32:08','2011-03-02 14:32:08'),(84,'Minn-Irvine-38','Is there a community center or library?','Minn-Irvine',38,'land use','institutional',7,'2011-03-02 14:32:08','2011-03-02 14:32:08'),(85,'Minn-Irvine-39','Is there a museum, auditorium, concert hall, or theater?','Minn-Irvine',39,'land use','institutional',7,'2011-03-02 14:32:08','2011-03-02 14:32:08'),(86,'Minn-Irvine-40','Is there a post office, police, courtroom, or DMV?','Minn-Irvine',40,'land use','institutional',7,'2011-03-02 14:32:08','2011-03-02 14:32:08'),(87,'Minn-Irvine-41','Is there any other kind of public building?','Minn-Irvine',41,'land use','institutional',7,'2011-03-02 14:32:08','2011-03-02 14:32:08'),(88,'Minn-Irvine-42','Is there a religious institution?','Minn-Irvine',42,'land use','institutional',7,'2011-03-02 14:32:08','2011-03-02 14:32:08'),(89,'Minn-Irvine-43','Is there a hospital, medical facility, or health clinic?','Minn-Irvine',43,'land use','institutional',7,'2011-03-02 14:32:08','2011-03-02 14:32:08'),(90,'Minn-Irvine-44','Is there any other institutional land use?','Minn-Irvine',44,'land use','institutional',7,'2011-03-02 14:32:08','2011-03-02 14:32:08'),(91,'Minn-Irvine-45','Are there any retail stores/restaurants?','Minn-Irvine',45,'land use','retail/consumer',7,'2011-03-02 14:32:08','2011-03-02 14:32:08'),(92,'Minn-Irvine-46','Is there a bank or financial service?','Minn-Irvine',46,'land use','office',7,'2011-03-02 14:32:08','2011-03-02 14:32:08'),(93,'Minn-Irvine-47','Is there a hotel or hospitality business?','Minn-Irvine',47,'land use','service',7,'2011-03-02 14:32:08','2011-03-02 14:32:08'),(94,'Minn-Irvine-48','Are there any car dealerships?','Minn-Irvine',48,'land use','retail/consumer',7,'2011-03-02 14:32:08','2011-03-02 14:32:08'),(95,'Minn-Irvine-49','Is there a gas/service station?','Minn-Irvine',49,'land use','retail/consumer',7,'2011-03-02 14:32:08','2011-03-02 14:32:08'),(96,'Minn-Irvine-50','Is there any other commercial land use?','Minn-Irvine',50,'land use','',7,'2011-03-02 14:32:08','2011-03-02 14:32:08'),(97,'Minn-Irvine-51','Are there offices?','Minn-Irvine',51,'land use','office',7,'2011-03-02 14:32:08','2011-03-02 14:32:08'),(98,'Minn-Irvine-52','Are there service facilities (insurance offices, funeral homes, dry cleaning, laundromats, etc)?','Minn-Irvine',52,'land use','service',7,'2011-03-02 14:32:08','2011-03-02 14:32:08'),(99,'Minn-Irvine-53','Is there any other kind of office or service land use?','Minn-Irvine',53,'land use','office',7,'2011-03-02 14:32:08','2011-03-02 14:32:08'),(100,'PEDS-1.6','Is there any industrial land use?','PEDS',1.6,'land use','industrial',7,'2011-03-02 14:32:08','2011-03-02 14:32:08'),(101,'Minn-Irvine-54','Is there any light industrial (small or clean) land use?','Minn-Irvine',54,'land use','industrial',7,'2011-03-02 14:32:08','2011-03-02 14:32:08'),(102,'Minn-Irvine-55','Is there any medium or heavy industrial (e.g. chemical plants, oil wells) land use?','Minn-Irvine',55,'land use','industrial',7,'2011-03-02 14:32:08','2011-03-02 14:32:08'),(103,'Minn-Irvine-56','Is there any other industrial land use?','Minn-Irvine',56,'land use','industrial',7,'2011-03-02 14:32:08','2011-03-02 14:32:08'),(104,'Minn-Irvine-57','Is there a harbor or marina?','Minn-Irvine',57,'nature','',7,'2011-03-02 14:32:08','2011-03-02 14:32:08'),(105,'Minn-Irvine-59','Is there agricultural land, ranch, farming?','Minn-Irvine',59,'land use','rural',7,'2011-03-02 14:32:08','2011-03-02 14:32:08'),(106,'PEDS-1.7','Is there vacant or undeveloped land?','PEDS',1.7,'land use','undeveloped',7,'2011-03-02 14:32:08','2011-03-02 14:32:08'),(107,'Minn-Irvine-60','Is there a nature feature?','Minn-Irvine',60,'nature','',7,'2011-03-02 14:32:08','2011-03-02 14:32:08'),(108,'Minn-Irvine-62','Is there any vertical mixed use?','Minn-Irvine',62,'land use','mixed use',38,'2011-03-02 14:32:08','2011-03-02 14:32:08'),(109,'Minn-Irvine-63','Is there a big box store (e.g. super store or warehouse store)?','Minn-Irvine',63,'buildings','',7,'2011-03-02 14:32:08','2011-03-02 14:32:08'),(110,'Minn-Irvine-64','Is there a shopping mall?','Minn-Irvine',64,'buildings','',7,'2011-03-02 14:32:08','2011-03-02 14:32:08'),(111,'Minn-Irvine-65','Is there a strip mall/row of shops?','Minn-Irvine',65,'buildings','',7,'2011-03-02 14:32:08','2011-03-02 14:32:08'),(112,'Minn-Irvine-66','Is there a drive-thru?','Minn-Irvine',66,'buildings','',7,'2011-03-02 14:32:08','2011-03-02 14:32:08'),(113,'Minn-Irvine-74','Are there any bars/nightclubs?','Minn-Irvine',74,'land use','retail/consumer',14,'2011-03-02 14:32:08','2011-03-02 14:32:08'),(114,'Minn-Irvine-75','Are there any adult uses?','Minn-Irvine',75,'land use','retail/consumer',14,'2011-03-02 14:32:08','2011-03-02 14:32:08'),(115,'Minn-Irvine-76','Are there any check cashing establishments?','Minn-Irvine',76,'land use','retail/consumer',14,'2011-03-02 14:32:09','2011-03-02 14:32:09'),(116,'Minn-Irvine-77','Are there any liquor stores?','Minn-Irvine',77,'land use','retail/consumer',14,'2011-03-02 14:32:09','2011-03-02 14:32:09'),(117,'Minn-Irvine-78','Are there any restaurants?','Minn-Irvine',78,'land use','retail/consumer',14,'2011-03-02 14:32:09','2011-03-02 14:32:09'),(118,'Minn-Irvine-79','Are tehre any coffee shops?','Minn-Irvine',79,'land use','retail/consumer',14,'2011-03-02 14:32:09','2011-03-02 14:32:09'),(119,'Minn-Irvine-80','Are there any libraries/bookshops?','Minn-Irvine',80,'land use','retail/consumer',14,'2011-03-02 14:32:09','2011-03-02 14:32:09'),(120,'Minn-Irvine-81','Is there a corner store?','Minn-Irvine',81,'land use','retail/consumer',14,'2011-03-02 14:32:09','2011-03-02 14:32:09'),(121,'Minn-Irvine-82','Are there any galleries?','Minn-Irvine',82,'land use','retail/consumer',14,'2011-03-02 14:32:09','2011-03-02 14:32:09'),(122,'Minn-Irvine-83','Is there a farmers market?','Minn-Irvine',83,'land use','retail/consumer',7,'2011-03-02 14:32:09','2011-03-02 14:32:09'),(123,'Minn-Irvine-84','Is there an open field or golf course?','Minn-Irvine',84,'nature','',7,'2011-03-02 14:32:09','2011-03-02 14:32:09'),(124,'Minn-Irvine-85','Is there a lake or pond?','Minn-Irvine',85,'nature','water',7,'2011-03-02 14:32:09','2011-03-02 14:32:09'),(125,'Minn-Irvine-86','Is there a fountain or pool?','Minn-Irvine',86,'nature','water',7,'2011-03-02 14:32:09','2011-03-02 14:32:09'),(126,'Minn-Irvine-87','Is there a stream, river, or canal?','Minn-Irvine',87,'nature','water',7,'2011-03-02 14:32:09','2011-03-02 14:32:09'),(127,'Minn-Irvine-88','Is there a forest?','Minn-Irvine',88,'nature','',7,'2011-03-02 14:32:09','2011-03-02 14:32:09'),(128,'Minn-Irvine-89','Is there an ocean?','Minn-Irvine',89,'nature','water',7,'2011-03-02 14:32:09','2011-03-02 14:32:09'),(129,'Minn-Irvine-90','Is there a mountain or hills?','Minn-Irvine',90,'nature','',7,'2011-03-02 14:32:09','2011-03-02 14:32:09'),(130,'Minn-Irvine-91','Is there a desert?','Minn-Irvine',91,'nature','',7,'2011-03-02 14:32:09','2011-03-02 14:32:09'),(131,'MIUDQ-22','How many buildings are on the segment?','MIUDQ',22,'buildings','',25,'2011-03-02 14:32:09','2011-03-02 14:32:09'),(132,'Minn-Irvine-127','How many stories are most buildings on the segment?','Minn-Irvine',127,'buildings','height',39,'2011-03-02 14:32:09','2011-03-02 14:32:09'),(133,'Minn-Irvine-131','How many buildings have front porches (porches you can sit on)?','Minn-Irvine',131,'buildings','',40,'2011-03-02 14:32:09','2011-03-02 14:32:09'),(134,'Minn-Irvine-130','How many buildings have windows with bars?','Minn-Irvine',130,'buildings','',40,'2011-03-02 14:32:09','2011-03-02 14:32:09'),(135,'Minn-Irvine-133','How many buildings have garage doors pacing the street?','Minn-Irvine',133,'buildings','',40,'2011-03-02 14:32:09','2011-03-02 14:32:09'),(136,'Minn-Irvine-134','How prominent are most garage doors when looking at the front of buildings?','Minn-Irvine',134,'buildings','',41,'2011-03-02 14:32:09','2011-03-02 14:32:09'),(137,'MIUDQ-3','What percent of the building frontage is historic?','MIUDQ',3,'aesthetics','historic',1,'2011-03-02 14:32:09','2011-03-02 14:32:09'),(138,'MIUDQ-23','How many basic building colors do you see?','MIUDQ',23,'aesthetics','',42,'2011-03-02 14:32:09','2011-03-02 14:32:09'),(139,'MIUDQ-24','How many accent colors on buildings do you see?','MIUDQ',24,'aesthetics','',42,'2011-03-02 14:32:09','2011-03-02 14:32:09'),(140,'MIUDQ-5','How many buildings with nonrectangular shapes do you see?','MIUDQ',5,'aesthetics','',43,'2011-03-02 14:32:09','2011-03-02 14:32:09'),(141,'Minn-Irvine-129','Does at least 50% of the segment have buildings?','Minn-Irvine',129,'design','enclosure',7,'2011-03-02 14:32:09','2011-03-02 14:32:09'),(142,'PEDS-29','What is the degree of enclosure?','PEDS',29,'design','enclosure',44,'2011-03-02 14:32:09','2011-03-02 14:32:09'),(143,'MIUDQ-10','What proportion of the block has a street wall (buildings within 10 ft of sidewalk edge)?','MIUDQ',10,'design','enclosure',1,'2011-03-02 14:32:09','2011-03-02 14:32:09'),(144,'PEDS-33','How far are the buildings set back from the sidewalk?','PEDS',33,'design','enclosure',45,'2011-03-02 14:32:09','2011-03-02 14:32:09'),(145,'MIUDQ-9','How many long sight lines can you see - front, left, and right?','MIUDQ',9,'design','sight lines',46,'2011-03-02 14:32:09','2011-03-02 14:32:09'),(146,'MIUDQ-12','What proportion of the view ahead is sky?','MIUDQ',12,'design','sight lines',1,'2011-03-02 14:32:09','2011-03-02 14:32:09'),(147,'Minn-Irvine-22','Is there a significant open view of an object not on the block?','Minn-Irvine',22,'design','sight lines',7,'2011-03-02 14:32:09','2011-03-02 14:32:09'),(148,'Minn-Irvine-132','How many buildings have blank walls?','Minn-Irvine',132,'design','transparency',14,'2011-03-02 14:32:09','2011-03-02 14:32:09'),(149,'MIUDQ-19','What proportion of the building fronts are windows at street level?','MIUDQ',19,'design','transparency',1,'2011-03-02 14:32:09','2011-03-02 14:32:09'),(150,'PEDS-32','How much articulation is there is building designs?','PEDS',32,'design','',47,'2011-03-02 14:32:09','2011-03-02 14:32:09'),(151,'MIUDQ-4','How many buildings with identifiers are there?','MIUDQ',4,'design','',46,'2011-03-02 14:32:09','2011-03-02 14:32:09'),(152,'MIUDQ-21','What proportion of the block is active uses?','MIUDQ',21,'activity','',1,'2011-03-02 14:32:09','2011-03-02 14:32:09'),(153,'Minn-Irvine-156','How interesting is the architecture?','Minn-Irvine',156,'aesthetics','architecture',48,'2011-03-02 14:32:09','2011-03-02 14:32:09'),(154,'Minn-Irvine-17','Does the segment have banners or monuments that identify the neighborhood?','Minn-Irvine',17,'aesthetics','art or banners',49,'2011-03-02 14:32:09','2011-03-02 14:32:09'),(155,'MIUDQ-26','How many pieces of public art do you see?','MIUDQ',26,'aesthetics','art or banners',25,'2011-03-02 14:32:09','2011-03-02 14:32:09'),(156,'Minn-Irvine-119','Are there outdoor dining areas (cafes, outdoor tables at coffee shops or plazas, etc)?','Minn-Irvine',119,'amenities','dining',14,'2011-03-02 14:32:09','2011-03-02 14:32:09'),(157,'Minn-Irvine-120','How many benches (not a bus stop), chairs and/or ledges for sitting?','Minn-Irvine',120,'amenities','street furniture',14,'2011-03-02 14:32:09','2011-03-02 14:32:09'),(158,'MIUDQ-18','How many pieces of street furniture or other street items are there?','MIUDQ',18,'amenities','street furniture',25,'2011-03-02 14:32:09','2011-03-02 14:32:09'),(159,'Minn-Irvine-157','How many street vendors or stalls are there?','Minn-Irvine',157,'amenities','vendors',14,'2011-03-02 14:32:09','2011-03-02 14:32:09'),(160,'PEDS-26.1','Do you see a public garbage can?','PEDS',26.1,'amenities','',7,'2011-03-02 14:32:09','2011-03-02 14:32:09'),(161,'PEDS-26.3','Do you see a water fountain?','PEDS',26.3,'amenities','',7,'2011-03-02 14:32:09','2011-03-02 14:32:09'),(162,'Minn-Irvine-122','How many heat lamps are there?','Minn-Irvine',122,'amenities','',14,'2011-03-02 14:32:09','2011-03-02 14:32:09'),(163,'Minn-Irvine-124','Are there public restrooms?','Minn-Irvine',124,'amenities','',7,'2011-03-02 14:32:09','2011-03-02 14:32:09'),(164,'PEDS-27','Are there wayfinding aids?','PEDS',27,'amenities','',7,'2011-03-02 14:32:09','2011-03-02 14:32:09'),(165,'MIUDQ-27','How many people are on the sidewalk?','MIUDQ',27,'activity','',25,'2011-03-02 14:32:09','2011-03-02 14:32:09'),(166,'MIUDQ-17','How many small planters are there?','MIUDQ',17,'nature','',25,'2011-03-02 14:32:09','2011-03-02 14:32:09'),(167,'PEDS-2','What is the slope of the segment?','PEDS',2,'nature','slope',50,'2011-03-02 14:32:09','2011-03-02 14:32:09'),(168,'PEDS-28','How many trees  shade the walking area?','PEDS',28,'nature','trees',51,'2011-03-02 14:32:09','2011-03-02 14:32:09'),(169,'NYC HVS-0.0','Do any buildings have either major cracks in walls OR missing bricks, siding, or other outside wall material?','NYC HVS',0,'disorder','',18,'2011-03-02 14:32:09','2011-03-02 14:32:09'),(170,'NYC HVS-0.0','Do any buildings have broken or boarded up windows?','NYC HVS',0,'disorder','',18,'2011-03-02 14:32:09','2011-03-02 14:32:09'),(171,'Minn-Irvine-128','Are there abandoned buildings or lots on this block?','Minn-Irvine',128,'disorder','',40,'2011-03-02 14:32:09','2011-03-02 14:32:09'),(172,'PHDCN-0.0','Are there abandoned cars?','PHDCN',0,'disorder','',7,'2011-03-02 14:32:09','2011-03-02 14:32:09'),(173,'Minn-Irvine-161','Are there any loose/unsupervised/barking dogs that seem menacing?','Minn-Irvine',161,'disorder','',7,'2011-03-02 14:32:09','2011-03-02 14:32:09'),(174,'Minn-Irvine-141','Are there dumpsters visible?','Minn-Irvine',141,'disorder','',14,'2011-03-02 14:32:09','2011-03-02 14:32:09'),(175,'Minn-Irvine-139','How much graffiti is apparent?','Minn-Irvine',139,'disorder','',34,'2011-03-02 14:32:09','2011-03-02 14:32:09'),(176,'PHDCN-0.0','Is graffiti painted over apparent?','PHDCN',0,'disorder','',7,'2011-03-02 14:32:09','2011-03-02 14:32:09'),(177,'Minn-Irvine-140','How much litter is apparent?','Minn-Irvine',140,'disorder','',34,'2011-03-02 14:32:09','2011-03-02 14:32:09'),(178,'PHDCN-0.0','Are empty beer bottles visible in the street?','PHDCN',0,'disorder','',7,'2011-03-02 14:32:09','2011-03-02 14:32:09'),(179,'Minn-Irvine-138','Describe the general maintenance of the buildings.','Minn-Irvine',138,'disorder','',52,'2011-03-02 14:32:09','2011-03-02 14:32:09'),(180,'PEDS-31','Describe the overall cleanliness and building maintenance.','PEDS',31,'disorder','',53,'2011-03-02 14:32:09','2011-03-02 14:32:09');
/*!40000 ALTER TABLE `ratestreets_item` ENABLE KEYS */;
UNLOCK TABLES;

--
-- Table structure for table `ratestreets_module`
--

DROP TABLE IF EXISTS `ratestreets_module`;
/*!40101 SET @saved_cs_client     = @@character_set_client */;
/*!40101 SET character_set_client = utf8 */;
CREATE TABLE `ratestreets_module` (
  `id` int(11) NOT NULL AUTO_INCREMENT,
  `description` varchar(256) NOT NULL,
  `created_at` datetime NOT NULL,
  `updated_at` datetime NOT NULL,
  PRIMARY KEY (`id`)
) ENGINE=MyISAM AUTO_INCREMENT=8 DEFAULT CHARSET=latin1;
/*!40101 SET character_set_client = @saved_cs_client */;

--
-- Dumping data for table `ratestreets_module`
--

LOCK TABLES `ratestreets_module` WRITE;
/*!40000 ALTER TABLE `ratestreets_module` DISABLE KEYS */;
INSERT INTO `ratestreets_module` VALUES (1,'First intersection','2011-03-02 14:32:08','2011-03-02 14:32:08'),(2,'Road and parking','2011-03-02 14:32:08','2011-03-02 14:32:08'),(3,'Bike','2011-03-02 14:32:08','2011-03-02 14:32:08'),(4,'Sidewalk','2011-03-02 14:32:08','2011-03-02 14:32:08'),(5,'Other conditions of road and sidewalk','2011-03-02 14:32:08','2011-03-02 14:32:08'),(6,'Land use','2011-03-02 14:32:08','2011-03-02 14:32:08'),(7,'Appearance and condition of buildings and street space','2011-03-02 14:32:09','2011-03-02 14:32:09');
/*!40000 ALTER TABLE `ratestreets_module` ENABLE KEYS */;
UNLOCK TABLES;

--
-- Table structure for table `ratestreets_module_items`
--

DROP TABLE IF EXISTS `ratestreets_module_items`;
/*!40101 SET @saved_cs_client     = @@character_set_client */;
/*!40101 SET character_set_client = utf8 */;
CREATE TABLE `ratestreets_module_items` (
  `id` int(11) NOT NULL AUTO_INCREMENT,
  `module_id` int(11) NOT NULL,
  `item_id` int(11) NOT NULL,
  PRIMARY KEY (`id`),
  UNIQUE KEY `module_id` (`module_id`,`item_id`),
  KEY `item_id_refs_id_7bc86283` (`item_id`)
) ENGINE=MyISAM AUTO_INCREMENT=181 DEFAULT CHARSET=latin1;
/*!40101 SET character_set_client = @saved_cs_client */;

--
-- Dumping data for table `ratestreets_module_items`
--

LOCK TABLES `ratestreets_module_items` WRITE;
/*!40000 ALTER TABLE `ratestreets_module_items` DISABLE KEYS */;
INSERT INTO `ratestreets_module_items` VALUES (1,1,1),(2,1,2),(3,1,3),(4,1,4),(5,1,5),(6,1,6),(7,1,7),(8,1,8),(9,1,9),(10,1,10),(11,1,11),(12,1,12),(13,1,13),(14,1,14),(15,1,15),(16,1,16),(17,1,17),(18,2,18),(19,2,19),(20,2,20),(21,2,21),(22,2,22),(23,2,23),(24,2,24),(25,2,25),(26,2,26),(27,2,27),(28,2,28),(29,2,29),(30,2,30),(31,2,31),(32,3,32),(33,3,33),(34,3,34),(35,4,35),(36,4,36),(37,4,37),(38,4,38),(39,4,39),(40,4,40),(41,4,41),(42,4,42),(43,4,43),(44,4,44),(45,4,45),(46,4,46),(47,4,47),(48,4,48),(49,4,49),(50,4,50),(51,4,51),(52,4,52),(53,4,53),(54,4,54),(55,4,55),(56,4,56),(57,5,57),(58,5,58),(59,5,59),(60,5,60),(61,5,61),(62,5,62),(63,5,63),(64,5,64),(65,5,65),(66,5,66),(67,5,67),(68,5,68),(69,6,69),(70,6,70),(71,6,71),(72,6,72),(73,6,73),(74,6,74),(75,6,75),(76,6,76),(77,6,77),(78,6,78),(79,6,79),(80,6,80),(81,6,81),(82,6,82),(83,6,83),(84,6,84),(85,6,85),(86,6,86),(87,6,87),(88,6,88),(89,6,89),(90,6,90),(91,6,91),(92,6,92),(93,6,93),(94,6,94),(95,6,95),(96,6,96),(97,6,97),(98,6,98),(99,6,99),(100,6,100),(101,6,101),(102,6,102),(103,6,103),(104,6,104),(105,6,105),(106,6,106),(107,6,107),(108,6,108),(109,6,109),(110,6,110),(111,6,111),(112,6,112),(113,6,113),(114,6,114),(115,6,115),(116,6,116),(117,6,117),(118,6,118),(119,6,119),(120,6,120),(121,6,121),(122,6,122),(123,6,123),(124,6,124),(125,6,125),(126,6,126),(127,6,127),(128,6,128),(129,6,129),(130,6,130),(131,7,131),(132,7,132),(133,7,133),(134,7,134),(135,7,135),(136,7,136),(137,7,137),(138,7,138),(139,7,139),(140,7,140),(141,7,141),(142,7,142),(143,7,143),(144,7,144),(145,7,145),(146,7,146),(147,7,147),(148,7,148),(149,7,149),(150,7,150),(151,7,151),(152,7,152),(153,7,153),(154,7,154),(155,7,155),(156,7,156),(157,7,157),(158,7,158),(159,7,159),(160,7,160),(161,7,161),(162,7,162),(163,7,163),(164,7,164),(165,7,165),(166,7,166),(167,7,167),(168,7,168),(169,7,169),(170,7,170),(171,7,171),(172,7,172),(173,7,173),(174,7,174),(175,7,175),(176,7,176),(177,7,177),(178,7,178),(179,7,179),(180,7,180);
/*!40000 ALTER TABLE `ratestreets_module_items` ENABLE KEYS */;
UNLOCK TABLES;

--
-- Table structure for table `ratestreets_project`
--

DROP TABLE IF EXISTS `ratestreets_project`;
/*!40101 SET @saved_cs_client     = @@character_set_client */;
/*!40101 SET character_set_client = utf8 */;
CREATE TABLE `ratestreets_project` (
  `id` int(11) NOT NULL AUTO_INCREMENT,
  `director_id` int(11) NOT NULL,
  `name` varchar(32) NOT NULL,
  `description` varchar(256) NOT NULL,
  `created_at` datetime NOT NULL,
  `updated_at` datetime NOT NULL,
  PRIMARY KEY (`id`),
  KEY `ratestreets_project_81c0b88c` (`director_id`)
) ENGINE=MyISAM AUTO_INCREMENT=2 DEFAULT CHARSET=latin1;
/*!40101 SET character_set_client = @saved_cs_client */;

--
-- Dumping data for table `ratestreets_project`
--

LOCK TABLES `ratestreets_project` WRITE;
/*!40000 ALTER TABLE `ratestreets_project` DISABLE KEYS */;
INSERT INTO `ratestreets_project` VALUES (1,1,'Simple Test Project','Simple Test Project','2011-02-11 11:39:01','2011-02-11 11:39:01');
/*!40000 ALTER TABLE `ratestreets_project` ENABLE KEYS */;
UNLOCK TABLES;

--
-- Table structure for table `ratestreets_project_managers`
--

DROP TABLE IF EXISTS `ratestreets_project_managers`;
/*!40101 SET @saved_cs_client     = @@character_set_client */;
/*!40101 SET character_set_client = utf8 */;
CREATE TABLE `ratestreets_project_managers` (
  `id` int(11) NOT NULL AUTO_INCREMENT,
  `project_id` int(11) NOT NULL,
  `user_id` int(11) NOT NULL,
  PRIMARY KEY (`id`),
  UNIQUE KEY `project_id` (`project_id`,`user_id`),
  KEY `user_id_refs_id_a77c3c9d` (`user_id`)
) ENGINE=MyISAM DEFAULT CHARSET=latin1;
/*!40101 SET character_set_client = @saved_cs_client */;

--
-- Dumping data for table `ratestreets_project_managers`
--

LOCK TABLES `ratestreets_project_managers` WRITE;
/*!40000 ALTER TABLE `ratestreets_project_managers` DISABLE KEYS */;
/*!40000 ALTER TABLE `ratestreets_project_managers` ENABLE KEYS */;
UNLOCK TABLES;

--
-- Table structure for table `ratestreets_project_raters`
--

DROP TABLE IF EXISTS `ratestreets_project_raters`;
/*!40101 SET @saved_cs_client     = @@character_set_client */;
/*!40101 SET character_set_client = utf8 */;
CREATE TABLE `ratestreets_project_raters` (
  `id` int(11) NOT NULL AUTO_INCREMENT,
  `project_id` int(11) NOT NULL,
  `user_id` int(11) NOT NULL,
  PRIMARY KEY (`id`),
  UNIQUE KEY `project_id` (`project_id`,`user_id`),
  KEY `user_id_refs_id_cf84704e` (`user_id`)
) ENGINE=MyISAM AUTO_INCREMENT=2 DEFAULT CHARSET=latin1;
/*!40101 SET character_set_client = @saved_cs_client */;

--
-- Dumping data for table `ratestreets_project_raters`
--

LOCK TABLES `ratestreets_project_raters` WRITE;
/*!40000 ALTER TABLE `ratestreets_project_raters` DISABLE KEYS */;
INSERT INTO `ratestreets_project_raters` VALUES (1,1,2);
/*!40000 ALTER TABLE `ratestreets_project_raters` ENABLE KEYS */;
UNLOCK TABLES;

--
-- Table structure for table `ratestreets_ratingtask`
--

DROP TABLE IF EXISTS `ratestreets_ratingtask`;
/*!40101 SET @saved_cs_client     = @@character_set_client */;
/*!40101 SET character_set_client = utf8 */;
CREATE TABLE `ratestreets_ratingtask` (
  `id` int(11) NOT NULL AUTO_INCREMENT,
  `user_id` int(11) NOT NULL,
  `segment_id` int(11) NOT NULL,
  `module_id` int(11) NOT NULL,
  `created_at` datetime NOT NULL,
  `updated_at` datetime NOT NULL,
  `first_prompted_at` datetime DEFAULT NULL,
  `completed_at` datetime DEFAULT NULL,
  PRIMARY KEY (`id`),
  UNIQUE KEY `user_id` (`user_id`,`segment_id`,`module_id`),
  KEY `ratestreets_ratingtask_fbfc09f1` (`user_id`),
  KEY `ratestreets_ratingtask_c29afce8` (`segment_id`),
  KEY `ratestreets_ratingtask_f53ed95e` (`module_id`)
) ENGINE=MyISAM AUTO_INCREMENT=596 DEFAULT CHARSET=latin1;
/*!40101 SET character_set_client = @saved_cs_client */;

--
-- Dumping data for table `ratestreets_ratingtask`
--

LOCK TABLES `ratestreets_ratingtask` WRITE;
/*!40000 ALTER TABLE `ratestreets_ratingtask` DISABLE KEYS */;
INSERT INTO `ratestreets_ratingtask` VALUES (1,2,1,1,'2011-03-02 14:32:41','2011-03-23 17:44:49',NULL,'2011-03-23 17:44:49'),(2,2,2,1,'2011-03-02 14:32:41','2011-03-02 14:32:41',NULL,NULL),(3,2,3,1,'2011-03-02 14:32:41','2011-03-02 15:24:19',NULL,'2011-03-02 15:24:19'),(4,2,4,1,'2011-03-02 14:32:41','2011-03-02 14:33:44',NULL,'2011-03-02 14:33:44'),(5,2,5,1,'2011-03-02 14:32:41','2011-03-03 13:02:31',NULL,'2011-03-03 13:02:31'),(6,2,6,1,'2011-03-02 14:32:41','2011-03-02 14:32:41',NULL,NULL),(7,2,7,1,'2011-03-02 14:32:41','2011-03-02 14:32:41',NULL,NULL),(8,2,8,1,'2011-03-02 14:32:41','2011-03-02 14:32:41',NULL,NULL),(9,2,9,1,'2011-03-02 14:32:41','2011-03-02 14:32:41',NULL,NULL),(10,2,10,1,'2011-03-02 14:32:41','2011-03-02 14:32:41',NULL,NULL),(11,2,11,1,'2011-03-02 14:32:41','2011-03-02 14:32:41',NULL,NULL),(12,2,12,1,'2011-03-02 14:32:41','2011-03-02 14:32:41',NULL,NULL),(13,2,13,1,'2011-03-02 14:32:41','2011-03-02 14:32:41',NULL,NULL),(14,2,14,1,'2011-03-02 14:32:42','2011-03-02 14:32:42',NULL,NULL),(15,2,15,1,'2011-03-02 14:32:42','2011-03-02 14:32:42',NULL,NULL),(16,2,16,1,'2011-03-02 14:32:42','2011-03-02 14:32:42',NULL,NULL),(17,2,17,1,'2011-03-02 14:32:42','2011-03-02 14:32:42',NULL,NULL),(18,2,18,1,'2011-03-02 14:32:42','2011-03-02 14:32:42',NULL,NULL),(19,2,19,1,'2011-03-02 14:32:42','2011-03-02 14:32:42',NULL,NULL),(20,2,20,1,'2011-03-02 14:32:42','2011-03-02 14:32:42',NULL,NULL),(21,2,1,2,'2011-03-02 14:32:42','2011-03-04 12:01:53',NULL,'2011-03-04 12:01:53'),(22,2,2,2,'2011-03-02 14:32:42','2011-03-02 14:32:42',NULL,NULL),(23,2,3,2,'2011-03-02 14:32:42','2011-03-02 15:25:24',NULL,'2011-03-02 15:25:24'),(24,2,4,2,'2011-03-02 14:32:42','2011-03-02 14:35:57',NULL,'2011-03-02 14:35:57'),(25,2,5,2,'2011-03-02 14:32:42','2011-03-03 13:03:40',NULL,'2011-03-03 13:03:40'),(26,2,6,2,'2011-03-02 14:32:42','2011-03-02 14:32:42',NULL,NULL),(27,2,7,2,'2011-03-02 14:32:42','2011-03-02 14:32:42',NULL,NULL),(28,2,8,2,'2011-03-02 14:32:42','2011-03-02 14:32:42',NULL,NULL),(29,2,9,2,'2011-03-02 14:32:42','2011-03-02 14:32:42',NULL,NULL),(30,2,10,2,'2011-03-02 14:32:42','2011-03-02 14:32:42',NULL,NULL),(31,2,11,2,'2011-03-02 14:32:42','2011-03-02 14:32:42',NULL,NULL),(32,2,12,2,'2011-03-02 14:32:42','2011-03-02 14:32:42',NULL,NULL),(33,2,13,2,'2011-03-02 14:32:42','2011-03-02 14:32:42',NULL,NULL),(34,2,14,2,'2011-03-02 14:32:42','2011-03-02 14:32:42',NULL,NULL),(35,2,15,2,'2011-03-02 14:32:42','2011-03-02 14:32:42',NULL,NULL),(36,2,16,2,'2011-03-02 14:32:42','2011-03-02 14:32:42',NULL,NULL),(37,2,17,2,'2011-03-02 14:32:42','2011-03-02 14:32:42',NULL,NULL),(38,2,18,2,'2011-03-02 14:32:42','2011-03-02 14:32:42',NULL,NULL),(39,2,19,2,'2011-03-02 14:32:42','2011-03-02 14:32:42',NULL,NULL),(40,2,20,2,'2011-03-02 14:32:42','2011-03-02 14:32:42',NULL,NULL),(41,2,1,3,'2011-03-02 14:32:42','2011-03-04 09:59:58',NULL,'2011-03-04 09:59:58'),(42,2,2,3,'2011-03-02 14:32:42','2011-03-02 14:32:42',NULL,NULL),(43,2,3,3,'2011-03-02 14:32:42','2011-03-02 15:25:31',NULL,'2011-03-02 15:25:31'),(44,2,4,3,'2011-03-02 14:32:42','2011-03-02 14:36:09',NULL,'2011-03-02 14:36:09'),(45,2,5,3,'2011-03-02 14:32:42','2011-03-03 13:03:47',NULL,'2011-03-03 13:03:47'),(46,2,6,3,'2011-03-02 14:32:42','2011-03-02 14:32:42',NULL,NULL),(47,2,7,3,'2011-03-02 14:32:42','2011-03-02 14:32:42',NULL,NULL),(48,2,8,3,'2011-03-02 14:32:42','2011-03-02 14:32:42',NULL,NULL),(49,2,9,3,'2011-03-02 14:32:42','2011-03-02 14:32:42',NULL,NULL),(50,2,10,3,'2011-03-02 14:32:42','2011-03-02 14:32:42',NULL,NULL),(51,2,11,3,'2011-03-02 14:32:42','2011-03-02 14:32:42',NULL,NULL),(52,2,12,3,'2011-03-02 14:32:42','2011-03-02 14:32:42',NULL,NULL),(53,2,13,3,'2011-03-02 14:32:42','2011-03-02 14:32:42',NULL,NULL),(54,2,14,3,'2011-03-02 14:32:42','2011-03-02 14:32:42',NULL,NULL),(55,2,15,3,'2011-03-02 14:32:42','2011-03-02 14:32:42',NULL,NULL),(56,2,16,3,'2011-03-02 14:32:42','2011-03-02 14:32:42',NULL,NULL),(57,2,17,3,'2011-03-02 14:32:42','2011-03-02 14:32:42',NULL,NULL),(58,2,18,3,'2011-03-02 14:32:42','2011-03-02 14:32:42',NULL,NULL),(59,2,19,3,'2011-03-02 14:32:42','2011-03-02 14:32:42',NULL,NULL),(60,2,20,3,'2011-03-02 14:32:42','2011-03-02 14:32:42',NULL,NULL),(61,2,1,4,'2011-03-02 14:32:42','2011-03-02 17:42:42',NULL,'2011-03-02 17:42:42'),(62,2,2,4,'2011-03-02 14:32:42','2011-03-02 14:32:42',NULL,NULL),(63,2,3,4,'2011-03-02 14:32:42','2011-03-02 15:32:31',NULL,'2011-03-02 15:32:31'),(64,2,4,4,'2011-03-02 14:32:42','2011-03-02 14:37:59',NULL,'2011-03-02 14:37:59'),(65,2,5,4,'2011-03-02 14:32:42','2011-03-03 13:05:13',NULL,'2011-03-03 13:05:13'),(66,2,6,4,'2011-03-02 14:32:42','2011-03-02 14:32:42',NULL,NULL),(67,2,7,4,'2011-03-02 14:32:42','2011-03-02 14:32:42',NULL,NULL),(68,2,8,4,'2011-03-02 14:32:42','2011-03-02 14:32:42',NULL,NULL),(69,2,9,4,'2011-03-02 14:32:42','2011-03-02 14:32:42',NULL,NULL),(70,2,10,4,'2011-03-02 14:32:42','2011-03-02 14:32:42',NULL,NULL),(71,2,11,4,'2011-03-02 14:32:42','2011-03-02 14:32:42',NULL,NULL),(72,2,12,4,'2011-03-02 14:32:42','2011-03-02 14:32:42',NULL,NULL),(73,2,13,4,'2011-03-02 14:32:42','2011-03-02 14:32:42',NULL,NULL),(74,2,14,4,'2011-03-02 14:32:42','2011-03-02 14:32:42',NULL,NULL),(75,2,15,4,'2011-03-02 14:32:42','2011-03-02 14:32:42',NULL,NULL),(76,2,16,4,'2011-03-02 14:32:42','2011-03-02 14:32:42',NULL,NULL),(77,2,17,4,'2011-03-02 14:32:42','2011-03-02 14:32:42',NULL,NULL),(78,2,18,4,'2011-03-02 14:32:42','2011-03-02 14:32:42',NULL,NULL),(79,2,19,4,'2011-03-02 14:32:42','2011-03-02 14:32:42',NULL,NULL),(80,2,20,4,'2011-03-02 14:32:42','2011-03-02 14:32:42',NULL,NULL),(81,2,1,5,'2011-03-02 14:32:42','2011-03-04 09:23:20',NULL,'2011-03-04 09:23:20'),(82,2,2,5,'2011-03-02 14:32:42','2011-03-02 14:32:42',NULL,NULL),(83,2,3,5,'2011-03-02 14:32:42','2011-03-02 15:33:03',NULL,'2011-03-02 15:33:03'),(84,2,4,5,'2011-03-02 14:32:42','2011-03-02 14:38:58',NULL,'2011-03-02 14:38:58'),(85,2,5,5,'2011-03-02 14:32:42','2011-03-03 13:05:44',NULL,'2011-03-03 13:05:44'),(86,2,6,5,'2011-03-02 14:32:42','2011-03-02 14:32:42',NULL,NULL),(87,2,7,5,'2011-03-02 14:32:42','2011-03-02 14:32:42',NULL,NULL),(88,2,8,5,'2011-03-02 14:32:42','2011-03-02 14:32:42',NULL,NULL),(89,2,9,5,'2011-03-02 14:32:42','2011-03-02 14:32:42',NULL,NULL),(90,2,10,5,'2011-03-02 14:32:42','2011-03-02 14:32:42',NULL,NULL),(91,2,11,5,'2011-03-02 14:32:42','2011-03-02 14:32:42',NULL,NULL),(92,2,12,5,'2011-03-02 14:32:42','2011-03-02 14:32:42',NULL,NULL),(93,2,13,5,'2011-03-02 14:32:42','2011-03-02 14:32:42',NULL,NULL),(94,2,14,5,'2011-03-02 14:32:42','2011-03-02 14:32:42',NULL,NULL),(95,2,15,5,'2011-03-02 14:32:42','2011-03-02 14:32:42',NULL,NULL),(96,2,16,5,'2011-03-02 14:32:42','2011-03-02 14:32:42',NULL,NULL),(97,2,17,5,'2011-03-02 14:32:42','2011-03-02 14:32:42',NULL,NULL),(98,2,18,5,'2011-03-02 14:32:42','2011-03-02 14:32:42',NULL,NULL),(99,2,19,5,'2011-03-02 14:32:42','2011-03-02 14:32:42',NULL,NULL),(100,2,20,5,'2011-03-02 14:32:42','2011-03-02 14:32:42',NULL,NULL),(101,2,1,6,'2011-03-02 14:32:42','2011-03-23 17:51:47',NULL,'2011-03-23 17:51:47'),(102,2,2,6,'2011-03-02 14:32:42','2011-03-02 14:32:42',NULL,NULL),(103,2,3,6,'2011-03-02 14:32:42','2011-03-02 15:40:22',NULL,'2011-03-02 15:40:22'),(104,2,4,6,'2011-03-02 14:32:42','2011-03-02 14:41:58',NULL,'2011-03-02 14:41:58'),(105,2,5,6,'2011-03-02 14:32:42','2011-03-03 13:07:23',NULL,'2011-03-03 13:07:23'),(106,2,6,6,'2011-03-02 14:32:42','2011-03-02 14:32:42',NULL,NULL),(107,2,7,6,'2011-03-02 14:32:42','2011-03-02 14:32:42',NULL,NULL),(108,2,8,6,'2011-03-02 14:32:42','2011-03-02 14:32:42',NULL,NULL),(109,2,9,6,'2011-03-02 14:32:42','2011-03-02 14:32:42',NULL,NULL),(110,2,10,6,'2011-03-02 14:32:42','2011-03-02 14:32:42',NULL,NULL),(111,2,11,6,'2011-03-02 14:32:42','2011-03-02 14:32:42',NULL,NULL),(112,2,12,6,'2011-03-02 14:32:42','2011-03-02 14:32:42',NULL,NULL),(113,2,13,6,'2011-03-02 14:32:42','2011-03-02 14:32:42',NULL,NULL),(114,2,14,6,'2011-03-02 14:32:42','2011-03-02 14:32:42',NULL,NULL),(115,2,15,6,'2011-03-02 14:32:42','2011-03-02 14:32:42',NULL,NULL),(116,2,16,6,'2011-03-02 14:32:42','2011-03-02 14:32:42',NULL,NULL),(117,2,17,6,'2011-03-02 14:32:42','2011-03-02 14:32:42',NULL,NULL),(118,2,18,6,'2011-03-02 14:32:42','2011-03-02 14:32:42',NULL,NULL),(119,2,19,6,'2011-03-02 14:32:42','2011-03-02 14:32:42',NULL,NULL),(120,2,20,6,'2011-03-02 14:32:42','2011-03-02 14:32:42',NULL,NULL),(121,2,1,7,'2011-03-02 14:32:42','2011-03-02 14:32:42',NULL,NULL),(122,2,2,7,'2011-03-02 14:32:42','2011-03-02 14:32:42',NULL,NULL),(123,2,3,7,'2011-03-02 14:32:42','2011-03-02 15:44:14',NULL,'2011-03-02 15:44:14'),(124,2,4,7,'2011-03-02 14:32:42','2011-03-02 14:46:04',NULL,'2011-03-02 14:46:04'),(125,2,5,7,'2011-03-02 14:32:42','2011-03-03 13:10:49',NULL,'2011-03-03 13:10:49'),(126,2,6,7,'2011-03-02 14:32:42','2011-03-02 14:32:42',NULL,NULL),(127,2,7,7,'2011-03-02 14:32:42','2011-03-02 14:32:42',NULL,NULL),(128,2,8,7,'2011-03-02 14:32:42','2011-03-02 14:32:42',NULL,NULL),(129,2,9,7,'2011-03-02 14:32:42','2011-03-02 14:32:42',NULL,NULL),(130,2,10,7,'2011-03-02 14:32:42','2011-03-02 14:32:42',NULL,NULL),(131,2,11,7,'2011-03-02 14:32:42','2011-03-02 14:32:42',NULL,NULL),(132,2,12,7,'2011-03-02 14:32:42','2011-03-02 14:32:42',NULL,NULL),(133,2,13,7,'2011-03-02 14:32:42','2011-03-02 14:32:42',NULL,NULL),(134,2,14,7,'2011-03-02 14:32:42','2011-03-02 14:32:42',NULL,NULL),(135,2,15,7,'2011-03-02 14:32:42','2011-03-02 14:32:42',NULL,NULL),(136,2,16,7,'2011-03-02 14:32:42','2011-03-02 14:32:42',NULL,NULL),(137,2,17,7,'2011-03-02 14:32:42','2011-03-02 14:32:42',NULL,NULL),(138,2,18,7,'2011-03-02 14:32:42','2011-03-02 14:32:42',NULL,NULL),(139,2,19,7,'2011-03-02 14:32:42','2011-03-02 14:32:42',NULL,NULL),(140,2,20,7,'2011-03-02 14:32:42','2011-03-02 14:32:42',NULL,NULL),(141,1,1,1,'2011-03-04 09:20:27','2011-03-04 09:20:27',NULL,NULL),(142,1,2,1,'2011-03-04 09:20:27','2011-03-04 09:20:27',NULL,NULL),(143,1,3,1,'2011-03-04 09:20:27','2011-03-04 09:20:27',NULL,NULL),(144,1,4,1,'2011-03-04 09:20:27','2011-03-04 09:20:27',NULL,NULL),(145,1,5,1,'2011-03-04 09:20:27','2011-03-04 09:20:27',NULL,NULL),(146,1,6,1,'2011-03-04 09:20:27','2011-03-04 09:20:27',NULL,NULL),(147,1,7,1,'2011-03-04 09:20:27','2011-03-04 09:20:27',NULL,NULL),(148,1,8,1,'2011-03-04 09:20:27','2011-03-04 09:20:27',NULL,NULL),(149,1,9,1,'2011-03-04 09:20:27','2011-03-04 09:20:27',NULL,NULL),(150,1,10,1,'2011-03-04 09:20:27','2011-03-04 09:20:27',NULL,NULL),(151,1,11,1,'2011-03-04 09:20:27','2011-03-04 09:20:27',NULL,NULL),(152,1,12,1,'2011-03-04 09:20:27','2011-03-04 09:20:27',NULL,NULL),(153,1,13,1,'2011-03-04 09:20:27','2011-03-04 09:20:27',NULL,NULL),(154,1,14,1,'2011-03-04 09:20:27','2011-03-04 09:20:27',NULL,NULL),(155,1,15,1,'2011-03-04 09:20:27','2011-03-04 09:20:27',NULL,NULL),(156,1,16,1,'2011-03-04 09:20:27','2011-03-04 09:20:27',NULL,NULL),(157,1,17,1,'2011-03-04 09:20:27','2011-03-04 09:20:27',NULL,NULL),(158,1,18,1,'2011-03-04 09:20:27','2011-03-04 09:20:27',NULL,NULL),(159,1,19,1,'2011-03-04 09:20:27','2011-03-04 09:20:27',NULL,NULL),(160,1,20,1,'2011-03-04 09:20:27','2011-03-04 09:20:27',NULL,NULL),(161,1,1,2,'2011-03-04 09:20:27','2011-03-04 09:20:27',NULL,NULL),(162,1,2,2,'2011-03-04 09:20:27','2011-03-04 09:20:27',NULL,NULL),(163,1,3,2,'2011-03-04 09:20:27','2011-03-04 09:20:27',NULL,NULL),(164,1,4,2,'2011-03-04 09:20:27','2011-03-04 09:20:27',NULL,NULL),(165,1,5,2,'2011-03-04 09:20:27','2011-03-04 09:20:27',NULL,NULL),(166,1,6,2,'2011-03-04 09:20:27','2011-03-04 09:20:27',NULL,NULL),(167,1,7,2,'2011-03-04 09:20:27','2011-03-04 09:20:27',NULL,NULL),(168,1,8,2,'2011-03-04 09:20:27','2011-03-04 09:20:27',NULL,NULL),(169,1,9,2,'2011-03-04 09:20:27','2011-03-04 09:20:27',NULL,NULL),(170,1,10,2,'2011-03-04 09:20:27','2011-03-04 09:20:27',NULL,NULL),(171,1,11,2,'2011-03-04 09:20:27','2011-03-04 09:20:27',NULL,NULL),(172,1,12,2,'2011-03-04 09:20:27','2011-03-04 09:20:27',NULL,NULL),(173,1,13,2,'2011-03-04 09:20:27','2011-03-04 09:20:27',NULL,NULL),(174,1,14,2,'2011-03-04 09:20:27','2011-03-04 09:20:27',NULL,NULL),(175,1,15,2,'2011-03-04 09:20:27','2011-03-04 09:20:27',NULL,NULL),(176,1,16,2,'2011-03-04 09:20:27','2011-03-04 09:20:27',NULL,NULL),(177,1,17,2,'2011-03-04 09:20:27','2011-03-04 09:20:27',NULL,NULL),(178,1,18,2,'2011-03-04 09:20:27','2011-03-04 09:20:27',NULL,NULL),(179,1,19,2,'2011-03-04 09:20:27','2011-03-04 09:20:27',NULL,NULL),(180,1,20,2,'2011-03-04 09:20:27','2011-03-04 09:20:27',NULL,NULL),(181,1,1,3,'2011-03-04 09:20:27','2011-03-04 09:20:27',NULL,NULL),(182,1,2,3,'2011-03-04 09:20:27','2011-03-04 09:20:27',NULL,NULL),(183,1,3,3,'2011-03-04 09:20:27','2011-03-04 09:20:27',NULL,NULL),(184,1,4,3,'2011-03-04 09:20:27','2011-03-04 09:21:04',NULL,'2011-03-04 09:21:04'),(185,1,5,3,'2011-03-04 09:20:27','2011-03-04 09:20:27',NULL,NULL),(186,1,6,3,'2011-03-04 09:20:27','2011-03-04 09:20:27',NULL,NULL),(187,1,7,3,'2011-03-04 09:20:27','2011-03-04 09:20:27',NULL,NULL),(188,1,8,3,'2011-03-04 09:20:27','2011-03-04 09:20:27',NULL,NULL),(189,1,9,3,'2011-03-04 09:20:27','2011-03-04 09:20:27',NULL,NULL),(190,1,10,3,'2011-03-04 09:20:27','2011-03-04 09:20:27',NULL,NULL),(191,1,11,3,'2011-03-04 09:20:27','2011-03-04 09:20:27',NULL,NULL),(192,1,12,3,'2011-03-04 09:20:27','2011-03-04 09:20:27',NULL,NULL),(193,1,13,3,'2011-03-04 09:20:27','2011-03-04 09:20:27',NULL,NULL),(194,1,14,3,'2011-03-04 09:20:27','2011-03-04 09:20:27',NULL,NULL),(195,1,15,3,'2011-03-04 09:20:27','2011-03-04 09:20:27',NULL,NULL),(196,1,16,3,'2011-03-04 09:20:27','2011-03-04 09:20:27',NULL,NULL),(197,1,17,3,'2011-03-04 09:20:27','2011-03-04 09:20:27',NULL,NULL),(198,1,18,3,'2011-03-04 09:20:27','2011-03-04 09:20:27',NULL,NULL),(199,1,19,3,'2011-03-04 09:20:27','2011-03-04 09:20:27',NULL,NULL),(200,1,20,3,'2011-03-04 09:20:27','2011-03-04 09:20:27',NULL,NULL),(201,1,1,4,'2011-03-04 09:20:27','2011-03-04 09:20:27',NULL,NULL),(202,1,2,4,'2011-03-04 09:20:27','2011-03-04 09:20:27',NULL,NULL),(203,1,3,4,'2011-03-04 09:20:27','2011-03-04 09:20:27',NULL,NULL),(204,1,4,4,'2011-03-04 09:20:27','2011-03-04 09:20:27',NULL,NULL),(205,1,5,4,'2011-03-04 09:20:27','2011-03-04 09:20:27',NULL,NULL),(206,1,6,4,'2011-03-04 09:20:27','2011-03-04 09:20:27',NULL,NULL),(207,1,7,4,'2011-03-04 09:20:27','2011-03-04 09:20:27',NULL,NULL),(208,1,8,4,'2011-03-04 09:20:27','2011-03-04 09:20:27',NULL,NULL),(209,1,9,4,'2011-03-04 09:20:27','2011-03-04 09:20:27',NULL,NULL),(210,1,10,4,'2011-03-04 09:20:27','2011-03-04 09:20:27',NULL,NULL),(211,1,11,4,'2011-03-04 09:20:27','2011-03-04 09:20:27',NULL,NULL),(212,1,12,4,'2011-03-04 09:20:27','2011-03-04 09:20:27',NULL,NULL),(213,1,13,4,'2011-03-04 09:20:27','2011-03-04 09:20:27',NULL,NULL),(214,1,14,4,'2011-03-04 09:20:27','2011-03-04 09:20:27',NULL,NULL),(215,1,15,4,'2011-03-04 09:20:27','2011-03-04 09:20:27',NULL,NULL),(216,1,16,4,'2011-03-04 09:20:27','2011-03-04 09:20:27',NULL,NULL),(217,1,17,4,'2011-03-04 09:20:27','2011-03-04 09:20:27',NULL,NULL),(218,1,18,4,'2011-03-04 09:20:27','2011-03-04 09:20:27',NULL,NULL),(219,1,19,4,'2011-03-04 09:20:27','2011-03-04 09:20:27',NULL,NULL),(220,1,20,4,'2011-03-04 09:20:27','2011-03-04 09:20:27',NULL,NULL),(221,1,1,5,'2011-03-04 09:20:27','2011-03-04 09:20:27',NULL,NULL),(222,1,2,5,'2011-03-04 09:20:27','2011-03-04 09:20:27',NULL,NULL),(223,1,3,5,'2011-03-04 09:20:27','2011-03-04 09:20:27',NULL,NULL),(224,1,4,5,'2011-03-04 09:20:27','2011-03-04 09:20:27',NULL,NULL),(225,1,5,5,'2011-03-04 09:20:27','2011-03-04 09:20:27',NULL,NULL),(226,1,6,5,'2011-03-04 09:20:27','2011-03-04 09:20:27',NULL,NULL),(227,1,7,5,'2011-03-04 09:20:27','2011-03-04 09:20:27',NULL,NULL),(228,1,8,5,'2011-03-04 09:20:27','2011-03-04 09:20:27',NULL,NULL),(229,1,9,5,'2011-03-04 09:20:27','2011-03-04 09:20:27',NULL,NULL),(230,1,10,5,'2011-03-04 09:20:27','2011-03-04 09:20:27',NULL,NULL),(231,1,11,5,'2011-03-04 09:20:27','2011-03-04 09:20:27',NULL,NULL),(232,1,12,5,'2011-03-04 09:20:27','2011-03-04 09:20:27',NULL,NULL),(233,1,13,5,'2011-03-04 09:20:27','2011-03-04 09:20:27',NULL,NULL),(234,1,14,5,'2011-03-04 09:20:27','2011-03-04 09:20:27',NULL,NULL),(235,1,15,5,'2011-03-04 09:20:27','2011-03-04 09:20:27',NULL,NULL),(236,1,16,5,'2011-03-04 09:20:27','2011-03-04 09:20:27',NULL,NULL),(237,1,17,5,'2011-03-04 09:20:27','2011-03-04 09:20:27',NULL,NULL),(238,1,18,5,'2011-03-04 09:20:27','2011-03-04 09:20:27',NULL,NULL),(239,1,19,5,'2011-03-04 09:20:27','2011-03-04 09:20:27',NULL,NULL),(240,1,20,5,'2011-03-04 09:20:27','2011-03-04 09:20:27',NULL,NULL),(241,1,1,6,'2011-03-04 09:20:27','2011-03-04 09:20:27',NULL,NULL),(242,1,2,6,'2011-03-04 09:20:27','2011-03-04 09:20:27',NULL,NULL),(243,1,3,6,'2011-03-04 09:20:27','2011-03-04 09:20:27',NULL,NULL),(244,1,4,6,'2011-03-04 09:20:27','2011-03-04 09:20:27',NULL,NULL),(245,1,5,6,'2011-03-04 09:20:27','2011-03-04 09:20:27',NULL,NULL),(246,1,6,6,'2011-03-04 09:20:27','2011-03-04 09:20:27',NULL,NULL),(247,1,7,6,'2011-03-04 09:20:27','2011-03-04 09:20:27',NULL,NULL),(248,1,8,6,'2011-03-04 09:20:27','2011-03-04 09:20:27',NULL,NULL),(249,1,9,6,'2011-03-04 09:20:27','2011-03-04 09:20:27',NULL,NULL),(250,1,10,6,'2011-03-04 09:20:27','2011-03-04 09:20:27',NULL,NULL),(251,1,11,6,'2011-03-04 09:20:27','2011-03-04 09:20:27',NULL,NULL),(252,1,12,6,'2011-03-04 09:20:27','2011-03-04 09:20:27',NULL,NULL),(253,1,13,6,'2011-03-04 09:20:27','2011-03-04 09:20:27',NULL,NULL),(254,1,14,6,'2011-03-04 09:20:27','2011-03-04 09:20:27',NULL,NULL),(255,1,15,6,'2011-03-04 09:20:27','2011-03-04 09:20:27',NULL,NULL),(256,1,16,6,'2011-03-04 09:20:27','2011-03-04 09:20:27',NULL,NULL),(257,1,17,6,'2011-03-04 09:20:27','2011-03-04 09:20:27',NULL,NULL),(258,1,18,6,'2011-03-04 09:20:27','2011-03-04 09:20:27',NULL,NULL),(259,1,19,6,'2011-03-04 09:20:27','2011-03-04 09:20:27',NULL,NULL),(260,1,20,6,'2011-03-04 09:20:27','2011-03-04 09:20:27',NULL,NULL),(261,1,1,7,'2011-03-04 09:20:27','2011-03-04 09:20:27',NULL,NULL),(262,1,2,7,'2011-03-04 09:20:27','2011-03-04 09:20:27',NULL,NULL),(263,1,3,7,'2011-03-04 09:20:27','2011-03-04 09:20:27',NULL,NULL),(264,1,4,7,'2011-03-04 09:20:27','2011-03-04 09:20:27',NULL,NULL),(265,1,5,7,'2011-03-04 09:20:27','2011-03-04 09:20:27',NULL,NULL),(266,1,6,7,'2011-03-04 09:20:27','2011-03-04 09:20:27',NULL,NULL),(267,1,7,7,'2011-03-04 09:20:27','2011-03-04 09:20:27',NULL,NULL),(268,1,8,7,'2011-03-04 09:20:27','2011-03-04 09:20:27',NULL,NULL),(269,1,9,7,'2011-03-04 09:20:27','2011-03-04 09:20:27',NULL,NULL),(270,1,10,7,'2011-03-04 09:20:27','2011-03-04 09:20:27',NULL,NULL),(271,1,11,7,'2011-03-04 09:20:27','2011-03-04 09:20:27',NULL,NULL),(272,1,12,7,'2011-03-04 09:20:27','2011-03-04 09:20:27',NULL,NULL),(273,1,13,7,'2011-03-04 09:20:27','2011-03-04 09:20:27',NULL,NULL),(274,1,14,7,'2011-03-04 09:20:27','2011-03-04 09:20:27',NULL,NULL),(275,1,15,7,'2011-03-04 09:20:27','2011-03-04 09:20:27',NULL,NULL),(276,1,16,7,'2011-03-04 09:20:27','2011-03-04 09:20:27',NULL,NULL),(277,1,17,7,'2011-03-04 09:20:27','2011-03-04 09:20:27',NULL,NULL),(278,1,18,7,'2011-03-04 09:20:27','2011-03-04 09:20:27',NULL,NULL),(279,1,19,7,'2011-03-04 09:20:27','2011-03-04 09:20:27',NULL,NULL),(280,1,20,7,'2011-03-04 09:20:27','2011-03-04 09:20:27',NULL,NULL),(281,3,1,1,'2011-03-04 13:12:25','2011-03-04 13:12:25',NULL,NULL),(282,3,2,1,'2011-03-04 13:12:25','2011-03-04 13:12:25',NULL,NULL),(283,3,3,1,'2011-03-04 13:12:25','2011-03-04 13:12:25',NULL,NULL),(284,3,4,1,'2011-03-04 13:12:25','2011-03-04 13:12:25',NULL,NULL),(285,3,5,1,'2011-03-04 13:12:25','2011-03-04 13:12:25',NULL,NULL),(286,3,6,1,'2011-03-04 13:12:25','2011-03-04 13:12:25',NULL,NULL),(287,3,7,1,'2011-03-04 13:12:25','2011-03-04 13:12:25',NULL,NULL),(288,3,8,1,'2011-03-04 13:12:25','2011-03-04 13:12:25',NULL,NULL),(289,3,9,1,'2011-03-04 13:12:25','2011-03-04 13:12:25',NULL,NULL),(290,3,10,1,'2011-03-04 13:12:25','2011-03-04 13:12:25',NULL,NULL),(291,3,11,1,'2011-03-04 13:12:25','2011-03-04 13:12:25',NULL,NULL),(292,3,12,1,'2011-03-04 13:12:25','2011-03-04 13:12:25',NULL,NULL),(293,3,13,1,'2011-03-04 13:12:25','2011-03-04 13:12:25',NULL,NULL),(294,3,14,1,'2011-03-04 13:12:25','2011-03-04 13:12:25',NULL,NULL),(295,3,15,1,'2011-03-04 13:12:25','2011-03-04 13:12:25',NULL,NULL),(296,3,16,1,'2011-03-04 13:12:25','2011-03-04 13:12:25',NULL,NULL),(297,3,17,1,'2011-03-04 13:12:25','2011-03-04 13:12:25',NULL,NULL),(298,3,18,1,'2011-03-04 13:12:25','2011-03-04 13:12:25',NULL,NULL),(299,3,19,1,'2011-03-04 13:12:25','2011-03-04 13:12:25',NULL,NULL),(300,3,20,1,'2011-03-04 13:12:25','2011-03-04 13:12:25',NULL,NULL),(301,3,1,2,'2011-03-04 13:12:25','2011-03-04 13:12:25',NULL,NULL),(302,3,2,2,'2011-03-04 13:12:25','2011-03-04 13:12:25',NULL,NULL),(303,3,3,2,'2011-03-04 13:12:25','2011-03-04 13:12:25',NULL,NULL),(304,3,4,2,'2011-03-04 13:12:25','2011-03-04 13:12:25',NULL,NULL),(305,3,5,2,'2011-03-04 13:12:25','2011-03-04 13:12:25',NULL,NULL),(306,3,6,2,'2011-03-04 13:12:25','2011-03-04 13:12:25',NULL,NULL),(307,3,7,2,'2011-03-04 13:12:25','2011-03-04 13:12:25',NULL,NULL),(308,3,8,2,'2011-03-04 13:12:25','2011-03-04 13:12:25',NULL,NULL),(309,3,9,2,'2011-03-04 13:12:25','2011-03-04 13:12:25',NULL,NULL),(310,3,10,2,'2011-03-04 13:12:25','2011-03-04 13:12:25',NULL,NULL),(311,3,11,2,'2011-03-04 13:12:25','2011-03-04 13:12:25',NULL,NULL),(312,3,12,2,'2011-03-04 13:12:25','2011-03-04 13:12:25',NULL,NULL),(313,3,13,2,'2011-03-04 13:12:25','2011-03-04 13:12:25',NULL,NULL),(314,3,14,2,'2011-03-04 13:12:25','2011-03-04 13:12:25',NULL,NULL),(315,3,15,2,'2011-03-04 13:12:25','2011-03-04 13:12:25',NULL,NULL),(316,3,16,2,'2011-03-04 13:12:25','2011-03-04 13:12:25',NULL,NULL),(317,3,17,2,'2011-03-04 13:12:25','2011-03-04 13:12:25',NULL,NULL),(318,3,18,2,'2011-03-04 13:12:25','2011-03-04 13:12:25',NULL,NULL),(319,3,19,2,'2011-03-04 13:12:25','2011-03-04 13:12:25',NULL,NULL),(320,3,20,2,'2011-03-04 13:12:25','2011-03-04 13:12:25',NULL,NULL),(321,3,1,3,'2011-03-04 13:12:25','2011-03-04 13:12:25',NULL,NULL),(322,3,2,3,'2011-03-04 13:12:25','2011-03-04 13:12:25',NULL,NULL),(323,3,3,3,'2011-03-04 13:12:25','2011-03-04 13:12:25',NULL,NULL),(324,3,4,3,'2011-03-04 13:12:25','2011-03-04 13:12:25',NULL,NULL),(325,3,5,3,'2011-03-04 13:12:25','2011-03-04 13:12:25',NULL,NULL),(326,3,6,3,'2011-03-04 13:12:25','2011-03-04 13:12:25',NULL,NULL),(327,3,7,3,'2011-03-04 13:12:25','2011-03-04 13:12:25',NULL,NULL),(328,3,8,3,'2011-03-04 13:12:25','2011-03-04 13:12:25',NULL,NULL),(329,3,9,3,'2011-03-04 13:12:25','2011-03-04 13:12:25',NULL,NULL),(330,3,10,3,'2011-03-04 13:12:25','2011-03-04 13:12:25',NULL,NULL),(331,3,11,3,'2011-03-04 13:12:25','2011-03-04 13:12:25',NULL,NULL),(332,3,12,3,'2011-03-04 13:12:25','2011-03-04 13:12:25',NULL,NULL),(333,3,13,3,'2011-03-04 13:12:25','2011-03-04 13:12:25',NULL,NULL),(334,3,14,3,'2011-03-04 13:12:25','2011-03-04 13:12:25',NULL,NULL),(335,3,15,3,'2011-03-04 13:12:25','2011-03-04 13:12:25',NULL,NULL),(336,3,16,3,'2011-03-04 13:12:25','2011-03-04 13:12:25',NULL,NULL),(337,3,17,3,'2011-03-04 13:12:25','2011-03-04 13:12:25',NULL,NULL),(338,3,18,3,'2011-03-04 13:12:25','2011-03-04 13:12:25',NULL,NULL),(339,3,19,3,'2011-03-04 13:12:25','2011-03-04 13:12:25',NULL,NULL),(340,3,20,3,'2011-03-04 13:12:25','2011-03-04 13:12:25',NULL,NULL),(341,3,1,4,'2011-03-04 13:12:25','2011-03-04 13:12:25',NULL,NULL),(342,3,2,4,'2011-03-04 13:12:25','2011-03-04 13:12:25',NULL,NULL),(343,3,3,4,'2011-03-04 13:12:25','2011-03-04 13:12:25',NULL,NULL),(344,3,4,4,'2011-03-04 13:12:25','2011-03-04 13:12:25',NULL,NULL),(345,3,5,4,'2011-03-04 13:12:25','2011-03-04 13:12:25',NULL,NULL),(346,3,6,4,'2011-03-04 13:12:25','2011-03-04 13:12:25',NULL,NULL),(347,3,7,4,'2011-03-04 13:12:25','2011-03-04 13:12:25',NULL,NULL),(348,3,8,4,'2011-03-04 13:12:25','2011-03-04 13:12:25',NULL,NULL),(349,3,9,4,'2011-03-04 13:12:25','2011-03-04 13:12:25',NULL,NULL),(350,3,10,4,'2011-03-04 13:12:25','2011-03-04 13:12:25',NULL,NULL),(351,3,11,4,'2011-03-04 13:12:25','2011-03-04 13:12:25',NULL,NULL),(352,3,12,4,'2011-03-04 13:12:25','2011-03-04 13:12:25',NULL,NULL),(353,3,13,4,'2011-03-04 13:12:25','2011-03-04 13:12:25',NULL,NULL),(354,3,14,4,'2011-03-04 13:12:25','2011-03-04 13:12:25',NULL,NULL),(355,3,15,4,'2011-03-04 13:12:25','2011-03-04 13:12:25',NULL,NULL),(356,3,16,4,'2011-03-04 13:12:25','2011-03-04 13:12:25',NULL,NULL),(357,3,17,4,'2011-03-04 13:12:25','2011-03-04 13:12:25',NULL,NULL),(358,3,18,4,'2011-03-04 13:12:25','2011-03-04 13:12:25',NULL,NULL),(359,3,19,4,'2011-03-04 13:12:25','2011-03-04 13:12:25',NULL,NULL),(360,3,20,4,'2011-03-04 13:12:25','2011-03-04 13:12:25',NULL,NULL),(361,3,1,5,'2011-03-04 13:12:25','2011-03-04 13:12:25',NULL,NULL),(362,3,2,5,'2011-03-04 13:12:25','2011-03-04 13:12:25',NULL,NULL),(363,3,3,5,'2011-03-04 13:12:25','2011-03-04 13:12:25',NULL,NULL),(364,3,4,5,'2011-03-04 13:12:25','2011-03-04 13:12:25',NULL,NULL),(365,3,5,5,'2011-03-04 13:12:25','2011-03-04 13:12:25',NULL,NULL),(366,3,6,5,'2011-03-04 13:12:25','2011-03-04 13:12:25',NULL,NULL),(367,3,7,5,'2011-03-04 13:12:25','2011-03-04 13:12:25',NULL,NULL),(368,3,8,5,'2011-03-04 13:12:25','2011-03-04 13:12:25',NULL,NULL),(369,3,9,5,'2011-03-04 13:12:25','2011-03-04 13:12:25',NULL,NULL),(370,3,10,5,'2011-03-04 13:12:25','2011-03-04 13:12:25',NULL,NULL),(371,3,11,5,'2011-03-04 13:12:25','2011-03-04 13:12:25',NULL,NULL),(372,3,12,5,'2011-03-04 13:12:25','2011-03-04 13:12:25',NULL,NULL),(373,3,13,5,'2011-03-04 13:12:25','2011-03-04 13:12:25',NULL,NULL),(374,3,14,5,'2011-03-04 13:12:25','2011-03-04 13:12:25',NULL,NULL),(375,3,15,5,'2011-03-04 13:12:25','2011-03-04 13:12:25',NULL,NULL),(376,3,16,5,'2011-03-04 13:12:25','2011-03-04 13:12:25',NULL,NULL),(377,3,17,5,'2011-03-04 13:12:25','2011-03-04 13:12:25',NULL,NULL),(378,3,18,5,'2011-03-04 13:12:25','2011-03-04 13:12:25',NULL,NULL),(379,3,19,5,'2011-03-04 13:12:25','2011-03-04 13:12:25',NULL,NULL),(380,3,20,5,'2011-03-04 13:12:25','2011-03-04 13:12:25',NULL,NULL),(381,3,1,6,'2011-03-04 13:12:25','2011-03-04 13:12:25',NULL,NULL),(382,3,2,6,'2011-03-04 13:12:25','2011-03-04 13:12:25',NULL,NULL),(383,3,3,6,'2011-03-04 13:12:25','2011-03-04 13:12:25',NULL,NULL),(384,3,4,6,'2011-03-04 13:12:25','2011-03-04 13:12:25',NULL,NULL),(385,3,5,6,'2011-03-04 13:12:25','2011-03-04 13:12:25',NULL,NULL),(386,3,6,6,'2011-03-04 13:12:25','2011-03-04 13:12:25',NULL,NULL),(387,3,7,6,'2011-03-04 13:12:25','2011-03-04 13:12:25',NULL,NULL),(388,3,8,6,'2011-03-04 13:12:25','2011-03-04 13:12:25',NULL,NULL),(389,3,9,6,'2011-03-04 13:12:25','2011-03-04 13:12:25',NULL,NULL),(390,3,10,6,'2011-03-04 13:12:25','2011-03-04 13:12:25',NULL,NULL),(391,3,11,6,'2011-03-04 13:12:25','2011-03-04 13:12:25',NULL,NULL),(392,3,12,6,'2011-03-04 13:12:25','2011-03-04 13:12:25',NULL,NULL),(393,3,13,6,'2011-03-04 13:12:25','2011-03-04 13:12:25',NULL,NULL),(394,3,14,6,'2011-03-04 13:12:25','2011-03-04 13:12:25',NULL,NULL),(395,3,15,6,'2011-03-04 13:12:25','2011-03-04 13:12:25',NULL,NULL),(396,3,16,6,'2011-03-04 13:12:25','2011-03-04 13:12:25',NULL,NULL),(397,3,17,6,'2011-03-04 13:12:25','2011-03-04 13:12:25',NULL,NULL),(398,3,18,6,'2011-03-04 13:12:25','2011-03-04 13:12:25',NULL,NULL),(399,3,19,6,'2011-03-04 13:12:25','2011-03-04 13:12:25',NULL,NULL),(400,3,20,6,'2011-03-04 13:12:25','2011-03-04 13:12:25',NULL,NULL),(401,3,1,7,'2011-03-04 13:12:25','2011-03-04 13:12:25',NULL,NULL),(402,3,2,7,'2011-03-04 13:12:25','2011-03-04 13:12:25',NULL,NULL),(403,3,3,7,'2011-03-04 13:12:25','2011-03-04 13:12:25',NULL,NULL),(404,3,4,7,'2011-03-04 13:12:25','2011-03-04 13:12:25',NULL,NULL),(405,3,5,7,'2011-03-04 13:12:25','2011-03-04 13:12:25',NULL,NULL),(406,3,6,7,'2011-03-04 13:12:25','2011-03-04 13:12:25',NULL,NULL),(407,3,7,7,'2011-03-04 13:12:25','2011-03-04 13:12:25',NULL,NULL),(408,3,8,7,'2011-03-04 13:12:25','2011-03-04 13:12:25',NULL,NULL),(409,3,9,7,'2011-03-04 13:12:25','2011-03-04 13:12:25',NULL,NULL),(410,3,10,7,'2011-03-04 13:12:25','2011-03-04 13:12:25',NULL,NULL),(411,3,11,7,'2011-03-04 13:12:25','2011-03-04 13:12:25',NULL,NULL),(412,3,12,7,'2011-03-04 13:12:25','2011-03-04 13:12:25',NULL,NULL),(413,3,13,7,'2011-03-04 13:12:25','2011-03-04 13:12:25',NULL,NULL),(414,3,14,7,'2011-03-04 13:12:25','2011-03-04 13:12:25',NULL,NULL),(415,3,15,7,'2011-03-04 13:12:25','2011-03-04 13:12:25',NULL,NULL),(416,3,16,7,'2011-03-04 13:12:25','2011-03-04 13:12:25',NULL,NULL),(417,3,17,7,'2011-03-04 13:12:25','2011-03-04 13:12:25',NULL,NULL),(418,3,18,7,'2011-03-04 13:12:25','2011-03-04 13:12:25',NULL,NULL),(419,3,19,7,'2011-03-04 13:12:25','2011-03-04 13:12:25',NULL,NULL),(420,3,20,7,'2011-03-04 13:12:25','2011-03-04 13:12:25',NULL,NULL),(421,4,21,1,'2011-03-04 22:41:20','2011-03-09 15:33:42',NULL,'2011-03-09 15:33:42'),(422,4,22,1,'2011-03-04 22:41:20','2011-03-21 13:23:08',NULL,'2011-03-21 13:23:08'),(423,4,23,1,'2011-03-04 22:41:20','2011-03-21 13:42:12',NULL,'2011-03-21 13:42:12'),(424,4,24,1,'2011-03-04 22:41:20','2011-03-21 13:56:20',NULL,'2011-03-21 13:56:20'),(425,4,25,1,'2011-03-04 22:41:20','2011-03-21 14:08:53',NULL,'2011-03-21 14:08:53'),(426,4,21,2,'2011-03-04 22:41:20','2011-03-21 12:53:04',NULL,'2011-03-21 12:53:04'),(427,4,22,2,'2011-03-04 22:41:20','2011-03-21 13:26:19',NULL,'2011-03-21 13:26:19'),(428,4,23,2,'2011-03-04 22:41:20','2011-03-21 13:44:36',NULL,'2011-03-21 13:44:36'),(429,4,24,2,'2011-03-04 22:41:20','2011-03-21 13:57:28',NULL,'2011-03-21 13:57:28'),(430,4,25,2,'2011-03-04 22:41:20','2011-03-21 14:10:19',NULL,'2011-03-21 14:10:19'),(431,4,21,3,'2011-03-04 22:41:20','2011-03-21 12:53:59',NULL,'2011-03-21 12:53:59'),(432,4,22,3,'2011-03-04 22:41:20','2011-03-21 13:26:27',NULL,'2011-03-21 13:26:27'),(433,4,23,3,'2011-03-04 22:41:20','2011-03-21 13:44:44',NULL,'2011-03-21 13:44:44'),(434,4,24,3,'2011-03-04 22:41:20','2011-03-21 13:57:35',NULL,'2011-03-21 13:57:35'),(435,4,25,3,'2011-03-04 22:41:20','2011-03-21 14:10:26',NULL,'2011-03-21 14:10:26'),(436,4,21,4,'2011-03-04 22:41:20','2011-03-21 12:55:34',NULL,'2011-03-21 12:55:34'),(437,4,22,4,'2011-03-04 22:41:20','2011-03-21 13:28:45',NULL,'2011-03-21 13:28:45'),(438,4,23,4,'2011-03-04 22:41:20','2011-03-21 13:46:06',NULL,'2011-03-21 13:46:06'),(439,4,24,4,'2011-03-04 22:41:20','2011-03-21 13:59:39',NULL,'2011-03-21 13:59:39'),(440,4,25,4,'2011-03-04 22:41:20','2011-03-21 14:12:51',NULL,'2011-03-21 14:12:51'),(441,4,21,5,'2011-03-04 22:41:20','2011-03-21 12:56:20',NULL,'2011-03-21 12:56:20'),(442,4,22,5,'2011-03-04 22:41:20','2011-03-21 13:29:54',NULL,'2011-03-21 13:29:54'),(443,4,23,5,'2011-03-04 22:41:20','2011-03-21 13:46:58',NULL,'2011-03-21 13:46:58'),(444,4,24,5,'2011-03-04 22:41:20','2011-03-21 14:00:29',NULL,'2011-03-21 14:00:29'),(445,4,25,5,'2011-03-04 22:41:20','2011-03-21 14:13:35',NULL,'2011-03-21 14:13:35'),(446,4,21,6,'2011-03-04 22:41:20','2011-03-21 12:59:25',NULL,'2011-03-21 12:59:25'),(447,4,22,6,'2011-03-04 22:41:20','2011-03-21 13:33:21',NULL,'2011-03-21 13:33:21'),(448,4,23,6,'2011-03-04 22:41:20','2011-03-21 13:49:05',NULL,'2011-03-21 13:49:05'),(449,4,24,6,'2011-03-04 22:41:20','2011-03-21 14:02:29',NULL,'2011-03-21 14:02:29'),(450,4,25,6,'2011-03-04 22:41:20','2011-03-21 14:15:38',NULL,'2011-03-21 14:15:38'),(451,4,21,7,'2011-03-04 22:41:20','2011-03-21 13:20:12',NULL,'2011-03-21 13:20:12'),(452,4,22,7,'2011-03-04 22:41:20','2011-03-21 13:39:37',NULL,'2011-03-21 13:39:37'),(453,4,23,7,'2011-03-04 22:41:20','2011-03-21 13:53:44',NULL,'2011-03-21 13:53:44'),(454,4,24,7,'2011-03-04 22:41:20','2011-03-21 14:06:20',NULL,'2011-03-21 14:06:20'),(455,4,25,7,'2011-03-04 22:41:20','2011-03-21 14:20:27',NULL,'2011-03-21 14:20:27'),(456,5,21,1,'2011-03-04 22:41:20','2011-03-10 10:46:20',NULL,'2011-03-10 10:46:20'),(457,5,22,1,'2011-03-04 22:41:20','2011-03-10 12:50:03',NULL,'2011-03-10 12:50:03'),(458,5,23,1,'2011-03-04 22:41:20','2011-03-10 15:23:45',NULL,'2011-03-10 15:23:45'),(459,5,24,1,'2011-03-04 22:41:20','2011-03-10 15:42:22',NULL,'2011-03-10 15:42:22'),(460,5,25,1,'2011-03-04 22:41:20','2011-03-04 22:41:20',NULL,NULL),(461,5,21,2,'2011-03-04 22:41:20','2011-03-10 10:49:19',NULL,'2011-03-10 10:49:19'),(462,5,22,2,'2011-03-04 22:41:20','2011-03-10 12:53:46',NULL,'2011-03-10 12:53:46'),(463,5,23,2,'2011-03-04 22:41:20','2011-03-10 15:26:04',NULL,'2011-03-10 15:26:04'),(464,5,24,2,'2011-03-04 22:41:20','2011-03-10 15:43:44',NULL,'2011-03-10 15:43:44'),(465,5,25,2,'2011-03-04 22:41:20','2011-03-04 22:41:20',NULL,NULL),(466,5,21,3,'2011-03-04 22:41:20','2011-03-10 10:49:36',NULL,'2011-03-10 10:49:36'),(467,5,22,3,'2011-03-04 22:41:20','2011-03-10 12:54:08',NULL,'2011-03-10 12:54:08'),(468,5,23,3,'2011-03-04 22:41:20','2011-03-10 15:26:27',NULL,'2011-03-10 15:26:27'),(469,5,24,3,'2011-03-04 22:41:20','2011-03-10 15:43:55',NULL,'2011-03-10 15:43:55'),(470,5,25,3,'2011-03-04 22:41:20','2011-03-04 22:41:20',NULL,NULL),(471,5,21,4,'2011-03-04 22:41:20','2011-03-10 10:52:16',NULL,'2011-03-10 10:52:16'),(472,5,22,4,'2011-03-04 22:41:20','2011-03-10 12:57:45',NULL,'2011-03-10 12:57:45'),(473,5,23,4,'2011-03-04 22:41:20','2011-03-10 15:28:29',NULL,'2011-03-10 15:28:29'),(474,5,24,4,'2011-03-04 22:41:20','2011-03-10 15:49:01',NULL,'2011-03-10 15:49:01'),(475,5,25,4,'2011-03-04 22:41:20','2011-03-04 22:41:20',NULL,NULL),(476,5,21,5,'2011-03-04 22:41:20','2011-03-10 10:53:40',NULL,'2011-03-10 10:53:40'),(477,5,22,5,'2011-03-04 22:41:20','2011-03-10 12:59:15',NULL,'2011-03-10 12:59:15'),(478,5,23,5,'2011-03-04 22:41:20','2011-03-10 15:29:18',NULL,'2011-03-10 15:29:18'),(479,5,24,5,'2011-03-04 22:41:20','2011-03-10 15:49:39',NULL,'2011-03-10 15:49:39'),(480,5,25,5,'2011-03-04 22:41:20','2011-03-04 22:41:20',NULL,NULL),(481,5,21,6,'2011-03-04 22:41:20','2011-03-10 11:06:06',NULL,'2011-03-10 11:06:06'),(482,5,22,6,'2011-03-04 22:41:20','2011-03-10 13:09:03',NULL,'2011-03-10 13:09:03'),(483,5,23,6,'2011-03-04 22:41:20','2011-03-10 15:32:10',NULL,'2011-03-10 15:32:10'),(484,5,24,6,'2011-03-04 22:41:20','2011-03-10 16:50:30',NULL,'2011-03-10 16:50:30'),(485,5,25,6,'2011-03-04 22:41:20','2011-03-04 22:41:20',NULL,NULL),(486,5,21,7,'2011-03-04 22:41:20','2011-03-10 11:19:41',NULL,'2011-03-10 11:19:41'),(487,5,22,7,'2011-03-04 22:41:20','2011-03-10 15:21:22',NULL,'2011-03-10 15:21:22'),(488,5,23,7,'2011-03-04 22:41:20','2011-03-10 15:38:30',NULL,'2011-03-10 15:38:30'),(489,5,24,7,'2011-03-04 22:41:20','2011-03-10 16:57:03',NULL,'2011-03-10 16:57:03'),(490,5,25,7,'2011-03-04 22:41:20','2011-03-04 22:41:20',NULL,NULL),(491,6,21,1,'2011-03-04 22:41:20','2011-03-04 22:41:20',NULL,NULL),(492,6,22,1,'2011-03-04 22:41:20','2011-03-04 22:41:20',NULL,NULL),(493,6,23,1,'2011-03-04 22:41:20','2011-03-04 22:41:20',NULL,NULL),(494,6,24,1,'2011-03-04 22:41:20','2011-03-04 22:41:20',NULL,NULL),(495,6,25,1,'2011-03-04 22:41:20','2011-03-04 22:41:20',NULL,NULL),(496,6,21,2,'2011-03-04 22:41:20','2011-03-04 22:41:20',NULL,NULL),(497,6,22,2,'2011-03-04 22:41:20','2011-03-04 22:41:20',NULL,NULL),(498,6,23,2,'2011-03-04 22:41:20','2011-03-04 22:41:20',NULL,NULL),(499,6,24,2,'2011-03-04 22:41:20','2011-03-04 22:41:20',NULL,NULL),(500,6,25,2,'2011-03-04 22:41:20','2011-03-04 22:41:20',NULL,NULL),(501,6,21,3,'2011-03-04 22:41:20','2011-03-04 22:41:20',NULL,NULL),(502,6,22,3,'2011-03-04 22:41:20','2011-03-04 22:41:20',NULL,NULL),(503,6,23,3,'2011-03-04 22:41:20','2011-03-04 22:41:20',NULL,NULL),(504,6,24,3,'2011-03-04 22:41:20','2011-03-04 22:41:20',NULL,NULL),(505,6,25,3,'2011-03-04 22:41:20','2011-03-04 22:41:20',NULL,NULL),(506,6,21,4,'2011-03-04 22:41:20','2011-03-04 22:41:20',NULL,NULL),(507,6,22,4,'2011-03-04 22:41:20','2011-03-04 22:41:20',NULL,NULL),(508,6,23,4,'2011-03-04 22:41:20','2011-03-04 22:41:20',NULL,NULL),(509,6,24,4,'2011-03-04 22:41:20','2011-03-04 22:41:20',NULL,NULL),(510,6,25,4,'2011-03-04 22:41:20','2011-03-04 22:41:20',NULL,NULL),(511,6,21,5,'2011-03-04 22:41:20','2011-03-04 22:41:20',NULL,NULL),(512,6,22,5,'2011-03-04 22:41:20','2011-03-04 22:41:20',NULL,NULL),(513,6,23,5,'2011-03-04 22:41:20','2011-03-04 22:41:20',NULL,NULL),(514,6,24,5,'2011-03-04 22:41:20','2011-03-04 22:41:20',NULL,NULL),(515,6,25,5,'2011-03-04 22:41:20','2011-03-04 22:41:20',NULL,NULL),(516,6,21,6,'2011-03-04 22:41:20','2011-03-04 22:41:20',NULL,NULL),(517,6,22,6,'2011-03-04 22:41:20','2011-03-04 22:41:20',NULL,NULL),(518,6,23,6,'2011-03-04 22:41:20','2011-03-04 22:41:20',NULL,NULL),(519,6,24,6,'2011-03-04 22:41:20','2011-03-04 22:41:20',NULL,NULL),(520,6,25,6,'2011-03-04 22:41:20','2011-03-04 22:41:20',NULL,NULL),(521,6,21,7,'2011-03-04 22:41:20','2011-03-04 22:41:20',NULL,NULL),(522,6,22,7,'2011-03-04 22:41:20','2011-03-04 22:41:20',NULL,NULL),(523,6,23,7,'2011-03-04 22:41:20','2011-03-04 22:41:20',NULL,NULL),(524,6,24,7,'2011-03-04 22:41:20','2011-03-04 22:41:20',NULL,NULL),(525,6,25,7,'2011-03-04 22:41:20','2011-03-04 22:41:20',NULL,NULL),(526,7,21,1,'2011-03-04 22:41:20','2011-03-23 16:43:41',NULL,'2011-03-23 16:43:41'),(527,7,22,1,'2011-03-04 22:41:20','2011-03-04 22:41:20',NULL,NULL),(528,7,23,1,'2011-03-04 22:41:20','2011-03-04 22:41:20',NULL,NULL),(529,7,24,1,'2011-03-04 22:41:20','2011-03-04 22:41:20',NULL,NULL),(530,7,25,1,'2011-03-04 22:41:20','2011-03-04 22:41:20',NULL,NULL),(531,7,21,2,'2011-03-04 22:41:20','2011-03-23 17:01:54',NULL,'2011-03-23 17:01:54'),(532,7,22,2,'2011-03-04 22:41:20','2011-03-04 22:41:20',NULL,NULL),(533,7,23,2,'2011-03-04 22:41:20','2011-03-04 22:41:20',NULL,NULL),(534,7,24,2,'2011-03-04 22:41:20','2011-03-04 22:41:20',NULL,NULL),(535,7,25,2,'2011-03-04 22:41:20','2011-03-04 22:41:20',NULL,NULL),(536,7,21,3,'2011-03-04 22:41:20','2011-03-23 17:02:52',NULL,'2011-03-23 17:02:52'),(537,7,22,3,'2011-03-04 22:41:20','2011-03-04 22:41:20',NULL,NULL),(538,7,23,3,'2011-03-04 22:41:20','2011-03-04 22:41:20',NULL,NULL),(539,7,24,3,'2011-03-04 22:41:20','2011-03-04 22:41:20',NULL,NULL),(540,7,25,3,'2011-03-04 22:41:20','2011-03-04 22:41:20',NULL,NULL),(541,7,21,4,'2011-03-04 22:41:20','2011-03-23 17:06:21',NULL,'2011-03-23 17:06:21'),(542,7,22,4,'2011-03-04 22:41:20','2011-03-04 22:41:20',NULL,NULL),(543,7,23,4,'2011-03-04 22:41:20','2011-03-04 22:41:20',NULL,NULL),(544,7,24,4,'2011-03-04 22:41:20','2011-03-04 22:41:20',NULL,NULL),(545,7,25,4,'2011-03-04 22:41:20','2011-03-04 22:41:20',NULL,NULL),(546,7,21,5,'2011-03-04 22:41:20','2011-03-23 17:14:01',NULL,'2011-03-23 17:14:01'),(547,7,22,5,'2011-03-04 22:41:20','2011-03-04 22:41:20',NULL,NULL),(548,7,23,5,'2011-03-04 22:41:20','2011-03-04 22:41:20',NULL,NULL),(549,7,24,5,'2011-03-04 22:41:20','2011-03-04 22:41:20',NULL,NULL),(550,7,25,5,'2011-03-04 22:41:20','2011-03-04 22:41:20',NULL,NULL),(551,7,21,6,'2011-03-04 22:41:20','2011-03-23 17:25:29',NULL,'2011-03-23 17:25:29'),(552,7,22,6,'2011-03-04 22:41:20','2011-03-04 22:41:20',NULL,NULL),(553,7,23,6,'2011-03-04 22:41:20','2011-03-04 22:41:20',NULL,NULL),(554,7,24,6,'2011-03-04 22:41:20','2011-03-04 22:41:20',NULL,NULL),(555,7,25,6,'2011-03-04 22:41:20','2011-03-04 22:41:20',NULL,NULL),(556,7,21,7,'2011-03-04 22:41:20','2011-03-23 17:51:11',NULL,'2011-03-23 17:51:11'),(557,7,22,7,'2011-03-04 22:41:20','2011-03-04 22:41:20',NULL,NULL),(558,7,23,7,'2011-03-04 22:41:20','2011-03-04 22:41:20',NULL,NULL),(559,7,24,7,'2011-03-04 22:41:20','2011-03-04 22:41:20',NULL,NULL),(560,7,25,7,'2011-03-04 22:41:20','2011-03-04 22:41:20',NULL,NULL),(561,8,21,1,'2011-03-04 22:41:20','2011-03-04 22:41:20',NULL,NULL),(562,8,22,1,'2011-03-04 22:41:20','2011-03-04 22:41:20',NULL,NULL),(563,8,23,1,'2011-03-04 22:41:20','2011-03-04 22:41:20',NULL,NULL),(564,8,24,1,'2011-03-04 22:41:20','2011-03-04 22:41:20',NULL,NULL),(565,8,25,1,'2011-03-04 22:41:20','2011-03-04 22:41:20',NULL,NULL),(566,8,21,2,'2011-03-04 22:41:20','2011-03-04 22:41:20',NULL,NULL),(567,8,22,2,'2011-03-04 22:41:20','2011-03-04 22:41:20',NULL,NULL),(568,8,23,2,'2011-03-04 22:41:20','2011-03-04 22:41:20',NULL,NULL),(569,8,24,2,'2011-03-04 22:41:20','2011-03-04 22:41:20',NULL,NULL),(570,8,25,2,'2011-03-04 22:41:20','2011-03-04 22:41:20',NULL,NULL),(571,8,21,3,'2011-03-04 22:41:20','2011-03-04 22:41:20',NULL,NULL),(572,8,22,3,'2011-03-04 22:41:20','2011-03-04 22:41:20',NULL,NULL),(573,8,23,3,'2011-03-04 22:41:20','2011-03-04 22:41:20',NULL,NULL),(574,8,24,3,'2011-03-04 22:41:20','2011-03-04 22:41:20',NULL,NULL),(575,8,25,3,'2011-03-04 22:41:20','2011-03-04 22:41:20',NULL,NULL),(576,8,21,4,'2011-03-04 22:41:20','2011-03-04 22:41:20',NULL,NULL),(577,8,22,4,'2011-03-04 22:41:20','2011-03-04 22:41:20',NULL,NULL),(578,8,23,4,'2011-03-04 22:41:20','2011-03-04 22:41:20',NULL,NULL),(579,8,24,4,'2011-03-04 22:41:20','2011-03-04 22:41:20',NULL,NULL),(580,8,25,4,'2011-03-04 22:41:20','2011-03-04 22:41:20',NULL,NULL),(581,8,21,5,'2011-03-04 22:41:20','2011-03-04 22:41:20',NULL,NULL),(582,8,22,5,'2011-03-04 22:41:20','2011-03-04 22:41:20',NULL,NULL),(583,8,23,5,'2011-03-04 22:41:20','2011-03-04 22:41:20',NULL,NULL),(584,8,24,5,'2011-03-04 22:41:20','2011-03-04 22:41:20',NULL,NULL),(585,8,25,5,'2011-03-04 22:41:20','2011-03-04 22:41:20',NULL,NULL),(586,8,21,6,'2011-03-04 22:41:20','2011-03-04 22:41:20',NULL,NULL),(587,8,22,6,'2011-03-04 22:41:20','2011-03-04 22:41:20',NULL,NULL),(588,8,23,6,'2011-03-04 22:41:20','2011-03-04 22:41:20',NULL,NULL),(589,8,24,6,'2011-03-04 22:41:20','2011-03-04 22:41:20',NULL,NULL),(590,8,25,6,'2011-03-04 22:41:20','2011-03-04 22:41:20',NULL,NULL),(591,8,21,7,'2011-03-04 22:41:20','2011-03-04 22:41:20',NULL,NULL),(592,8,22,7,'2011-03-04 22:41:20','2011-03-04 22:41:20',NULL,NULL),(593,8,23,7,'2011-03-04 22:41:20','2011-03-04 22:41:20',NULL,NULL),(594,8,24,7,'2011-03-04 22:41:20','2011-03-04 22:41:20',NULL,NULL),(595,8,25,7,'2011-03-04 22:41:20','2011-03-04 22:41:20',NULL,NULL);
/*!40000 ALTER TABLE `ratestreets_ratingtask` ENABLE KEYS */;
UNLOCK TABLES;

--
-- Table structure for table `ratestreets_ratingtype`
--

DROP TABLE IF EXISTS `ratestreets_ratingtype`;
/*!40101 SET @saved_cs_client     = @@character_set_client */;
/*!40101 SET character_set_client = utf8 */;
CREATE TABLE `ratestreets_ratingtype` (
  `id` int(11) NOT NULL AUTO_INCREMENT,
  `description` varchar(256) NOT NULL,
  `storage_type` varchar(32) NOT NULL,
  `created_at` datetime NOT NULL,
  `updated_at` datetime NOT NULL,
  PRIMARY KEY (`id`)
) ENGINE=MyISAM AUTO_INCREMENT=54 DEFAULT CHARSET=latin1;
/*!40101 SET character_set_client = @saved_cs_client */;

--
-- Dumping data for table `ratestreets_ratingtype`
--

LOCK TABLES `ratestreets_ratingtype` WRITE;
/*!40000 ALTER TABLE `ratestreets_ratingtype` DISABLE KEYS */;
INSERT INTO `ratestreets_ratingtype` VALUES (1,'percentage','COUNT','2011-03-02 14:32:06','2011-03-02 14:32:06'),(2,'','CATEGORY','2011-03-02 14:32:06','2011-03-02 14:32:06'),(3,'3-way/4-way/5+ way/Traffic circle/Other type/Deadend but path continues/Segment ends','CATEGORY','2011-03-02 14:32:06','2011-03-02 14:32:06'),(4,'Traffic signal/Stop sign/Yield sign/Multiple/None','CATEGORY','2011-03-02 14:32:06','2011-03-02 14:32:06'),(5,'All/Some/None/Not applicable','CATEGORY','2011-03-02 14:32:06','2011-03-02 14:32:06'),(6,'White painted lines/Colored painted lines/White zebra stripes/Colored zebra stripes/Different road surface/Other/Not marked at all','CATEGORY','2011-03-02 14:32:06','2011-03-02 14:32:06'),(7,'Yes/No','CATEGORY','2011-03-02 14:32:06','2011-03-02 14:32:06'),(8,'Low-volume road/High-volume road/Alley/Bike or pedestrian path or street','CATEGORY','2011-03-02 14:32:06','2011-03-02 14:32:06'),(9,'One-way/Two-way','CATEGORY','2011-03-02 14:32:06','2011-03-02 14:32:06'),(10,'6+/5/4/3/2/1/Not applicable','CATEGORY','2011-03-02 14:32:06','2011-03-02 14:32:06'),(11,'Under an overpass/Next to freeway/IS a freeway overpass/None of the above','CATEGORY','2011-03-02 14:32:06','2011-03-02 14:32:06'),(12,'Poor/Fair/Good/Under repair','CATEGORY','2011-03-02 14:32:06','2011-03-02 14:32:06'),(13,'15/20/25/30/35/40/45/50/55+/Not posted','CATEGORY','2011-03-02 14:32:06','2011-03-02 14:32:06'),(14,'Some or a lot/Few/None','CATEGORY','2011-03-02 14:32:06','2011-03-02 14:32:06'),(15,'Parallel/Diagonal/None','CATEGORY','2011-03-02 14:32:06','2011-03-02 14:32:06'),(16,'Parking/Varied/Not parking-other uses/Not applicable-no parking structure','CATEGORY','2011-03-02 14:32:06','2011-03-02 14:32:06'),(17,'1-5 spaces/6-25 spaces/26+ spaces/None','CATEGORY','2011-03-02 14:32:06','2011-03-02 14:32:06'),(18,'Yes/No/Not applicable - no buildings','CATEGORY','2011-03-02 14:32:06','2011-03-02 14:32:06'),(19,'White painted lines/Colored painted lines/White zebra stripes/Colored zebra stripes/Different road surface/Other/Not marked at all/Not applicable-no midblock crosswalks','CATEGORY','2011-03-02 14:32:06','2011-03-02 14:32:07'),(20,'No bike lanes/On road-painted line or reflectors/On road-physical separation/Off road','CATEGORY','2011-03-02 14:32:07','2011-03-02 14:32:07'),(21,'Bike route signs/Bike crossing warnings/Both/Neither','CATEGORY','2011-03-02 14:32:07','2011-03-02 14:32:07'),(22,'Footpath (unpaved)/Paved trail/Sidewalk/Pedestrian street (closed to cars)/None','CATEGORY','2011-03-02 14:32:07','2011-03-02 14:32:07'),(23,'Asphalt/Concrete/Paving bricks or flat stone/Gravel/Dirt or sand/No path at all','CATEGORY','2011-03-02 14:32:07','2011-03-02 14:32:07'),(24,'Complete/Incomplete/Not applicable-no sidewalk','CATEGORY','2011-03-02 14:32:07','2011-03-02 14:32:07'),(25,'None/1/2/3/4/5/6/7/8/9/10+','CATEGORY','2011-03-02 14:32:07','2011-03-02 14:32:07'),(26,'Yes/No/DK','CATEGORY','2011-03-02 14:32:07','2011-03-02 14:32:07'),(27,'Good/Fair/Poor/Under repair/Not applicable-no sidewalk or paved trail','CATEGORY','2011-03-02 14:32:07','2011-03-02 14:32:07'),(28,'<4 feet/4-8 feet/>8 feet/Not applicable','CATEGORY','2011-03-02 14:32:07','2011-03-02 14:32:07'),(29,'Less than 5 feet/More than 5 feet/Not applicable','CATEGORY','2011-03-02 14:32:07','2011-03-02 14:32:07'),(30,'Yes/No/Not applicable-no path','CATEGORY','2011-03-02 14:32:07','2011-03-02 14:32:07'),(31,'Some or much/Little or none/Not applicable-no sidewalk','CATEGORY','2011-03-02 14:32:07','2011-03-02 14:32:07'),(32,'Bus stop with shelter/Bus stop with bench/Bus stop with signage only /No bus stop','CATEGORY','2011-03-02 14:32:07','2011-03-02 14:32:07'),(33,'Road-oriented lighting/Pedestrian-oriented lighting/Both kinds of lighting/Other lighting/No lighting','CATEGORY','2011-03-02 14:32:07','2011-03-02 14:32:07'),(34,'Some or a lot/Little/None','CATEGORY','2011-03-02 14:32:07','2011-03-02 14:32:07'),(35,'Not present/Can be overcome/Can be somewhat overcome/Cannot be overcome','CATEGORY','2011-03-02 14:32:07','2011-03-02 14:32:07'),(36,'Pretty/very convenient/Not very or inconvenient/Not applicable-cul de sac','CATEGORY','2011-03-02 14:32:07','2011-03-02 14:32:07'),(37,'Yes/No/Unclear/Not applicable-no public space','CATEGORY','2011-03-02 14:32:07','2011-03-02 14:32:07'),(38,'Some or a lot/Few/None/Not applicable-no buildings >1 story','CATEGORY','2011-03-02 14:32:07','2011-03-02 14:32:07'),(39,'5+ stores/3-4 stores/1-2 stories/Heights vary/Not applicable','CATEGORY','2011-03-02 14:32:07','2011-03-02 14:32:07'),(40,'Some or a lot/Few/None/Not applicable','CATEGORY','2011-03-02 14:32:07','2011-03-02 14:32:07'),(41,'Very/Somewhat/Not very/not visible','CATEGORY','2011-03-02 14:32:07','2011-03-02 14:32:07'),(42,'Not applicable/1/2/3/4/5/6/7/8/9/10+','CATEGORY','2011-03-02 14:32:07','2011-03-02 14:32:07'),(43,'Not applicable/None/1/2/3/4/5/6/7/8/9/10+','CATEGORY','2011-03-02 14:32:07','2011-03-02 14:32:07'),(44,'Little or no enclosure/Some enclosure/Highly enclosed','CATEGORY','2011-03-02 14:32:07','2011-03-02 14:32:07'),(45,'At edge of sidewalk/Within 20 feet of sidewalk/More than 20 feet from sidewalk/Not applicable-no buildings','CATEGORY','2011-03-02 14:32:07','2011-03-02 14:32:07'),(46,'None/1/2/3','CATEGORY','2011-03-02 14:32:07','2011-03-02 14:32:07'),(47,'Little or no/Some/Highly articulated','CATEGORY','2011-03-02 14:32:07','2011-03-02 14:32:07'),(48,'Interesting/Somewhat interesting/Uninteresting','CATEGORY','2011-03-02 14:32:07','2011-03-02 14:32:07'),(49,'Banners/Monuments/Both/Neither','CATEGORY','2011-03-02 14:32:08','2011-03-02 14:32:08'),(50,'Flat/Slight hill/Steep hill','CATEGORY','2011-03-02 14:32:08','2011-03-02 14:32:08'),(51,'None or a few/Some/Many or dense','CATEGORY','2011-03-02 14:32:08','2011-03-02 14:32:08'),(52,'Attractive/Neutral/Unattractive/Not applicable-no buildings','CATEGORY','2011-03-02 14:32:08','2011-03-02 14:32:08'),(53,'Poor (much litter/grafitti/broken facilites)/Fair (some litter/grafitti/broken facilites)/Good (no litter/grafitti/broken facilites)','CATEGORY','2011-03-02 14:32:08','2011-03-02 14:32:08');
/*!40000 ALTER TABLE `ratestreets_ratingtype` ENABLE KEYS */;
UNLOCK TABLES;

--
-- Table structure for table `ratestreets_ratingtype_values`
--

DROP TABLE IF EXISTS `ratestreets_ratingtype_values`;
/*!40101 SET @saved_cs_client     = @@character_set_client */;
/*!40101 SET character_set_client = utf8 */;
CREATE TABLE `ratestreets_ratingtype_values` (
  `id` int(11) NOT NULL AUTO_INCREMENT,
  `ratingtype_id` int(11) NOT NULL,
  `category_id` int(11) NOT NULL,
  PRIMARY KEY (`id`),
  UNIQUE KEY `ratingtype_id` (`ratingtype_id`,`category_id`),
  KEY `category_id_refs_id_8544d7de` (`category_id`)
) ENGINE=MyISAM AUTO_INCREMENT=232 DEFAULT CHARSET=latin1;
/*!40101 SET character_set_client = @saved_cs_client */;

--
-- Dumping data for table `ratestreets_ratingtype_values`
--

LOCK TABLES `ratestreets_ratingtype_values` WRITE;
/*!40000 ALTER TABLE `ratestreets_ratingtype_values` DISABLE KEYS */;
INSERT INTO `ratestreets_ratingtype_values` VALUES (1,3,1),(2,3,2),(3,3,3),(4,3,4),(5,3,5),(6,3,6),(7,3,7),(8,4,8),(9,4,9),(10,4,10),(11,4,11),(12,4,12),(13,5,13),(14,5,14),(15,5,15),(16,5,16),(17,6,17),(18,6,18),(19,6,19),(20,6,20),(21,6,21),(22,6,22),(23,6,23),(24,7,24),(25,7,25),(26,8,26),(27,8,27),(28,8,28),(29,8,29),(30,9,30),(31,9,31),(32,10,32),(33,10,33),(34,10,34),(35,10,35),(36,10,36),(37,10,37),(38,10,38),(39,11,39),(40,11,40),(41,11,41),(42,11,42),(43,12,43),(44,12,44),(45,12,45),(46,12,46),(47,13,47),(48,13,48),(49,13,49),(50,13,50),(51,13,51),(52,13,52),(53,13,53),(54,13,54),(55,13,55),(56,13,56),(57,14,57),(58,14,58),(59,14,59),(60,15,60),(61,15,61),(62,15,62),(63,16,63),(64,16,64),(65,16,65),(66,16,66),(67,17,67),(68,17,68),(69,17,69),(70,17,70),(71,18,71),(72,18,72),(73,18,73),(74,19,74),(75,19,75),(76,19,76),(77,19,77),(78,19,78),(79,19,79),(80,19,80),(81,19,81),(82,20,82),(83,20,83),(84,20,84),(85,20,85),(86,21,86),(87,21,87),(88,21,88),(89,21,89),(90,22,90),(91,22,91),(92,22,92),(93,22,93),(94,22,94),(95,23,95),(96,23,96),(97,23,97),(98,23,98),(99,23,99),(100,23,100),(101,24,101),(102,24,102),(103,24,103),(104,25,104),(105,25,105),(106,25,106),(107,25,107),(108,25,108),(109,25,109),(110,25,110),(111,25,111),(112,25,112),(113,25,113),(114,25,114),(115,26,115),(116,26,116),(117,26,117),(118,27,118),(119,27,119),(120,27,120),(121,27,121),(122,27,122),(123,28,123),(124,28,124),(125,28,125),(126,28,126),(127,29,127),(128,29,128),(129,29,129),(130,30,130),(131,30,131),(132,30,132),(133,31,133),(134,31,134),(135,31,135),(136,32,136),(137,32,137),(138,32,138),(139,32,139),(140,33,140),(141,33,141),(142,33,142),(143,33,143),(144,33,144),(145,34,145),(146,34,146),(147,34,147),(148,35,148),(149,35,149),(150,35,150),(151,35,151),(152,36,152),(153,36,153),(154,36,154),(155,37,155),(156,37,156),(157,37,157),(158,37,158),(159,38,159),(160,38,160),(161,38,161),(162,38,162),(163,39,163),(164,39,164),(165,39,165),(166,39,166),(167,39,167),(168,40,168),(169,40,169),(170,40,170),(171,40,171),(172,41,172),(173,41,173),(174,41,174),(175,42,175),(176,42,176),(177,42,177),(178,42,178),(179,42,179),(180,42,180),(181,42,181),(182,42,182),(183,42,183),(184,42,184),(185,42,185),(186,43,186),(187,43,187),(188,43,188),(189,43,189),(190,43,190),(191,43,191),(192,43,192),(193,43,193),(194,43,194),(195,43,195),(196,43,196),(197,43,197),(198,44,198),(199,44,199),(200,44,200),(201,45,201),(202,45,202),(203,45,203),(204,45,204),(205,46,205),(206,46,206),(207,46,207),(208,46,208),(209,47,209),(210,47,210),(211,47,211),(212,48,212),(213,48,213),(214,48,214),(215,49,215),(216,49,216),(217,49,217),(218,49,218),(219,50,219),(220,50,220),(221,50,221),(222,51,222),(223,51,223),(224,51,224),(225,52,225),(226,52,226),(227,52,227),(228,52,228),(229,53,229),(230,53,230),(231,53,231);
/*!40000 ALTER TABLE `ratestreets_ratingtype_values` ENABLE KEYS */;
UNLOCK TABLES;

--
-- Table structure for table `ratestreets_segment`
--

DROP TABLE IF EXISTS `ratestreets_segment`;
/*!40101 SET @saved_cs_client     = @@character_set_client */;
/*!40101 SET character_set_client = utf8 */;
CREATE TABLE `ratestreets_segment` (
  `id` int(11) NOT NULL AUTO_INCREMENT,
  `study_id` int(11) NOT NULL,
  `point_of_view` double NOT NULL,
  `created_at` datetime NOT NULL,
  `updated_at` datetime NOT NULL,
  `start_lat` double DEFAULT NULL,
  `start_lng` double DEFAULT NULL,
  `end_lat` double DEFAULT NULL,
  `end_lng` double DEFAULT NULL,
  `street_address` varchar(256) DEFAULT NULL,
  PRIMARY KEY (`id`),
  KEY `ratestreets_segment_da5fc7d6` (`study_id`)
) ENGINE=MyISAM AUTO_INCREMENT=26 DEFAULT CHARSET=latin1;
/*!40101 SET character_set_client = @saved_cs_client */;

--
-- Dumping data for table `ratestreets_segment`
--

LOCK TABLES `ratestreets_segment` WRITE;
/*!40000 ALTER TABLE `ratestreets_segment` DISABLE KEYS */;
INSERT INTO `ratestreets_segment` VALUES (1,1,0,'2011-03-02 14:32:41','2011-03-02 14:32:41',NULL,NULL,NULL,NULL,'East 35th Street, New York US (Park Avenue, between E 35th St & E 36th St)'),(2,1,0,'2011-03-02 14:32:41','2011-03-02 14:32:41',NULL,NULL,NULL,NULL,'102 Stevens Boulevard, Lakeline, Ohio, US (between Lakeshore Blvd & Guilbert Road)'),(3,1,0,'2011-03-02 14:32:41','2011-03-02 14:32:41',NULL,NULL,NULL,NULL,'37 Brooks Avenue, Arlington, Massachusetts, US (between Melrose st & Milton St)'),(4,1,0,'2011-03-02 14:32:41','2011-03-02 14:32:41',NULL,NULL,NULL,NULL,'211 South Western Avenue, Chicago, Illinois, US (between West Jackson Blvd & West Adams St)'),(5,1,0,'2011-03-02 14:32:41','2011-03-02 14:32:41',NULL,NULL,NULL,NULL,'759 Bellecastle Street, New Orleans, Louisiana, US (between Annunciation St & Laurel St)'),(6,1,0,'2011-03-02 14:32:41','2011-03-02 14:32:41',NULL,NULL,NULL,NULL,'2760 Oak Lawn Avenue, Dallas, Texas, US (between Brown St & Congress Ave)'),(7,1,0,'2011-03-02 14:32:41','2011-03-02 14:32:41',NULL,NULL,NULL,NULL,'6877 Wadsworth Boulevard, Arvada, Colorado, US (between W 68th Ave & W 69th Ave)'),(8,1,0,'2011-03-02 14:32:41','2011-03-02 14:32:41',NULL,NULL,NULL,NULL,'7328 Cascade Court, Rancho Cucamonga, California, US (Cascade Ct)'),(9,1,0,'2011-03-02 14:32:41','2011-03-02 14:32:41',NULL,NULL,NULL,NULL,'8304 Peebles Road, Pittsburgh, Pennsylvania, US (between Remington Dr & Elaine Dr)'),(10,1,0,'2011-03-02 14:32:41','2011-03-02 14:32:41',NULL,NULL,NULL,NULL,'2801 Southwest 76th Street, Oklahoma City, Oklahoma, US (between S May Ave & S Rose Ave)'),(11,1,0,'2011-03-02 14:32:41','2011-03-02 14:32:41',NULL,NULL,NULL,NULL,'78 Richmond Lane, West Hartford, Connecticut, US (Barksdale Rd & Hyde Rd)'),(12,1,0,'2011-03-02 14:32:41','2011-03-02 14:32:41',NULL,NULL,NULL,NULL,'1463 Sonoma Drive, Altadena, California, US (between  N Holliston Ave & N Hill Ave)'),(13,1,0,'2011-03-02 14:32:41','2011-03-02 14:32:41',NULL,NULL,NULL,NULL,'1002 Wells Street, Cincinnati, Ohio, US (between Warsaw Ave & Glenway Ave)'),(14,1,0,'2011-03-02 14:32:41','2011-03-02 14:32:41',NULL,NULL,NULL,NULL,'2513 Cecelia Avenue, West Palm Beach, Florida, US'),(15,1,0,'2011-03-02 14:32:41','2011-03-02 14:32:41',NULL,NULL,NULL,NULL,'566 Fremont Street, Salinas, California, US (between Carr Ave & N Madeira Ave)'),(16,1,0,'2011-03-02 14:32:41','2011-03-02 14:32:41',NULL,NULL,NULL,NULL,'1490 Kaighns Avenue, Camden, New Jersey, US (between Charles Brimm Blvd & Kenwood Ave)'),(17,1,0,'2011-03-02 14:32:41','2011-03-02 14:32:41',NULL,NULL,NULL,NULL,'4099 900 West Street, Ogden, Utah, US (between W 4125 N & W 4100 N)'),(18,1,0,'2011-03-02 14:32:41','2011-03-02 14:32:41',NULL,NULL,NULL,NULL,'65 Rumsey Road, Yonkers, New York, US (between Spring Rd & Park Hill Ave)'),(19,1,0,'2011-03-02 14:32:41','2011-03-02 14:32:41',NULL,NULL,NULL,NULL,'26 Main Avenue, Wheatley Heights, New York, US (between Landscape Dr & Sunset Ave)'),(20,1,0,'2011-03-02 14:32:41','2011-03-02 14:32:41',NULL,NULL,NULL,NULL,'239 East Northampton Street, Wilkes-Barre,Pennsylvania, US ( between Welles St & S Hancock St)'),(21,2,0,'2011-03-04 22:41:20','2011-03-04 22:41:20',NULL,NULL,NULL,NULL,'312 North Morgan Avenue, Minneapolis, Minnesota, United States (between Glenwood Ave. & N 3rd Ave.)'),(22,2,0,'2011-03-04 22:41:20','2011-03-04 22:41:20',NULL,NULL,NULL,NULL,'201 Market Street, Johnstown, Pennsylvania, United States (Between Main St. & Lincoln St.)'),(23,2,0,'2011-03-04 22:41:20','2011-03-04 22:41:20',NULL,NULL,NULL,NULL,'2601 McFarland Avenue, Owensboro, Kentucky, United States (Between Hutch Lane & Western Ct)'),(24,2,0,'2011-03-04 22:41:20','2011-03-04 22:41:20',NULL,NULL,NULL,NULL,'6282 Oak Walk Lane, Bartlett, Tennessee, United States (between Brook Trail Ln.& Thistle Valley Ln.)'),(25,2,0,'2011-03-04 22:41:20','2011-03-04 22:41:20',NULL,NULL,NULL,NULL,'1407 East Sorin Street South Bend Indiana US (between N. Twyckenham Drv. & N. Jacob St.)');
/*!40000 ALTER TABLE `ratestreets_segment` ENABLE KEYS */;
UNLOCK TABLES;

--
-- Table structure for table `ratestreets_step`
--

DROP TABLE IF EXISTS `ratestreets_step`;
/*!40101 SET @saved_cs_client     = @@character_set_client */;
/*!40101 SET character_set_client = utf8 */;
CREATE TABLE `ratestreets_step` (
  `id` int(11) NOT NULL AUTO_INCREMENT,
  `description` varchar(256) NOT NULL,
  `study_id` int(11) NOT NULL,
  `point_of_view` double NOT NULL,
  `created_at` datetime NOT NULL,
  `updated_at` datetime NOT NULL,
  `lat` double NOT NULL,
  `lng` double NOT NULL,
  PRIMARY KEY (`id`),
  KEY `ratestreets_step_da5fc7d6` (`study_id`)
) ENGINE=MyISAM DEFAULT CHARSET=latin1;
/*!40101 SET character_set_client = @saved_cs_client */;

--
-- Dumping data for table `ratestreets_step`
--

LOCK TABLES `ratestreets_step` WRITE;
/*!40000 ALTER TABLE `ratestreets_step` DISABLE KEYS */;
/*!40000 ALTER TABLE `ratestreets_step` ENABLE KEYS */;
UNLOCK TABLES;

--
-- Table structure for table `ratestreets_study`
--

DROP TABLE IF EXISTS `ratestreets_study`;
/*!40101 SET @saved_cs_client     = @@character_set_client */;
/*!40101 SET character_set_client = utf8 */;
CREATE TABLE `ratestreets_study` (
  `id` int(11) NOT NULL AUTO_INCREMENT,
  `director_id` int(11) NOT NULL,
  `name` varchar(32) NOT NULL,
  `description` varchar(256) NOT NULL,
  `created_at` datetime NOT NULL,
  `updated_at` datetime NOT NULL,
  PRIMARY KEY (`id`),
  KEY `ratestreets_study_81c0b88c` (`director_id`)
) ENGINE=MyISAM AUTO_INCREMENT=3 DEFAULT CHARSET=latin1;
/*!40101 SET character_set_client = @saved_cs_client */;

--
-- Dumping data for table `ratestreets_study`
--

LOCK TABLES `ratestreets_study` WRITE;
/*!40000 ALTER TABLE `ratestreets_study` DISABLE KEYS */;
INSERT INTO `ratestreets_study` VALUES (1,1,'Rate 20 Segments','Rate 20 Segments','2011-03-02 14:32:25','2011-03-04 13:12:22'),(2,4,'Initial Interface Test','Initial Interface Test','2011-03-04 14:21:36','2011-03-04 14:21:36');
/*!40000 ALTER TABLE `ratestreets_study` ENABLE KEYS */;
UNLOCK TABLES;

--
-- Table structure for table `ratestreets_study_managers`
--

DROP TABLE IF EXISTS `ratestreets_study_managers`;
/*!40101 SET @saved_cs_client     = @@character_set_client */;
/*!40101 SET character_set_client = utf8 */;
CREATE TABLE `ratestreets_study_managers` (
  `id` int(11) NOT NULL AUTO_INCREMENT,
  `study_id` int(11) NOT NULL,
  `user_id` int(11) NOT NULL,
  PRIMARY KEY (`id`),
  UNIQUE KEY `study_id` (`study_id`,`user_id`),
  KEY `user_id_refs_id_5c3c3f1d` (`user_id`)
) ENGINE=MyISAM AUTO_INCREMENT=9 DEFAULT CHARSET=latin1;
/*!40101 SET character_set_client = @saved_cs_client */;

--
-- Dumping data for table `ratestreets_study_managers`
--

LOCK TABLES `ratestreets_study_managers` WRITE;
/*!40000 ALTER TABLE `ratestreets_study_managers` DISABLE KEYS */;
INSERT INTO `ratestreets_study_managers` VALUES (3,1,1),(4,2,8),(5,2,4),(6,2,5),(7,2,6),(8,2,7);
/*!40000 ALTER TABLE `ratestreets_study_managers` ENABLE KEYS */;
UNLOCK TABLES;

--
-- Table structure for table `ratestreets_study_modules`
--

DROP TABLE IF EXISTS `ratestreets_study_modules`;
/*!40101 SET @saved_cs_client     = @@character_set_client */;
/*!40101 SET character_set_client = utf8 */;
CREATE TABLE `ratestreets_study_modules` (
  `id` int(11) NOT NULL AUTO_INCREMENT,
  `study_id` int(11) NOT NULL,
  `module_id` int(11) NOT NULL,
  PRIMARY KEY (`id`),
  UNIQUE KEY `study_id` (`study_id`,`module_id`),
  KEY `module_id_refs_id_77b4b54f` (`module_id`)
) ENGINE=MyISAM AUTO_INCREMENT=29 DEFAULT CHARSET=latin1;
/*!40101 SET character_set_client = @saved_cs_client */;

--
-- Dumping data for table `ratestreets_study_modules`
--

LOCK TABLES `ratestreets_study_modules` WRITE;
/*!40000 ALTER TABLE `ratestreets_study_modules` DISABLE KEYS */;
INSERT INTO `ratestreets_study_modules` VALUES (21,1,7),(20,1,6),(19,1,5),(18,1,4),(17,1,3),(16,1,2),(15,1,1),(22,2,1),(23,2,2),(24,2,3),(25,2,4),(26,2,5),(27,2,6),(28,2,7);
/*!40000 ALTER TABLE `ratestreets_study_modules` ENABLE KEYS */;
UNLOCK TABLES;

--
-- Table structure for table `ratestreets_study_raters`
--

DROP TABLE IF EXISTS `ratestreets_study_raters`;
/*!40101 SET @saved_cs_client     = @@character_set_client */;
/*!40101 SET character_set_client = utf8 */;
CREATE TABLE `ratestreets_study_raters` (
  `id` int(11) NOT NULL AUTO_INCREMENT,
  `study_id` int(11) NOT NULL,
  `user_id` int(11) NOT NULL,
  PRIMARY KEY (`id`),
  UNIQUE KEY `study_id` (`study_id`,`user_id`),
  KEY `user_id_refs_id_86b1a7a0` (`user_id`)
) ENGINE=MyISAM AUTO_INCREMENT=12 DEFAULT CHARSET=latin1;
/*!40101 SET character_set_client = @saved_cs_client */;

--
-- Dumping data for table `ratestreets_study_raters`
--

LOCK TABLES `ratestreets_study_raters` WRITE;
/*!40000 ALTER TABLE `ratestreets_study_raters` DISABLE KEYS */;
INSERT INTO `ratestreets_study_raters` VALUES (5,1,2),(4,1,1),(6,1,3),(7,2,8),(8,2,4),(9,2,5),(10,2,6),(11,2,7);
/*!40000 ALTER TABLE `ratestreets_study_raters` ENABLE KEYS */;
UNLOCK TABLES;
/*!40103 SET TIME_ZONE=@OLD_TIME_ZONE */;

/*!40101 SET SQL_MODE=@OLD_SQL_MODE */;
/*!40014 SET FOREIGN_KEY_CHECKS=@OLD_FOREIGN_KEY_CHECKS */;
/*!40014 SET UNIQUE_CHECKS=@OLD_UNIQUE_CHECKS */;
/*!40101 SET CHARACTER_SET_CLIENT=@OLD_CHARACTER_SET_CLIENT */;
/*!40101 SET CHARACTER_SET_RESULTS=@OLD_CHARACTER_SET_RESULTS */;
/*!40101 SET COLLATION_CONNECTION=@OLD_COLLATION_CONNECTION */;
/*!40111 SET SQL_NOTES=@OLD_SQL_NOTES */;

-- Dump completed on 2011-03-25 13:22:30
