Birch St,Alaska,2971834,-149.87134272700,61.22885909080,-149.87074272700,61.22987818180,02,020,000500,02020000500,02020000500,Random Urban
Muldoon Rd,Alaska,2983627,-149.73345909100,61.20259090910,-149.73345909100,61.20032454560,02,020,001731,02020001731,02020001731,Random Urban
Old Shell Rd,Alabama,3069203,-88.18208272760,30.69017454500,-88.18426636340,30.69013090900,01,097,003605,01097003605,01097003605,Random Tract
Thornton Pl,Alabama,3079012,-88.15604090900,30.67250818180,-88.15602181820,30.67048909050,01,097,003203,01097003203,01097003203,Random Tract
Bordeaux St,Alabama,3082360,-88.08618363640,30.65224090910,-88.08580636360,30.65082999960,01,097,002302,01097002302,01097002302,Random Tract
,Alabama,3239999,-86.15997818170,32.27936727280,-86.15487090940,32.28031727250,01,101,005601,01101005601,01101005601,Random Urban
28th St,Alabama,3290063,-87.57949090880,33.23539545440,-87.58138818150,33.23547909050,01,125,010403,01125010403,01125010403,Random Tract
2nd Ave,Alabama,3413761,-86.97751727310,34.80935999980,-86.97862272700,34.80938272740,01,083,020600,01083020600,01083020600,Random Tract
Stanley Russ Rd,Arkansas,4021703,-92.43361909120,35.04829909080,-92.43692090900,35.04909363650,05,045,031002,05045031002,05045031002,Random Tract
Driveway,Arizona,4644386,-112.06935909100,33.50638545420,-112.07365181800,33.50639818140,04,013,108802,04013108802,04013108802,Random Urban
N 14th Pl,Arizona,4650074,-112.05081909100,33.50198000020,-112.05080909100,33.50378363640,04,013,108602,04013108602,04013108602,Random Tract
E Camelback Rd,Arizona,4673359,-112.01452363600,33.51004000040,-112.01300909100,33.51005909130,04,013,107800,04013107800,04013107800,Random Tract
W Desert View Dr,Arizona,4719974,-112.10258090900,33.35260090950,-112.10300727200,33.35245090890,04,013,116705,04013116705,04013116705,Random Urban
E Indian School Rd,Arizona,4728682,-112.07306363600,33.49479545480,-112.07160636400,33.49478999960,04,013,108700,04013108700,04013108700,Random Tract
N 24th St,Arizona,4733589,-112.03023272700,33.47166909080,-112.03022727200,33.47303181820,04,013,111601,04013111601,04013111601,Random Tract
E Lynne Ln,Arizona,4748420,-111.98990000000,33.39135818140,-111.98614545500,33.39162999970,04,013,116202,04013116202,04013116202,Random Urban
E Dry Creek Rd,Arizona,4756756,-112.02524818200,33.31136181810,-112.02372818100,33.31202818160,04,013,116721,04013116721,04013116721,Random Urban
N Pete Dawson Rd,Arizona,5100831,-110.98464272700,32.31736818160,-110.98469727300,32.31849090870,04,019,004617,04019004617,04019004617,Random Tract
E 24th St,Arizona,5139637,-110.87080727300,32.20400272730,-110.86651909000,32.20402909100,04,019,003503,04019003503,04019003503,Random Urban
E Escalante Rd,Arizona,5155516,-110.82273181900,32.17740272740,-110.82126818200,32.17745181770,04,019,004036,04019004036,04019004036,Random Urban
E Bluefield St,Arizona,5158569,-110.80398545400,32.21661272700,-110.80317181900,32.21666636350,04,019,004049,04019004049,04019004049,Random Urban
N 92nd St,Arizona,5345068,-111.88278090900,33.66906818180,-111.88279272700,33.66763000030,04,013,216828,04013216828,04013216828,Random Urban
Saguare Cmn,California,5550565,-121.90624727300,37.50081090950,-121.90432272700,37.50104909130,06,001,443200,06001443200,06001443200,Random Tract
,California,5565317,-122.07282181800,37.10251363630,-122.07292090900,37.10679727270,06,087,120600,06087120600,06087120600,Random Tract
State Hwy 1,California,5668835,-120.87170727300,35.40856545470,-120.87274636400,35.41146727290,06,079,010500,06079010500,06079010500,Random Tract
Noice Dr,California,5687102,-121.65131636300,36.70190090920,-121.65172818200,36.70411999980,06,053,000200,06053000200,06053000200,Random Tract
S West St,California,5954610,-119.29625727200,36.30566363660,-119.29618181800,36.30251363610,06,107,001902,06107001902,06107001902,Random Tract
Driveway,California,6180144,-121.92506545400,38.45078636330,-121.92499727200,38.45093272710,06,095,252904,06095252904,06095252904,Random Tract
Broad St,California,6188239,-122.45606272700,37.71319818180,-122.45905181800,37.71317272730,06,075,031400,06075031400,06075031400,Random Tract
E Travis Blvd,California,6294449,-122.02096909100,38.25814818160,-122.01998909100,38.25814636410,06,095,252607,06095252607,06095252607,Random Tract
E St,California,6564207,-121.42381363600,37.73912090950,-121.42382909100,37.73970454520,06,077,005404,06077005404,06077005404,Random Tract
Van Buskirk Park,California,6573015,-121.29351454600,37.92035636400,-121.29257181800,37.91841909120,06,077,002502,06077002502,06077002502,Random Tract
Lone Oak Ct,California,6638858,-121.30601363600,38.77249181770,-121.30489000000,38.77290181780,06,061,021008,06061021008,06061021008,Random Tract
Driveway,California,6662589,-121.38876272700,38.45933818210,-121.39017818200,38.45891181800,06,067,009321,06067009321,06067009321,Random Tract
Driveway,California,6698014,-121.35086272700,38.53325363640,-121.34952636300,38.53577454590,06,067,009112,06067009112,06067009112,Random Tract
N Tully Rd,California,6771398,-121.13303454600,38.14742363600,-121.13856545400,38.15300909050,06,077,004701,06077004701,06077004701,Random Tract
State Hwy 23,California,7062704,-118.85146909100,34.13414363590,-118.84993090900,34.14226454550,06,111,005907,06111005907,06111005907,Random Tract
Universal Studios Back Lot,California,7157772,-118.35125636400,34.14008909080,-118.34906272700,34.13865909050,06,037,320000,06037320000,06037320000,Random Urban
Don Valdes Dr,California,7163633,-118.35282636400,34.00525454590,-118.35478363600,34.00368999980,06,037,236400,06037236400,06037236400,Random Urban
Blackhawk St,California,7219632,-118.54601363700,34.25860272760,-118.54711090900,34.25843818140,06,037,111204,06037111204,06037111204,Random Urban
San Jose St,California,7222452,-118.50251090900,34.26114181770,-118.50446818200,34.26116000020,06,037,111301,06037111301,06037111301,Random Urban
Roscoe Blvd,California,7259379,-118.43855000000,34.22166545420,-118.44043818200,34.22166545420,06,037,119900,06037119900,06037119900,Random Tract
Fox St,California,7262170,-118.44632363600,34.27144363630,-118.44716272800,34.27083636370,06,037,109500,06037109500,06037109500,Random Urban
Mercedes Ave,California,7264721,-118.41934272700,34.23115181790,-118.42168272700,34.23336636340,06,037,119700,06037119700,06037119700,Random Urban
Driveway,California,7311031,-118.26578181800,33.83408545490,-118.26375727300,33.83373909090,06,037,543802,06037543802,06037543802,Random Tract
Orchard Ave,California,7330084,-118.19958181800,33.97795181830,-118.19994363600,33.97576818170,06,037,533602,06037533602,06037533602,Random Tract
Orizaba Ave,California,7345013,-118.15783000000,33.86924636400,-118.15783363700,33.86970363600,06,037,570204,06037570204,06037570204,Random Tract
W 1st St,California,7361747,-118.30671727300,34.07370363660,-118.30792000000,34.07371000020,06,037,211410,06037211410,06037211410,Random Tract
,California,7389678,-118.18042181900,34.03387999990,-118.18197545400,34.03395000040,06,037,531102,06037531102,06037531102,Random Tract
Dittmar Dr,California,7449385,-118.03070090900,33.95402363670,-118.02839090900,33.95233181860,06,037,501900,06037501900,06037501900,Random Tract
N College Way,California,7546010,-117.71261000000,34.09965363630,-117.71262363600,34.10044636350,06,037,401901,06037401901,06037401901,Random Tract
Jerome St,California,7656024,-117.42437090900,33.95253636400,-117.42436181900,33.95007818230,06,065,031002,06065031002,06065031002,Random Tract
S CA International Airport,California,7686379,-117.39621181800,34.58895454570,-117.39261727300,34.58649818150,06,071,009102,06071009102,06071009102,Random Tract
S Old Fashion Way,California,7829922,-117.94749272800,33.80903999960,-117.94746909100,33.80833000010,06,059,087602,06059087602,06059087602,Random Tract
Newport Ave,California,7874569,-117.81971454600,33.74047090870,-117.81924727300,33.74093818210,06,059,075507,06059075507,06059075507,Random Tract
Driveway,California,7917928,-117.63475818200,33.60220090940,-117.63427272800,33.60136000020,06,059,032038,06059032038,06059032038,Random Tract
Arroyo Rd,California,7937905,-117.36680636300,33.61817909050,-117.36715636400,33.61930636370,06,065,046401,06065046401,06065046401,Random Tract
Driveway,California,8008167,-117.14081363600,33.53842727260,-117.14038272700,33.53974545480,06,065,043217,06065043217,06065043217,Random Tract
Wanda Ln,California,8028314,-116.89485545400,33.75330636390,-116.89482818200,33.75148727280,06,065,043703,06065043703,06065043703,Random Tract
Coast Blvd,California,8038146,-117.27408181900,32.84945818190,-117.27293454500,32.85003818170,06,073,008200,06073008200,06073008200,Random Urban
Hartley Dr,California,8042052,-117.25788909100,32.82738818220,-117.25976636300,32.82856727260,06,073,008311,06073008311,06073008311,Random Tract
Ocean View Blvd,California,8064444,-117.13535000000,32.70211727250,-117.13383363600,32.70115999990,06,073,004900,06073004900,06073004900,Random Urban
Village Center Dr,California,8126082,-117.24855000000,33.05467090930,-117.24745727200,33.05552181820,06,073,017108,06073017108,06073017108,Random Tract
Shifting Sands Trl,California,8346717,-116.47232727200,33.80866909130,-116.47228363600,33.80517000010,06,065,044907,06065044907,06065044907,Random Tract
US Hwy 85,Colorado,8838019,-105.02990272700,39.57103272730,-105.03045181800,39.56993454530,08,005,005634,08005005634,08005005634,Random Tract
Villa Loma Dr,Colorado,8921267,-104.73146363600,38.86794181820,-104.73113636400,38.86957727310,08,041,005800,08041005800,08041005800,Random Urban
,Colorado,9011583,-105.07679727300,40.43442909060,-105.07636636400,40.43442181780,08,069,001707,08069001707,08069001707,Random Tract
,Colorado,9050475,-105.04944454600,39.65344363630,-105.05111363600,39.65356363650,08,031,004801,08031004801,08031004801,Random Urban
Fairview Ave,Colorado,9061215,-105.01937000000,39.83755090930,-105.01966909100,39.84011454560,08,001,009309,08001009309,08001009309,Random Tract
Joliet St,Colorado,9159938,-104.86110545400,39.74380272750,-104.86111000000,39.74559727250,08,001,008000,08001008000,08001008000,Random Tract
Grilley Rd,Connecticut,9356855,-73.00336181840,41.59022545450,-73.00222181800,41.58857727240,09,009,361200,09009361200,09009361200,Random Tract
River Rd,Connecticut,9482826,-72.62135818140,41.55830909070,-72.63485363650,41.55963909090,09,007,541800,09007541800,09007541800,Random Tract
H St NW,District of Columbia,9574767,-77.05013000030,38.89957545490,-77.05143000000,38.89956636370,11,001,005600,11001005600,11001005600,Random Tract
16th St NW,District of Columbia,9578393,-77.03655818200,38.90023181790,-77.03652636400,38.90133181830,11,001,005202,11001005202,11001005202,Random Tract
Browns Ct SE,District of Columbia,9593654,-76.99730999990,38.88811818200,-76.99674636330,38.88812090880,11,001,006600,11001006600,11001006600,Random Tract
Massachusetts Ave SE,District of Columbia,9598299,-76.95560090930,38.87569727290,-76.95303636380,38.87465363670,11,001,009901,11001009901,11001009901,Random Tract
Pickwood Dr,Florida,9717241,-87.24583000020,30.53274090940,-87.24529727240,30.53492000000,12,033,003606,12033003606,12033003606,Random Tract
Highway 89,Florida,9743944,-87.09294727310,30.76694272710,-87.09285727250,30.77064999970,12,113,010400,12113010400,12113010400,Random Tract
Clearbrook Cove Rd,Florida,10181087,-81.71980909090,30.42380363590,-81.71630999970,30.42322818220,12,031,010500,12031010500,12031010500,Random Tract
Harlow Blvd,Florida,10185737,-81.75520272750,30.25882272690,-81.75520636350,30.25800363610,12,031,012800,12031012800,12031012800,Random Tract
Hanover Park Dr,Florida,10238460,-81.45540636340,30.26701181850,-81.45439909120,30.26502363600,12,031,014405,12031014405,12031014405,Random Tract
Pine Island Ct,Florida,10240250,-81.42918363620,30.31126636380,-81.43288363600,30.30832909070,12,031,014327,12031014327,12031014327,Random Tract
SE 135th St,Florida,10319358,-81.89552363610,29.02573454520,-81.90429181830,29.02576090880,12,083,000701,12083000701,12083000701,Random Tract
Oakwood Ave,Florida,10366559,-81.03233636330,29.18274909050,-81.03220000000,29.18210909070,12,127,082303,12127082303,12127082303,Random Tract
12th St N,Florida,10650606,-82.65079818180,27.79020272750,-82.65081727260,27.79119818170,12,103,023300,12103023300,12103023300,Random Tract
Victoria Dr,Florida,10719775,-82.79112272720,28.01574909120,-82.79106000040,28.01668818220,12,103,027101,12103027101,12103027101,Random Tract
County Hwy 102,Florida,10725468,-82.71672454560,28.01214636400,-82.71308909110,28.01214181790,12,103,026813,12103026813,12103026813,Random Tract
N River View Ave,Florida,10827630,-82.47879818200,27.97832181860,-82.47799818200,27.97926000030,12,057,002700,12057002700,12057002700,Random Tract
S Plant Ave,Florida,10830311,-82.46278909120,27.94006818140,-82.46290181860,27.93883363620,12,057,005500,12057005500,12057005500,Random Urban
Swift Rd,Florida,10938267,-82.51408363650,27.29075181850,-82.51409181850,27.29011181780,12,115,001704,12115001704,12115001704,Random Tract
Parma St,Florida,10938784,-82.51728090890,27.28001181790,-82.51420636330,27.27997363630,12,115,001803,12115001803,12115001803,Random Tract
Winter Park Ln,Florida,11403155,-80.10260000020,26.79578636370,-80.10016636370,26.79573363650,12,099,001004,12099001004,12099001004,Random Tract
Parking Lot,Florida,11646659,-80.17630818150,26.13049090880,-80.17828909120,26.13043272720,12,011,041400,12011041400,12011041400,Random Tract
Ridgemore Rd NW,Georgia,12112465,-84.44536363620,33.82965909070,-84.44470090870,33.82959999980,13,121,008901,13121008901,13121008901,Random Urban
,Georgia,12304816,-84.50130909100,33.97199272700,-84.50149636410,33.96907909080,13,067,030505,13067030505,13067030505,Random Tract
Kendra Dr,Georgia,12566452,-84.20660454540,33.47000818140,-84.20660727300,33.47135909080,13,151,070303,13151070303,13151070303,Random Tract
Seminole Dr,Georgia,12625902,-84.20236181820,33.87674727290,-84.20146909090,33.87699454510,13,135,050403,13135050403,13135050403,Random Tract
Cohen St,Georgia,13002793,-80.99750090890,31.97361818180,-80.99791181820,31.97467090930,13,051,011105,13051011105,13051011105,Random Tract
Fence Rd,Hawaii,13055932,-158.14049636300,21.43439181840,-158.14136545500,21.44027909080,15,003,009604,15003009604,15003009604,Random Tract
Maunakea St,Hawaii,13082157,-157.86362545500,21.31181181790,-157.86286545500,21.31227727280,15,003,005200,15003005200,15003005200,Random Tract
Bishop Dr,Hawaii,13083545,-157.86232363700,21.33968636400,-157.86217090900,21.33900363650,15,003,004800,15003004800,15003004800,Random Urban
74th St,Iowa,13374747,-93.71949999960,41.64559545480,-93.71951363600,41.64781363620,19,153,010404,19153010404,19153010404,Random Tract
Wakonda View Dr,Iowa,13406626,-93.64506818160,41.54667000000,-93.64978727240,41.54667999960,19,153,004502,19153004502,19153004502,Random Tract
7th Ave,Iowa,13688520,-91.57466363590,41.67989636380,-91.57462363680,41.68153818140,19,103,000200,19103000200,19103000200,Random Tract
Criswell St,Iowa,13730867,-90.43500363660,41.57261181860,-90.43501181770,41.57873727280,19,163,010102,19163010102,19163010102,Random Tract
Newman St,Idaho,13786976,-116.26578909100,43.62915636360,-116.26686636400,43.62915090920,16,001,001201,16001001201,16001001201,Random Tract
National Ave,Illinois,14589929,-89.07922363630,42.28244636330,-89.07734818200,42.28314727240,17,201,003000,17201003000,17201003000,Random Tract
Hennepin Rd,Illinois,14663612,-89.69243909070,39.84306727250,-89.69251545480,39.85224909070,17,167,000100,17167000100,17167000100,Random Tract
Maplewood Dr,Illinois,14795970,-88.13649909060,40.32310999960,-88.13649909060,40.32376545430,17,019,010100,17019010100,17019010100,Random Tract
Laraway Rd,Illinois,14928324,-88.13089818210,41.47938363640,-88.12560636340,41.48438181840,17,197,883100,17197883100,17197883100,Random Tract
Tower Hill Dr,Illinois,15010449,-88.35279272730,41.91263090890,-88.35161090930,41.90950545450,17,089,852202,17089852202,17089852202,Random Tract
S Quentin Rd,Illinois,15043917,-88.06305454550,42.10045636330,-88.06304818190,42.09954545440,17,031,803700,17031803700,17031803700,Random Tract
Small Tree Ct,Illinois,15053567,-88.21197090890,41.83226272710,-88.21129818190,41.83214090950,17,043,841601,17043841601,17043841601,Random Tract
W Bryn Mawr Ave,Illinois,15182826,-87.73953181840,41.98257181840,-87.74067818160,41.98256909080,17,031,130200,17031130200,17031130200,Random Tract
W Irving Park Rd,Illinois,15183335,-87.72271727240,41.95368727240,-87.72392272730,41.95366636320,17,031,160900,17031160900,17031160900,Random Tract
W Palmer St,Illinois,15186197,-87.71802090920,41.92095818140,-87.71920181800,41.92082272730,17,031,220900,17031220900,17031220900,Random Tract
W Cullerton St,Illinois,15239113,-87.70039636360,41.85459454560,-87.70105181830,41.85457454560,17,031,300300,17031300300,17031300300,Random Urban
W Washington Blvd,Illinois,15242515,-87.68286999970,41.88308363630,-87.68403999960,41.88306090950,17,031,281100,17031281100,17031281100,Random Urban
W Kinzie St,Illinois,15246210,-87.66221363620,41.88889636390,-87.66258181860,41.88889272700,17,031,243300,17031243300,17031243300,Random Tract
W Grand Ave,Illinois,15248998,-87.64392999990,41.89129090860,-87.64357636400,41.89129727320,17,031,243600,17031243600,17031243600,Random Tract
W 33rd St,Illinois,15250986,-87.64374181850,41.83442818220,-87.64495818220,41.83440090940,17,031,600800,17031600800,17031600800,Random Urban
W 37th St,Illinois,15253745,-87.63508363600,41.82724363600,-87.63595272730,41.82723090880,17,031,340600,17031340600,17031340600,Random Urban
W Farragut Ave,Illinois,15259285,-87.68430818200,41.97688272700,-87.68677727250,41.97683727250,17,031,040100,17031040100,17031040100,Random Urban
Long Ave,Illinois,15326362,-87.75554636360,41.73972999970,-87.75554090920,41.73880999960,17,031,821101,17031821101,17031821101,Random Tract
W 44th Pl,Illinois,15330146,-87.74702999960,41.81185090910,-87.74808636400,41.81181272750,17,031,560200,17031560200,17031560200,Random Urban
157th St,Illinois,15355830,-87.74386818210,41.60674090950,-87.74628363610,41.60670454540,17,031,825000,17031825000,17031825000,Random Tract
S Halsted St,Illinois,15391238,-87.64306181770,41.71238000020,-87.64301727250,41.71055454560,17,031,730600,17031730600,17031730600,Random Tract
S Francisco Ave,Illinois,15397409,-87.69669090950,41.81007363650,-87.69666818180,41.80827818140,17,031,580900,17031580900,17031580900,Random Urban
S Woodlawn Ave,Illinois,15409754,-87.59653363620,41.79505000040,-87.59647000020,41.79326727250,17,031,411300,17031411300,17031411300,Random Urban
S Buffalo Ave,Illinois,15411997,-87.54439272730,41.73566727280,-87.54437727250,41.73385363610,17,031,460700,17031460700,17031460700,Random Urban
S Vernon Ave,Illinois,15413899,-87.61304090910,41.72555909090,-87.61299363620,41.72373000020,17,031,490400,17031490400,17031490400,Random Urban
S 5th St,Indiana,15598937,-87.41123545490,39.45560272730,-87.41123545490,39.45242272720,18,167,000800,18167000800,18167000800,Random Tract
S 22nd St,Indiana,15601826,-87.38359727300,39.46243272750,-87.38359636380,39.46112272730,18,167,001500,18167001500,18167001500,Random Tract
S 500 W,Indiana,15823411,-87.16175090900,41.36202181810,-87.16175272740,41.36456363670,18,127,051004,18127051004,18127051004,Random Tract
Parking Lot,Indiana,16213104,-85.13936272770,41.13081090890,-85.13927818150,41.12928999970,18,003,003304,18003003304,18003003304,Random Tract
N 131st Dr,Kansas,16913360,-94.88100363660,39.17673272740,-94.88096909100,39.17904181860,20,209,044803,20209044803,20209044803,Random Tract
N 45th Ter,Kansas,16920839,-94.68439727280,39.13602999980,-94.68433818200,39.13872727250,20,209,040500,20209040500,20209040500,Random Tract
Covered Bridge Rd,Kentucky,17408230,-85.52369909090,38.36641636390,-85.52873181850,38.36664363610,21,185,030700,21185030700,21185030700,Random Tract
Granard Ave,Kentucky,17479386,-84.48548272720,38.05906272690,-84.48669272730,38.06017636360,21,067,000200,21067000200,21067000200,Random Tract
Kittiwake Dr,Kentucky,17486941,-84.46554818210,37.97800818160,-84.46814999990,37.97783090910,21,067,003405,21067003405,21067003405,Random Urban
Grandview Dr,Kentucky,17643492,-82.63134272710,38.44569636330,-82.62859000030,38.44582545470,21,019,030500,21019030500,21019030500,Random Tract
,Louisiana,17903135,-92.04805818140,30.12044090950,-92.04512090930,30.11788454520,22,055,001402,22055001402,22055001402,Random Tract
,Louisiana,17929483,-93.90013090910,32.38439545500,-93.90881000000,32.38500272760,22,017,024202,22017024202,22017024202,Random Tract
Airport Service Dr,Louisiana,17938920,-93.83225999970,32.44316909060,-93.83020454520,32.44211181790,22,017,023500,22017023500,22017023500,Random Tract
Lake Limestone Dr,Louisiana,18194423,-91.04944363670,30.41439727230,-91.04936545420,30.41225363660,22,033,003907,22033003907,22033003907,Random Tract
Verbena St,Louisiana,18311125,-90.05001909060,30.00010636320,-90.04775818150,30.00022454580,22,071,002402,22071002402,22071002402,Random Urban
Robert E Lee Blvd,Louisiana,18311409,-90.07399818200,30.02116545480,-90.07347818140,30.02118363640,22,071,003301,22071003301,22071003301,Random Urban
Avalon Way,Louisiana,18326964,-90.14597545430,29.98100727300,-90.14504181860,29.98096090930,22,051,022600,22051022600,22051022600,Random Tract
Port of New Orleans Pl,Louisiana,18347863,-90.06246727250,29.94573545490,-90.06226545480,29.94396818190,22,071,005700,22071005700,22071005700,Random Tract
Holly Dr,Louisiana,18348084,-90.05261636330,29.91683727250,-90.05170636360,29.91556090880,22,051,025600,22051025600,22051025600,Random Tract
Gordon St,Louisiana,18355420,-90.01182000000,29.96114363670,-90.01134727320,29.96209818160,22,071,000904,22071000904,22071000904,Random Tract
Washington St,Massachusetts,18420100,-72.57801000000,42.15111363630,-72.57790999980,42.15027909060,25,013,810700,25013810700,25013810700,Random Tract
Ashby State Rd,Massachusetts,18449318,-71.80211090880,42.61728181800,-71.80182909090,42.62001727240,25,027,711100,25027711100,25027711100,Random Tract
Rice St,Massachusetts,18480357,-71.78101727240,42.32365363670,-71.78331454560,42.32139727280,25,027,730200,25027730200,25027730200,Random Tract
Bardsley St,Massachusetts,18534905,-71.12245181850,41.68834090880,-71.12194454510,41.68825454510,25,005,641600,25005641600,25005641600,Random Tract
Royal Crest Dr,Massachusetts,18611300,-71.53661636390,42.35732363630,-71.53341090940,42.35754181810,25,017,321600,25017321600,25017321600,Random Tract
Chestnut St,Massachusetts,18640208,-71.27854181840,42.31494818220,-71.27997727310,42.31708727280,25,021,404201,25021404201,25021404201,Random Tract
Southwood Ln,Massachusetts,18706306,-71.24055818200,42.26282909090,-71.24039727260,42.26149181790,25,021,403300,25021403300,25021403300,Random Tract
Commodore Ter,Massachusetts,18719012,-71.12906999960,42.25569999960,-71.12944090880,42.25530181840,25,025,140104,25025140104,25025140104,Random Tract
Glen Rd,Massachusetts,18745716,-71.08994000000,42.15395000000,-71.09113636370,42.15423090950,25,021,415200,25021415200,25021415200,Random Tract
Potter Dr,Massachusetts,18832782,-70.96701818150,42.23362727310,-70.96716999970,42.23453000000,25,021,419400,25021419400,25021419400,Random Tract
E 6th St,Massachusetts,18839860,-71.03909545490,42.33306000030,-71.03733272700,42.33308818150,25,025,060300,25025060300,25025060300,Random Tract
Horizon Run Rd,Maryland,19163553,-77.19641090940,39.15799090910,-77.19752181860,39.15743999970,24,031,700713,24031700713,24031700713,Random Tract
Smithwood Ave,Maryland,19249957,-76.74726818190,39.26857363610,-76.74837818180,39.26997272760,24,005,401000,24005401000,24005401000,Random Tract
Old Stage Rd,Maryland,19302540,-76.63339818190,39.13883636390,-76.63357999960,39.14118909110,24,003,740201,24003740201,24003740201,Random Tract
N Warwick Ave,Maryland,19327879,-76.65571000030,39.29020999980,-76.65615636350,39.29154272760,24,510,200200,24510200200,24510200200,Random Urban
Homeland Ave,Maryland,19333237,-76.62349999970,39.35320181820,-76.61865181840,39.35362000030,24,510,271101,24510271101,24510271101,Random Urban
Ridge Rd,Maryland,19371487,-76.48566636320,39.35052454550,-76.48518363590,39.35370181790,24,005,440701,24005440701,24005440701,Random Tract
Walther Blvd,Maryland,19372610,-76.49359454540,39.40646636340,-76.49220181840,39.40800727260,24,005,411410,24005411410,24005411410,Random Tract
Somerville Rd,Maryland,19384513,-76.35047818140,39.49622090880,-76.34720181810,39.49040727290,24,025,301202,24025301202,24025301202,Random Tract
77th St,Michigan,19793858,-86.29191272700,42.32039818170,-86.29197909070,42.32209636350,26,159,010600,26159010600,26159010600,Random Tract
Driveway,Michigan,20288885,-83.77910636360,42.28503727240,-83.77884636330,42.28548363650,26,161,403400,26161403400,26161403400,Random Urban
E Richfield Rd,Michigan,20461051,-83.57050999990,43.06259090920,-83.56305636400,43.06283090950,26,049,011800,26049011800,26049011800,Random Tract
27 Mile Rd,Michigan,20502432,-82.98117818190,42.73058272700,-82.98914363650,42.73004909090,26,099,215500,26099215500,26099215500,Random Tract
S Parent St,Michigan,20554065,-83.39107363650,42.30989636380,-83.39102272770,42.30852636360,26,163,568200,26163568200,26163568200,Random Tract
Bonanza St,Michigan,20559108,-83.31733727230,42.26461363630,-83.31779363600,42.26460181830,26,163,585500,26163585500,26163585500,Random Tract
Mount Hope Memorial Gdns,Michigan,20567072,-83.33122181810,42.41850363640,-83.33072727280,42.41696909090,26,163,557000,26163557000,26163557000,Random Tract
Norborne,Michigan,20568152,-83.29959818180,42.43548181860,-83.29969727270,42.43724818160,26,163,554100,26163554100,26163554100,Random Tract
Driveway,Michigan,20606313,-83.19065272720,42.25822272740,-83.19394999980,42.25967818210,26,163,576100,26163576100,26163576100,Random Tract
Joy Rd,Michigan,20736801,-83.13065181830,42.36517909110,-83.13083000010,42.36494181850,26,163,533400,26163533400,26163533400,Random Tract
John R St,Michigan,20752404,-83.10203272700,42.42407999970,-83.10203454550,42.42414363660,26,163,507800,26163507800,26163507800,Random Tract
Grinnell St,Michigan,20776482,-83.01762272760,42.40090909130,-83.01311363660,42.40106909060,26,163,504700,26163504700,26163504700,Random Tract
McKinney St,Michigan,20786764,-82.94034454540,42.42446818220,-82.93760636330,42.42801999970,26,163,500800,26163500800,26163500800,Random Tract
Highview Pl,Minnesota,21168127,-93.55115181840,44.91329909110,-93.55121272770,44.91205999980,27,053,027501,27053027501,27053027501,Random Tract
,Minnesota,21170651,-93.51527000010,44.82309181800,-93.51487090890,44.82350272730,27,053,026017,27053026017,27053026017,Random Tract
11th Ave NE,Minnesota,21357268,-92.44909181820,44.17972909120,-92.44844727230,44.18925909090,27,109,001900,27109001900,27109001900,Random Tract
Driveway,Minnesota,21364063,-92.42394909050,44.01375999990,-92.42405909110,44.01490272710,27,109,000200,27109000200,27109000200,Random Tract
Vincent Ave S,Minnesota,21396852,-93.31622818140,44.91602090900,-93.31632363630,44.91423454520,27,053,010600,27053010600,27053010600,Random Urban
Grand Ave,Minnesota,21411471,-93.15935181780,44.94006090880,-93.16189909090,44.94005545440,27,123,035200,27123035200,27123035200,Random Tract
Shepard Rd,Minnesota,21432215,-93.10878818220,44.93615545440,-93.11282545470,44.93325818140,27,123,036000,27123036000,27123036000,Random Urban
Robinson Dr NW,Minnesota,21473615,-93.29959727240,45.16483636380,-93.29978090950,45.16570727270,27,003,050608,27003050608,27003050608,Random Tract
73rd Ave NE,Minnesota,21480468,-93.24353454510,45.10050454560,-93.24283727280,45.10050909080,27,003,051103,27003051103,27003051103,Random Tract
Selby Ave,Minnesota,21523525,-93.12882181830,44.94659090860,-93.13137090880,44.94658636350,27,123,035400,27123035400,27123035400,Random Tract
Boutwell Pl,Minnesota,21555812,-92.83641727250,45.05955727260,-92.83662272720,45.06045181830,27,163,070501,27163070501,27163070501,Random Tract
Northridge Dr,Minnesota,21565307,-92.89034909130,44.72729909050,-92.89285909110,44.72758181840,27,037,061107,27037061107,27037061107,Random Tract
S US Highway 71,Missouri,21690090,-94.52598545450,38.88501363600,-94.52609727260,38.88338000040,29,095,013301,29095013301,29095013301,Random Tract
N Ambassador Dr,Missouri,21698722,-94.68212727250,39.30695363610,-94.68211909130,39.30901181820,29,165,030201,29165030201,29165030201,Random Tract
Archibald St,Missouri,21717815,-94.58752909100,39.05354363670,-94.58861363650,39.05302909050,29,095,006800,29095006800,29095006800,Random Urban
Monroe Ave,Missouri,21727036,-94.53922363600,39.08892636370,-94.53930090930,39.08752636390,29,095,003300,29095003300,29095003300,Random Urban
Harrison St,Missouri,21734716,-94.57745909070,38.97222636360,-94.57756000000,38.97115363600,29,095,009700,29095009700,29095009700,Random Tract
Crescent Ave,Missouri,21752116,-94.46760818160,39.03452181800,-94.46733727250,39.03427090900,29,095,010600,29095010600,29095010600,Random Urban
N Booth Ct,Missouri,21771304,-94.47967636400,39.25847909050,-94.47976818210,39.25896363630,29,047,021304,29047021304,29047021304,Random Urban
County Road 184,Missouri,21861357,-93.69909181840,39.14966818170,-93.69946818200,39.14401454510,29,107,090200,29107090200,29107090200,Random Tract
,Missouri,22352747,-90.90113909110,38.76210272720,-90.89848363680,38.76181818170,29,183,312202,29183312202,29183312202,Random Tract
,Missouri,22589425,-90.31353454520,38.77066636400,-90.31250454530,38.77153909130,29,189,211600,29189211600,29189211600,Random Tract
River Thames Rd,Mississippi,22786760,-90.12979272700,32.37188181860,-90.13042909080,32.37313000020,28,049,000100,28049000100,28049000100,Random Tract
Mosby Rd,Mississippi,22963461,-89.95519727290,34.74823636370,-89.95694090910,34.75082090920,28,033,071000,28033071000,28033071000,Random Tract
Byswick Pl,North Carolina,24201833,-80.76256363640,35.12941909050,-80.76306363610,35.12926181800,37,119,003015,37119003015,37119003015,Random Tract
Rocky Dale Ln,North Carolina,24302489,-80.53264090900,35.97533727290,-80.53850090940,35.97511818190,37,059,080200,37059080200,37059080200,Random Tract
Aster Dr,North Carolina,24474160,-79.74795090880,36.05724363620,-79.74808181860,36.05902272720,37,081,012803,37081012803,37081012803,Random Tract
Seawell School Rd,North Carolina,24498054,-79.07659363660,35.94080272720,-79.07559181790,35.94478909080,37,135,010702,37135010702,37135010702,Random Tract
William St,Nebraska,25846310,-96.17510999980,41.24530363640,-96.17621727300,41.24574727280,31,055,007450,31055007450,31055007450,Random Urban
US Hwy 275,Nebraska,25861778,-96.05042727280,41.21240000040,-96.04494636360,41.21242000040,31,055,007458,31055007458,31055007458,Random Tract
N 144th St,Nebraska,25871488,-96.13885090870,41.30239909110,-96.13886272760,41.29896909130,31,055,007431,31055007431,31055007431,Random Urban
Redick Ave,Nebraska,25888751,-95.97740272740,41.31759454550,-95.97822636340,41.31758545420,31,055,006101,31055006101,31055006101,Random Tract
Joanna Way,New Jersey,26361407,-74.41704090950,40.99696000010,-74.41693909100,40.99172090870,34,027,040702,34027040702,34027040702,Random Tract
Boonton Ave,New Jersey,26362985,-74.34723818170,40.98346818190,-74.34835181850,40.97888000000,34,027,040701,34027040701,34027040701,Random Tract
S Olden Ave,New Jersey,26400981,-74.69769636400,40.20414818210,-74.69659727280,40.20401727230,34,021,002702,34021002702,34021002702,Random Tract
Timberline Dr,New Jersey,26461923,-74.38126909090,40.64627727240,-74.38021454590,40.64816727230,34,039,038700,34039038700,34039038700,Random Tract
Albert Dr,New Jersey,26557782,-74.29751545450,40.46176909060,-74.29701272720,40.46099545420,34,023,007303,34023007303,34023007303,Random Tract
Bostwick Ave,New Jersey,26603724,-74.07842090890,40.70590090940,-74.08201181820,40.70824818220,34,017,005200,34017005200,34017005200,Random Tract
Bond Pl,New Jersey,26617740,-74.29421090910,40.83577181810,-74.29671999960,40.83456545490,34,013,021801,34013021801,34013021801,Random Tract
S 13th St,New Jersey,26629589,-74.20513909130,40.73622454510,-74.20536090910,40.73563272740,34,013,003400,34013003400,34013003400,Random Urban
Beaverbrook Rd,New Jersey,26637197,-74.31368909060,40.93527272750,-74.31380909070,40.93959181780,34,027,040101,34027040101,34027040101,Random Tract
E 41st St,New Jersey,26654929,-74.13723727310,40.90339999960,-74.13751272730,40.90246818150,34,031,182600,34031182600,34031182600,Random Tract
Summit Ln,New Mexico,26867285,-106.71281909100,32.26001636340,-106.71325818200,32.25802818180,35,013,001202,35013001202,35013001202,Random Tract
Telstar Loop NW,New Mexico,27137436,-106.71252090900,35.09792818150,-106.71255181800,35.09854636380,35,001,004705,35001004705,35001004705,Random Urban
Adams St SE,New Mexico,27149330,-106.59433909100,35.07432000030,-106.59434000000,35.07290454560,35,001,000500,35001000500,35001000500,Random Tract
Archuleta Dr NE,New Mexico,27160477,-106.49014272700,35.09476545480,-106.49015000000,35.09368909130,35,001,000125,35001000125,35001000125,Random Tract
Smith St,Nevada,27805565,-115.21782181800,36.18750727250,-115.21784909100,36.18766090910,32,003,003423,32003003423,32003003423,Random Tract
Stephanie St,Nevada,27853251,-115.04601545500,36.08559090920,-115.04601818200,36.08398727230,32,003,005010,32003005010,32003005010,Random Tract
Bridger Ave,Nevada,27868855,-115.14674181800,36.16890181840,-115.14558727300,36.16841363670,32,003,000700,32003000700,32003000700,Random Urban
I 390,New York,28099982,-77.83987181790,42.74463272740,-77.83994545440,42.74928818220,36,051,030800,36051030800,36051030800,Random Tract
Oak St,New York,28130683,-77.62563272740,43.16028272710,-77.62735363680,43.16155909080,36,055,000200,36055000200,36055000200,Random Urban
Meadowbrook Cir,New York,28226178,-76.43686272690,43.32909727240,-76.43775727270,43.32902636360,36,075,021104,36075021104,36075021104,Random Tract
Charles Storch Rd,New York,28304326,-76.88398090880,42.12295090870,-76.87731818160,42.11836818200,36,015,010300,36015010300,36015010300,Random Tract
6th Ave,New Jersey,28561006,-74.19579000010,40.62220727300,-74.19838363680,40.61988545470,36,085,029102,36085029102,36085029102,Random Urban
Castleton Ave,New York,28569223,-74.11845727310,40.63445000040,-74.11942090920,40.63435999980,36,085,013301,36085013301,36085013301,Random Urban
W 135th St,New York,28586714,-73.95516999970,40.82013909090,-73.95746181850,40.82113818200,36,061,022302,36061022302,36061022302,Random Tract
Grand Blvd,New York,28589607,-73.91178636330,40.84382454560,-73.91156636400,40.84441181820,36,005,022702,36005022702,36005022702,Random Tract
E 115th St,New York,28596945,-73.94535818210,40.79929545440,-73.94390181820,40.79866545410,36,061,018400,36061018400,36061018400,Random Urban
3rd Ave,New York,28598732,-73.93721727260,40.80176454580,-73.93677181860,40.80238727240,36,061,019600,36061019600,36061019600,Random Urban
Randalls Is,New York,28599060,-73.91859272760,40.79653363640,-73.91902000000,40.79606181790,36,061,024000,36061024000,36061024000,Random Tract
Furman Ave,New York,28605403,-73.85066636330,40.90163090900,-73.84973363680,40.90281636390,36,005,044000,36005044000,36005044000,Random Tract
Bloomingdale Dr,New York,28616447,-73.78820636340,40.97722272750,-73.78820272750,40.97994272710,36,119,006801,36119006801,36119006801,Random Tract
32nd Ave,New York,28627580,-73.86882818190,40.75917090900,-73.86780090880,40.75927909120,36,081,036300,36081036300,36081036300,Random Urban
Kelly St,New York,28630196,-73.89585090910,40.82599454530,-73.89623363630,40.82718000020,36,005,013100,36005013100,36005013100,Random Tract
Valentine Ave,New York,28631890,-73.90059909120,40.85050818200,-73.90001181860,40.85252090880,36,005,037900,36005037900,36005037900,Random Urban
Clinton Ave,New York,28633623,-73.88940090930,40.84572090910,-73.88892363640,40.84628090880,36,005,037100,36005037100,36005037100,Random Tract
Bronx Park E,New York,28634853,-73.87047090870,40.86795272740,-73.87052000000,40.86966909080,36,005,033600,36005033600,36005033600,Random Urban
161st St,New York,28646892,-73.80514454560,40.75881909060,-73.80546090910,40.75646909110,36,081,119100,36081119100,36081119100,Random Urban
E 28th St,New York,28653704,-73.94094181840,40.58506181820,-73.94073727300,40.58389818190,36,047,060800,36047060800,36047060800,Random Tract
E 37th St,New York,28656911,-73.93972181790,40.61841181840,-73.93788272770,40.61674818140,36,047,064800,36047064800,36047064800,Random Urban
16th St,New York,28661935,-73.97801363670,40.65925636370,-73.97564454550,40.65811363650,36,047,017100,36047017100,36047017100,Random Urban
8th Ave,New York,28666605,-74.00251727300,40.73975363590,-74.00200727280,40.74044454550,36,061,008100,36061008100,36061008100,Random Urban
Avenue of the Americas,New York,28666932,-74.00427818150,40.72482999990,-74.00401545440,40.72548999980,36,061,005100,36061005100,36061005100,Random Urban
E 1st St,New York,28668073,-73.98844636330,40.72327363680,-73.98698818190,40.72267999970,36,061,003002,36061003002,36061003002,Random Tract
Kent Ave,New York,28673428,-73.95899363640,40.69262999980,-73.95874272740,40.69131909130,36,047,023500,36047023500,36047023500,Random Urban
34th St,New York,28677312,-73.93166090930,40.73831727290,-73.93285090930,40.73788181850,36,081,019100,36081019100,36081019100,Random Urban
59th St,New York,28677831,-73.90876090910,40.72469363660,-73.90863727300,40.72398818140,36,081,052900,36081052900,36081052900,Random Tract
Greene Ave,New York,28679363,-73.93354090880,40.69042818150,-73.93062818180,40.69075727310,36,047,029100,36047029100,36047029100,Random Urban
George St,New York,28680002,-73.92984636340,40.70304909080,-73.92839272710,40.70453818200,36,047,042700,36047042700,36047042700,Random Tract
Pacific St,New York,28682491,-73.95519181810,40.67834727280,-73.95280909050,40.67784181780,36,047,022100,36047022100,36047022100,Random Tract
Empire Blvd,New York,28683671,-73.93993818220,40.66390727240,-73.93715636330,40.66375272750,36,047,033100,36047033100,36047033100,Random Urban
Bergen St,New York,28683945,-73.93803909100,40.67544181780,-73.93607000020,40.67534090940,36,047,034300,36047034300,36047034300,Random Urban
Alley,New York,28697249,-73.87876818160,40.72521000030,-73.87725181850,40.72330727230,36,081,067102,36081067102,36081067102,Random Urban
I 678,New York,28705769,-73.83514636340,40.73247272730,-73.83464000010,40.73149909070,36,081,079300,36081079300,36081079300,Random Urban
169th St,New York,28711020,-73.79376363680,40.71208363610,-73.79332363630,40.71120727280,36,081,045400,36081045400,36081045400,Random Urban
229th St,New York,28949096,-73.72962181840,40.69783090870,-73.73051545490,40.69608636330,36,081,059400,36081059400,36081059400,Random Urban
Hicks St,New York,28959064,-73.70227636410,40.66525272740,-73.70285363620,40.66468272720,36,059,410500,36059410500,36059410500,Random Tract
Ludlam Ave,New York,29010365,-73.54889272720,40.90446909120,-73.54863999970,40.90345181850,36,059,517902,36059517902,36059517902,Random Tract
I 74,Ohio,29238939,-84.74918727240,39.22612363630,-84.74562272760,39.22416454510,39,061,026002,39061026002,39061026002,Random Tract
Glenrose Ln,Ohio,29299723,-84.30200000010,39.09848000030,-84.30020909110,39.09797727290,39,025,041403,39025041403,39025041403,Random Tract
Rolling Meadows Dr,Ohio,29330701,-84.20944181830,38.90270272680,-84.20722818200,38.89620272750,39,025,041702,39025041702,39025041702,Random Tract
Jasper St,Ohio,29408542,-84.18671181780,39.74121000000,-84.18439818140,39.74159909080,39,113,003400,39113003400,39113003400,Random Tract
Durbridge Rd,Ohio,29527782,-82.97431909140,40.08906999960,-82.97098909070,40.08938545480,39,049,006943,39049006943,39049006943,Random Urban
,Ohio,29593653,-82.96471727270,40.00262727240,-82.95994272700,40.00224090930,39,049,007511,39049007511,39049007511,Random Urban
Cloverdale Rd,Ohio,29770245,-83.57200272700,41.34850090950,-83.57193727260,41.35277909060,39,173,022000,39173022000,39173022000,Random Tract
US Hwy 20,Ohio,29883765,-82.09382363650,41.32419363660,-82.10360090930,41.32184181770,39,093,071300,39093071300,39093071300,Random Tract
Ravines Edge Way,Ohio,29885082,-82.12093727250,41.29931909120,-82.12401909090,41.29958818180,39,093,077100,39093077100,39093077100,Random Tract
W 3rd St,Ohio,29917304,-81.69840363620,41.50205454520,-81.69691545430,41.50043272760,39,035,107100,39035107100,39035107100,Random Tract
E 6th St,Ohio,29918562,-81.68900454540,41.49835727310,-81.68866636350,41.49796363620,39,035,107700,39035107700,39035107700,Random Tract
E 98th Pl,Ohio,29922657,-81.62261090920,41.52627909120,-81.62258545480,41.52488181810,39,035,111901,39035111901,39035111901,Random Urban
I 71,Ohio,29928816,-81.69321999970,41.47501181790,-81.69336727270,41.47737272720,39,035,104400,39035104400,39035104400,Random Tract
,Ohio,29999617,-80.53988636360,41.96087636390,-80.54165181820,41.95340000020,39,007,000101,39007000101,39007000101,Random Tract
East Ave,Ohio,30033585,-81.56901363640,41.04831090940,-81.56915818170,41.04815909130,39,153,505100,39153505100,39153505100,Random Tract
Berkeley Rd,Ohio,30105979,-81.56432363590,41.51060454560,-81.56083818200,41.50988272720,39,035,140701,39035140701,39035140701,Random Tract
Euclid Square Mall,Ohio,30110944,-81.50963363650,41.59189636340,-81.50446090870,41.59596818160,39,035,152303,39035152303,39035152303,Random Tract
Lander Rd,Ohio,30114678,-81.46325727310,41.52358090920,-81.46324545420,41.52006727240,39,035,172101,39035172101,39035172101,Random Tract
John White Rd,Ohio,30165995,-80.53399181840,41.13351363600,-80.53400727230,41.13771000040,39,155,931500,39155931500,39155931500,Random Tract
I 680,Ohio,30184597,-80.62564181800,41.07312000040,-80.62521363640,41.07106181820,39,099,801200,39099801200,39099801200,Random Tract
Lake Rd,Ohio,30235414,-81.65422818190,39.35557818140,-81.65148636390,39.36617454500,39,167,021700,39167021700,39167021700,Random Tract
Camp Alley St,Ohio,30262915,-82.43394545450,40.05408818140,-82.43511363610,40.05412818150,39,089,753600,39089753600,39089753600,Random Tract
State Hwy 7,West Virginia,30364608,-80.70987636330,40.11777000020,-80.71037363620,40.12155999960,54,069,000200,54069000200,54069000200,Random Tract
NW De Bracy Ave,Oklahoma,30496511,-98.46281181840,34.63470909090,-98.46335272730,34.63520636380,40,031,000401,40031000401,40031000401,Random Tract
SW B Ave,Oklahoma,30500335,-98.42905090910,34.60618363610,-98.43117181800,34.60620090930,40,031,001400,40031001400,40031001400,Random Tract
S 1st St,Oklahoma,30556747,-97.74473272710,35.49520272680,-97.74472818200,35.49342818190,40,017,301201,40017301201,40017301201,Random Tract
Cedar Valley Ter,Oklahoma,30597480,-97.53548909080,35.35327545460,-97.53700000040,35.35174727260,40,027,201802,40027201802,40027201802,Random Urban
,Oklahoma,30658202,-97.47169727240,35.71085363610,-97.47197818190,35.71990272690,40,109,108206,40109108206,40109108206,Random Tract
Remington Park,Oklahoma,30662257,-97.47642545450,35.53415000030,-97.46155727250,35.53100727270,40,109,106100,40109106100,40109106100,Random Tract
S Zunis Ave,Oklahoma,30914612,-95.96102272740,36.11630272740,-95.96102545420,36.11576090920,40,143,004302,40143004302,40143004302,Random Urban
E Independence St,Oklahoma,30941372,-95.88664727260,36.16659909080,-95.88542909050,36.16640272740,40,143,008200,40143008200,40143008200,Random Tract
S 127th East Ave,Oklahoma,30945100,-95.83493181850,36.13910454500,-95.83482727240,36.13814272730,40,143,007310,40143007310,40143007310,Random Tract
Driveway,Oregon,31389628,-122.70293272700,45.53758363600,-122.70093090900,45.53759818160,41,051,004500,41051004500,41051004500,Random Tract
NE Hassalo St,Oregon,31414583,-122.57633090900,45.53094454570,-122.57359909100,45.53091909120,41,051,001702,41051001702,41051001702,Random Tract
SE 170th Ave,Oregon,31616819,-122.48786818200,45.49857818170,-122.48787909100,45.49785272740,41,051,009804,41051009804,41051009804,Random Tract
Main St,Pennsylvania,32010995,-80.09061363630,40.38161909060,-80.09219363630,40.37869090890,42,003,470400,42003470400,42003470400,Random Tract
Arnold St,Pennsylvania,32016249,-80.04788909060,40.43988636390,-80.04912727270,40.43989272750,42,003,281500,42003281500,42003281500,Random Urban
Brighton Pl,Pennsylvania,32164608,-80.01717363650,40.45777090890,-80.01773363620,40.45952727320,42,003,261400,42003261400,42003261400,Random Urban
Federal St,Pennsylvania,32164941,-80.00889090920,40.46234636360,-80.00963818200,40.46374090900,42,003,261400,42003261400,42003261400,Random Urban
Golden Grove Rd,Pennsylvania,32167545,-80.15506363620,40.65703090940,-80.15417909090,40.65970363610,42,007,603802,42007603802,42007603802,Random Tract
Hamilton Rd,Pennsylvania,32218110,-79.53806727270,40.50811272760,-79.52869454550,40.50460000000,42,129,801800,42129801800,42129801800,Random Tract
Parker Pike,Pennsylvania,32226302,-79.73480272700,41.13387272720,-79.74126181800,41.13919727310,42,019,910100,42019910100,42019910100,Random Tract
Route 993,Pennsylvania,32269928,-79.71820636360,40.33775000030,-79.71845363670,40.33517818200,42,129,803100,42129803100,42129803100,Random Tract
Loucks Mill Rd,Pennsylvania,32763683,-76.72493272750,39.96995909060,-76.72318363600,39.97597999960,42,133,010300,42133010300,42133010300,Random Tract
Second Lock Rd,Pennsylvania,32847680,-76.31098272710,40.00764818200,-76.31216636350,40.00518363670,42,071,013501,42071013501,42071013501,Random Tract
Maple St,Pennsylvania,33127065,-75.89083999960,41.02298090860,-75.89206363600,41.02372909060,42,079,216700,42079216700,42079216700,Random Tract
Ashland Ave,Pennsylvania,33274538,-75.23592636330,39.94406454580,-75.23711545410,39.94322636330,42,101,007200,42101007200,42101007200,Random Urban
W Harvey St,Pennsylvania,33300453,-75.18450272760,40.03250181820,-75.18643636350,40.03216636390,42,101,023900,42101023900,42101023900,Random Tract
Hedley St,Pennsylvania,33322660,-75.07418999960,39.99282000000,-75.07228090880,39.99025363620,42,101,018300,42101018300,42101018300,Random Tract
Covered Bridge Rd,Pennsylvania,33384229,-74.97229727310,40.20431636340,-74.97256545450,40.20750909070,42,017,105009,42017105009,42017105009,Random Tract
Castor Ave,Pennsylvania,33410539,-75.05190272720,40.06617181780,-75.05118636330,40.06662909070,42,101,033700,42101033700,42101033700,Random Urban
Old Carriage Rd,Rhode Island,33692381,-71.75902454510,41.38827454570,-71.76703090890,41.38758636380,44,009,050902,44009050902,44009050902,Random Tract
Sonoma Ct,Rhode Island,33762172,-71.44179909140,41.81952636380,-71.44199818150,41.82039727260,44,007,001900,44007001900,44007001900,Random Tract
King George Way,South Carolina,33905485,-81.12839272710,34.05070999990,-81.12790181780,34.05063818180,45,063,020511,45063020511,45063020511,Random Tract
Stanford Rd,South Carolina,34055290,-82.45324090900,34.85326727270,-82.45038090940,34.85479272700,45,045,002202,45045002202,45045002202,Random Tract
Piedmont Rd,South Carolina,34153267,-81.39250545480,35.10604909110,-81.39427181860,35.11238545430,45,091,061701,45091061701,45091061701,Random Tract
Anchor Watch Dr,South Carolina,34355971,-80.15990999990,32.64670454550,-80.16423454560,32.64380272730,45,019,002200,45019002200,45019002200,Random Tract
N Dunlap St,Tennessee,34925590,-90.03056363680,35.15824454560,-90.03033090930,35.15974363640,47,157,002000,47157002000,47157002000,Random Tract
Boeingshire Dr,Tennessee,34941382,-89.99677999980,35.01285272700,-89.99684363670,35.01094000030,47,157,022120,47157022120,47157022120,Random Tract
Riverdale Rd,Tennessee,35009628,-89.82962272690,35.05222454520,-89.82981909120,35.05087818190,47,157,021724,47157021724,47157021724,Random Urban
Championship Dr,Tennessee,35014366,-89.78482454510,35.05256181800,-89.78443909120,35.05304636370,47,157,021342,47157021342,47157021342,Random Tract
National Cemetery,Tennessee,36053328,-85.28933727300,35.03514090940,-85.29227636360,35.03406181830,47,065,001400,47065001400,47065001400,Random Tract
Palmleaf Rd,Tennessee,36289802,-83.91192272740,36.08721000000,-83.91068000010,36.08612999970,47,093,006203,47093006203,47093006203,Random Tract
3rd St,Texas,37429346,-101.84797727200,33.59435272740,-101.84909363700,33.59435181820,48,303,000700,48303000700,48303000700,Random Tract
North South Fwy,Texas,38044129,-97.31689727260,32.75627454500,-97.31495818140,32.75244727230,48,439,101700,48439101700,48439101700,Random Tract
Woody Ln,Texas,38064444,-97.25456909090,32.65853818200,-97.25263727250,32.65851545430,48,439,111102,48439111102,48439111102,Random Tract
Valley View Ln,Texas,38168120,-97.02353636350,32.83142727320,-97.02259545410,32.83242272730,48,113,014403,48113014403,48113014403,Random Tract
Allister St,Texas,38263999,-96.87734818170,32.90774818190,-96.87429999970,32.90681636380,48,113,009611,48113009611,48113009611,Random Urban
V V Jones Rd,Texas,38285098,-97.07957090880,32.45845727310,-97.07803909080,32.45619090870,48,139,060800,48139060800,48139060800,Random Tract
Sandy Ln,Texas,38297465,-97.19876636390,32.74581272720,-97.19882818150,32.74471181850,48,439,101301,48439101301,48439101301,Random Tract
I 30,Texas,38302648,-97.13660818190,32.75992909130,-97.14029818210,32.75993636410,48,439,113108,48439113108,48439113108,Random Urban
I 35E,Texas,38356476,-96.82440636360,32.73280636390,-96.82455909090,32.73237727310,48,113,005400,48113005400,48113005400,Random Urban
S Denley Dr,Texas,38403349,-96.79909363610,32.70098181820,-96.79757000020,32.69872909110,48,113,005700,48113005700,48113005700,Random Tract
,Texas,39083975,-97.21795999990,27.62927545410,-97.21808636360,27.62907818150,48,355,005101,48355005101,48355005101,Random Tract
Lark Ave,Texas,39134481,-98.23592181800,26.26166818170,-98.23766818180,26.26190181840,48,215,023505,48215023505,48215023505,Random Tract
Bluffcrest,Texas,39330941,-98.49999909080,29.56351000020,-98.49756818190,29.56270727250,48,029,191402,48029191402,48029191402,Random Urban
Encino Bow,Texas,39336220,-98.44795363600,29.62464181830,-98.44801000010,29.62436363640,48,029,121902,48029121902,48029121902,Random Urban
Gold Dust Dr,Texas,39356261,-98.67616636370,29.42939363670,-98.66949999960,29.43015909110,48,029,171910,48029171910,48029171910,Random Urban
Muskogee St,Texas,39362256,-98.58521727320,29.41584363600,-98.58777090890,29.41596818220,48,029,171500,48029171500,48029171500,Random Tract
Wilson St,Texas,39393427,-98.44260090890,29.44788000000,-98.44230999980,29.44788181840,48,029,120100,48029120100,48029120100,Random Urban
N Medina St,Texas,39399864,-98.50500363630,29.42702272700,-98.50488818220,29.42791363680,48,029,110600,48029110600,48029110600,Random Urban
Eagle Trl,Texas,39524477,-97.88355636340,31.12337818150,-97.88305090940,31.12347181800,48,099,010601,48099010601,48099010601,Random Tract
Speight Ave,Texas,39678310,-97.11374545500,31.54642999990,-97.11641818170,31.54668636340,48,309,000300,48309000300,48309000300,Random Tract
Falcons Height,Texas,39732564,-98.36034545490,29.55801181860,-98.36216454510,29.55708272720,48,029,121803,48029121803,48029121803,Random Urban
Galleria Cv,Texas,39837031,-97.75807272720,30.41295727250,-97.75803818150,30.41261272690,48,453,001758,48453001758,48453001758,Random Urban
E Alpine Rd,Texas,39889071,-97.75738727290,30.22462181790,-97.75642272750,30.22407090940,48,453,002308,48453002308,48453002308,Random Tract
Driveway,Texas,40162196,-95.49289545450,29.97630727300,-95.49148181820,29.97574545480,48,201,551000,48201551000,48201551000,Random Tract
Kingwood Dr,Texas,40225714,-95.23794363670,30.04988909050,-95.23814272770,30.04989363660,48,201,251200,48201251200,48201251200,Random Urban
Hickory Bay Ct,Texas,40271520,-95.72600636400,29.75413727260,-95.72667818190,29.75342727320,48,201,454900,48201454900,48201454900,Random Tract
Driveway,Texas,40391422,-95.50416909120,29.67248181840,-95.50306090880,29.67243363630,48,201,422500,48201422500,48201422500,Random Tract
Oakshire Dr,Texas,40400325,-95.45598909070,29.73692818140,-95.45793090870,29.73699909110,48,201,411600,48201411600,48201411600,Random Tract
Stanmore Dr,Texas,40475005,-95.41625636370,29.74974909090,-95.41725818150,29.74954909070,48,201,411100,48201411100,48201411100,Random Tract
Robertson St,Texas,40502083,-95.35746181800,29.80662909070,-95.35748090880,29.80722999970,48,201,210700,48201210700,48201210700,Random Urban
Globe St,Texas,40565502,-95.23311272690,29.65022272720,-95.23714909110,29.65013181830,48,201,320900,48201320900,48201320900,Random Tract
Bayou View Dr,Texas,40917050,-95.04654000020,29.56840363590,-95.04233000030,29.56816181810,48,201,341500,48201341500,48201341500,Random Tract
Oakley St,Utah,41232723,-111.92698090900,40.77798999980,-111.92698181800,40.78017363650,49,035,100600,49035100600,49035100600,Random Tract
S 1380 E,Utah,41339836,-111.85109909100,40.54016636400,-111.85113727300,40.54117272690,49,035,112813,49035112813,49035112813,Random Tract
Bourne Cir,Utah,41348668,-111.81826000000,40.61666727300,-111.81744000000,40.61614181800,49,035,111305,49035111305,49035111305,Random Tract
I 15,Utah,41366511,-111.78142363700,40.35808909100,-111.78102454500,40.35783363680,49,049,000400,49049000400,49049000400,Random Tract
College St,Virginia,41729819,-79.18132000000,37.39679727320,-79.18537909100,37.39601090870,51,680,000203,51680000203,51680000203,Random Tract
Seymour Rd,Virginia,41820254,-78.50818181830,38.04802818210,-78.50980727280,38.04946909110,51,003,010901,51003010901,51003010901,Random Tract
15th St NW,Virginia,41823116,-78.49850090880,38.03807636340,-78.49773818210,38.03956181860,51,540,000202,51540000202,51540000202,Random Tract
Cason Farm Rd,Virginia,41830333,-78.43855000040,38.04383000020,-78.44561181790,38.04424272690,51,003,010500,51003010500,51003010500,Random Tract
Boulder Dr,Virginia,41862399,-77.42947181850,38.44374090890,-77.42767909100,38.44222272740,51,179,010210,51179010210,51179010210,Random Tract
Brookline St,Virginia,41956215,-77.51653909060,37.50011181790,-77.51695454500,37.50003818140,51,760,070700,51760070700,51760070700,Random Tract
Branders Bridge Rd,Virginia,41986685,-77.41506636370,37.25632272710,-77.41570727280,37.25673090870,51,041,100600,51041100600,51041100600,Random Tract
Raina Dr,Virginia,42092569,-77.45264727300,38.84143090950,-77.45225000010,38.84267272760,51,059,491200,51059491200,51059491200,Random Tract
Old Meadow Ln,Virginia,42183584,-77.21248999980,38.91928727310,-77.21459636400,38.91961818220,51,059,471200,51059471200,51059471200,Random Tract
John Tyler Memorial Hwy,Virginia,42256224,-76.97669000040,37.32288727230,-76.98314999980,37.32586090950,51,036,600300,51036600300,51036600300,Random Tract
Farrington Dr,Virginia,42431298,-76.14815636340,36.89271636390,-76.14696272740,36.89038363670,51,810,041200,51810041200,51810041200,Random Tract
London Bridge Rd,Virginia,42442149,-76.05211999960,36.82419909100,-76.05250454520,36.82635181800,51,810,045000,51810045000,51810045000,Random Tract
23rd Ave,Washington,42742112,-122.30277272700,47.60902363670,-122.30275909000,47.61002363610,53,033,008800,53033008800,53033008800,Random Urban
Riviera Pl NE,Washington,42797785,-122.27662636400,47.71081545480,-122.27800727300,47.71591727280,53,033,000900,53033000900,53033000900,Random Tract
Driveway,Washington,42799819,-122.22665090900,47.70219454550,-122.22588727200,47.70152363600,53,033,022203,53033022203,53033022203,Random Tract
Thomson Ave,Washington,42845248,-122.21595090900,47.96110545420,-122.21504454600,47.95828818220,53,061,041000,53061041000,53061041000,Random Tract
263rd Ave SE,Washington,42862544,-121.87924090900,47.88415909120,-121.87950636300,47.88864000010,53,061,052207,53061052207,53061052207,Random Tract
SE Oregon St,Washington,43007285,-122.63173727200,47.49552818190,-122.63451000000,47.49566181840,53,035,092801,53035092801,53035092801,Random Tract
,Washington,43119367,-122.15501091000,47.33868363630,-122.15765636300,47.33858454540,53,033,031205,53033031205,53033031205,Random Tract
Driveway,Wisconsin,43795724,-89.34864181810,43.04130818140,-89.34768181790,43.04079363610,55,025,001502,55025001502,55025001502,Random Urban
Kenwood Ct,Wisconsin,44056532,-88.04920999970,44.50122909100,-88.04982999960,44.50148363610,55,009,000600,55009000600,55009000600,Random Tract
N 91st St,Wisconsin,44153450,-88.02582363630,43.11851727240,-88.02581181830,43.11945181810,55,079,001600,55079001600,55079001600,Random Urban
N 56th St,Wisconsin,44156256,-87.98254000000,43.10836727280,-87.98248363680,43.11202545410,55,079,002900,55079002900,55079002900,Random Urban
S 63rd St,Wisconsin,44174523,-87.99120090930,43.02668363650,-87.99120909130,43.02600818180,55,079,013000,55079013000,55079013000,Random Tract
Rainbow Dr,Wisconsin,44185915,-87.98320727270,42.92650909090,-87.98592727310,42.92626909060,55,079,140202,55079140202,55079140202,Random Tract
S 2nd St,Wisconsin,44201593,-87.91260545500,43.01604999960,-87.91259000010,43.01423272700,55,079,016500,55079016500,55079016500,Random Tract
S Harbor Dr,Wisconsin,44204703,-87.89684181800,43.01218999970,-87.89457181850,43.00711181860,55,079,015400,55079015400,55079015400,Random Tract
Pershing Ave,Wisconsin,44271385,-87.71463090940,43.77986909130,-87.71625272700,43.77984999960,55,117,000200,55117000200,55117000200,Random Tract
Hillview Dr,West Virginia,44292287,-82.37012363650,38.42567454520,-82.36349636330,38.42395727270,54,011,000200,54011000200,54011000200,Random Tract
Newhouse Dr,West Virginia,44327791,-81.61408090880,38.39770090910,-81.61643181850,38.40068272730,54,039,011000,54039011000,54039011000,Random Tract